economy,year,agri_gdp_share,rural_pop_share,gdp_per_capita,total_population,new_displacements,disp_per_100k,agri_gdp_share_lag1,rural_pop_share_lag1,gdp_per_capita_lag1,disp_per_100k_lag1,disp_risk_hist_3yr,log_gdp_per_capita_lag1,log_disp_per_100k,high_displacement_alert
ABW,2011,0.0203949029261921,36.0007394161429,25712.3843015186,102591.0,0.0,0.0,0.0204920878910203,35.8387034450523,24093.1401510626,0.0,0.0,10.089723942654846,0.0,0
ABW,2012,0.0214687486582032,36.1747914800401,25119.6655449838,104110.0,0.0,0.0,0.0203949029261921,36.0007394161429,25712.3843015186,0.0,0.0,10.154766925261653,0.0,0
ABW,2013,0.0178174631618829,36.3617085644674,25813.5714408438,105675.0,0.0,0.0,0.0214687486582032,36.1747914800401,25119.6655449838,0.0,0.0,10.13144611485631,0.0,0
ABW,2014,0.0148129732019303,36.5607468696205,26129.8390617693,106807.0,0.0,0.0,0.0178174631618829,36.3617085644674,25813.5714408438,0.0,0.0,10.158694396007784,0.0,0
ABW,2015,0.0125197907912791,36.7711625956947,27458.2201537506,107906.0,0.0,0.0,0.0148129732019303,36.5607468696205,26129.8390617693,0.0,0.0,10.170871469050365,0.0,0
ABW,2016,0.018611754127868,36.9922119428858,27441.5502144601,108727.0,0.0,0.0,0.0125197907912791,36.7711625956947,27458.2201537506,0.0,0.0,10.220457279565109,0.0,0
ABW,2017,0.023918578557175,37.2231511113891,28440.0416881491,108735.0,0.0,0.0,0.018611754127868,36.9922119428858,27441.5502144601,0.0,0.0,10.219850015366124,0.0,0
ABW,2018,0.0222530069695395,37.4632363014004,30082.1584226798,108908.0,0.0,0.0,0.023918578557175,37.2231511113891,28440.0416881491,0.0,0.0,10.255588510818454,0.0,0
ABW,2019,0.0184193332670534,37.711723713115,30654.4851235397,109203.0,0.0,0.0,0.0222530069695395,37.4632363014004,30082.1584226798,0.0,0.0,10.311720773305565,0.0,0
ABW,2020,0.0215538601290844,37.9971162433635,22664.3709949437,108587.0,0.0,0.0,0.0184193332670534,37.711723713115,30654.4851235397,0.0,0.0,10.330566885337912,0.0,0
ABW,2021,0.029903187516918,38.0724660113157,26827.3447869986,107700.0,0.0,0.0,0.0215538601290844,37.9971162433635,22664.3709949437,0.0,0.0,10.028593531868548,0.0,0
ABW,2022,0.0341749381905228,38.1188342075743,31000.5713798732,107310.0,0.0,0.0,0.029903187516918,38.0724660113157,26827.3447869986,0.0,0.0,10.197214248896348,0.0,0
ABW,2023,0.0395294607296221,38.1648507324411,34897.6183932009,107359.0,0.0,0.0,0.0341749381905228,38.1188342075743,31000.5713798732,0.0,0.0,10.341793171855935,0.0,0
AFG,2011,23.7436639877543,77.1794308427515,606.694676337726,29347708.0,3000.0,10.22226335358114,26.2100685374552,77.7385200989076,560.621505463146,247.48896809085844,247.48896809085844,6.330828145182043,2.41789960466892,0
AFG,2012,24.390873626371,76.6565608689021,651.417134470046,30560034.0,24940.0,81.60985684767235,23.7436639877543,77.1794308427515,606.694676337726,10.22226335358114,128.8556157222198,6.409672578756921,4.414129005703676,0
AFG,2013,22.8106627361766,76.1922863256354,637.087099117099,31622704.0,15210.0,48.098353638575624,24.390873626371,76.6565608689021,651.417134470046,81.60985684767235,113.10702943070397,6.480684134151277,3.893825503455732,0
AFG,2014,22.1370413719574,75.8089833612274,625.054941813938,32792523.0,13180.0,40.192088910023784,22.8106627361766,76.1922863256354,637.087099117099,48.098353638575624,46.64349127994304,6.4584747930192385,3.7182462211709093,0
AFG,2015,20.6343227166798,75.5350881578432,565.569730408751,33831764.0,13980.0,41.32211373902939,22.1370413719574,75.8089833612274,625.054941813938,40.192088910023784,56.633433132090595,6.439438133724786,3.745309732877174,0
AFG,2016,25.7403140364582,75.3411654279874,522.082215583898,34700612.0,5460.0,15.734592807757972,20.6343227166798,75.5350881578432,565.569730408751,41.32211373902939,43.204185429209595,6.339600162758528,2.81747800259302,0
AFG,2017,26.4201990834448,75.1647178761129,525.469770891619,35688935.0,26834.0,75.18857035100655,25.7403140364582,75.3411654279874,522.082215583898,15.734592807757972,32.416265152270384,6.259738651679514,4.333211456048551,0
AFG,2018,22.0428967527575,75.0008354808594,491.337221382603,36743039.0,426397.0,1160.4837585698886,26.4201990834448,75.1647178761129,525.469770891619,75.18857035100655,44.0817589659313,6.266193914715114,7.057453568961505,1
AFG,2019,25.7739707394105,74.8562741160197,496.6025042585,37856121.0,116471.0,307.6675499848492,22.0428967527575,75.0008354808594,491.337221382603,1160.4837585698886,417.13564057621767,6.199163891020855,5.732264807695948,0
AFG,2020,29.9755825210461,74.7377896553863,510.787063366811,39068979.0,49232.0,126.01301917820787,25.7739707394105,74.8562741160197,496.6025042585,307.6675499848492,514.4466263019148,6.20980157408614,4.844289594418706,0
AFG,2021,33.5976188725451,74.6521379727519,356.496214115892,40000412.0,24979.0,62.446856797374984,29.9755825210461,74.7377896553863,510.787063366811,126.01301917820787,531.3881092443152,6.237908646670804,4.150202654672895,0
AFG,2022,33.7014323213923,74.6060749419091,357.261152798144,40578842.0,73326.0,180.7000801057852,33.5976188725451,74.6521379727519,356.496214115892,62.446856797374984,165.37580865347735,5.879124772192372,5.202357416270411,0
AFG,2023,34.7432471445174,74.5269470368833,413.757894705303,41454761.0,37161.0,89.64229705726683,33.7014323213923,74.6060749419091,357.261152798144,180.7000801057852,123.05331869378934,5.881262197551399,4.506920959042794,0
AGO,2011,9.55630602212879,39.1568389603927,5184.15269151846,24218352.0,227500.0,939.3702758965597,10.0913068589156,39.8689710464947,4101.63715564669,338.7018361374254,338.7018361374254,8.31938525461666,6.84627370822992,1
AGO,2012,9.69697932366603,38.4885776050668,5702.45306277434,25177394.0,6380.0,25.340192078655956,9.55630602212879,39.1568389603927,5184.15269151846,939.3702758965597,639.0360560169926,8.553554568931752,3.2710959885685753,0
AGO,2013,10.3295507034721,37.8666924787639,5688.57916213471,26165620.0,2400.0,9.172341415949631,9.69697932366603,38.4885776050668,5702.45306277434,25.340192078655956,434.47076803754703,8.648827070886327,2.319672411285794,0
AGO,2014,11.4782158930435,37.276884206759,5649.68762467535,27160769.0,0.0,0.0,10.3295507034721,37.8666924787639,5688.57916213471,9.172341415949631,324.6276031303884,8.646391563424622,0.0,0
AGO,2015,13.663772327968,36.48432167315,3641.72893920253,28157798.0,5580.0,19.8168905111117,11.4782158930435,37.276884206759,5649.68762467535,0.0,11.504177831535197,8.639532520217582,3.0357647009815327,0
AGO,2016,14.4558424371022,35.7007697482011,2082.37343594705,29183070.0,19000.0,65.10624139269788,13.663772327968,36.48432167315,3641.72893920253,19.8168905111117,9.663077309020444,8.20048838831182,4.191263165890158,0
AGO,2017,14.709941688499,34.9149474913932,2832.14997950512,30234839.0,13914.0,46.019758861623174,14.4558424371022,35.7007697482011,2082.37343594705,65.10624139269788,28.307710634603193,7.641743703131657,3.8505679146773177,0
AGO,2018,13.1933917283997,34.1267863276628,2891.83032378747,31297155.0,11058.0,35.33228499523359,14.709941688499,34.9149474913932,2832.14997950512,46.019758861623174,43.64763025514426,7.949144438600474,3.5927067398025736,0
AGO,2019,12.3210508241048,33.3362176819467,2507.86807213642,32375632.0,6684.0,20.645156826591062,13.1933917283997,34.1267863276628,2891.83032378747,35.33228499523359,48.819428416518214,7.969990652646882,3.0747817262634487,0
AGO,2020,15.1097674669231,32.5431729791813,1749.1794838482,33451132.0,24572.0,73.45640799241114,12.3210508241048,33.3362176819467,2507.86807213642,20.645156826591062,33.99906689448261,7.827586963133179,4.3102138265129,0
AGO,2021,16.8317967997029,31.7475836443031,2266.96834861584,34532429.0,21285.0,61.63771450887512,15.1097674669231,32.5431729791813,1749.1794838482,73.45640799241114,43.144616604745266,7.467473623857389,4.137367564887843,0
AGO,2022,19.4301170178768,30.9493811022487,3598.53669077341,35635029.0,1786.0,5.0119223980426675,16.8317967997029,31.7475836443031,2266.96834861584,61.63771450887512,51.91309310929245,7.726639709113507,1.7937445639635534,0
AGO,2023,20.9093369427559,30.1484967779543,2885.51349130806,36749906.0,79387.0,216.01960015897725,19.4301170178768,30.9493811022487,3598.53669077341,5.0119223980426675,46.70201496644298,8.188560419154644,5.379987672774814,0
ALB,2011,16.7202229491786,46.7082617107535,4465.70914328865,2905195.0,0.0,0.0,16.3586081914252,48.1184225707284,4149.14469936847,0.0,0.0,8.330898479934596,0.0,0
ALB,2012,17.5913685516371,46.1362446338551,4280.93316338873,2860708.0,0.0,0.0,16.7202229491786,46.7082617107535,4465.70914328865,0.0,0.0,8.404407206917165,0.0,0
ALB,2013,18.924817420614,45.7020321941452,4542.92903556739,2816902.0,452.0,16.04599663034071,17.5913685516371,46.1362446338551,4280.93316338873,0.0,0.0,8.362159860290943,2.835915374419734,0
ALB,2014,19.2377589164282,45.2674186821327,4793.59751131525,2773767.0,24.0,0.8652493161826498,18.924817420614,45.7020321941452,4542.92903556739,16.04599663034071,5.348665543446903,8.421547343106369,0.6233947257604662,0
ALB,2015,18.7471602773412,44.8420708625106,4199.53912925398,2731293.0,4200.0,153.77332274494168,19.2377589164282,45.2674186821327,4793.59751131525,0.8652493161826498,5.637081982174453,8.475245044548405,5.041961612615463,0
ALB,2016,19.167190753497,44.4261265535724,4457.63412207495,2689469.0,3029.0,112.6244623009226,18.7471602773412,44.8420708625106,4199.53912925398,153.77332274494168,56.89485623048835,8.342968160141583,4.732898820261342,0
ALB,2017,18.079078214296,44.019723573454,5006.36012951959,2648285.0,3500.0,132.16100230904152,19.167190753497,44.4261265535724,4457.63412207495,112.6244623009226,89.08767812068231,8.40259774745396,4.891558939781541,0
ALB,2018,17.9155558179549,43.622999740108,5897.65452588774,2607733.0,108.0,4.141528292965576,18.079078214296,44.019723573454,5006.36012951959,132.16100230904152,132.85292911830194,8.518664134952077,1.6373503685340849,0
ALB,2019,18.1603973706713,43.2360928712745,6069.43903131027,2567801.0,0.0,0.0,17.9155558179549,43.622999740108,5897.65452588774,4.141528292965576,82.97566430097656,8.682479557427557,0.0,0
ALB,2020,18.8061378649169,42.8591407844456,6027.91350716348,2528480.0,0.0,0.0,18.1603973706713,43.2360928712745,6069.43903131027,0.0,45.4341768673357,8.7111862094957,0.0,0
ALB,2021,17.793224984541,42.4922812968222,7242.45513146613,2489762.0,250.0,10.04112039624671,18.8061378649169,42.8591407844456,6027.91350716348,0.0,1.3805094309885255,8.704322092253388,2.4016265208669525,0
ALB,2022,16.9844754476574,42.1356522252617,7756.96188744253,2451636.0,320.0,13.052508610576774,17.793224984541,42.4922812968222,7242.45513146613,10.04112039624671,3.3470401320822365,8.887853599645704,2.6428009286373157,0
ALB,2023,16.2742388313006,41.7893913862143,9740.7023414631,2411658.0,13.0,0.539048239841636,16.9844754476574,42.1356522252617,7756.96188744253,13.052508610576774,7.697876335607828,8.956474935309647,0.4311641992918394,0
AND,2011,0.490560827241276,11.3111659680237,46657.1561204071,77783.0,0.0,0.0,0.466508601972863,11.2395273943391,42746.830952263,0.0,0.0,10.663073735118932,0.0,0
AND,2012,0.601164453935572,11.3709032917076,41500.5435782722,76834.0,0.0,0.0,0.490560827241276,11.3111659680237,46657.1561204071,0.0,0.0,10.750603027443692,0.0,0
AND,2013,0.585558984254785,11.4190600878947,42470.3161158563,75194.0,0.0,0.0,0.601164453935572,11.3709032917076,41500.5435782722,0.0,0.0,10.633485900184247,0.0,0
AND,2014,0.537623493009676,11.455957079089,44369.6596894579,73737.0,0.0,0.0,0.585558984254785,11.4190600878947,42470.3161158563,0.0,0.0,10.656584212133875,0.0,0
AND,2015,0.513420109683398,11.4819149877943,38654.9347217207,72174.0,0.0,0.0,0.537623493009676,11.455957079089,44369.6596894579,0.0,0.0,10.700333712178992,0.0,0
AND,2016,0.521999648433619,11.4972545365147,40129.8192026671,72181.0,0.0,0.0,0.513420109683398,11.4819149877943,38654.9347217207,0.0,0.0,10.562455592595853,0.0,0
AND,2017,0.559538512516191,11.5022964477539,40672.9943362327,73763.0,0.0,0.0,0.521999648433619,11.4972545365147,40129.8192026671,0.0,0.0,10.599899876774685,0.0,0
AND,2018,0.546367882815281,11.4919001506209,42819.774579353,75162.0,0.0,0.0,0.559538512516191,11.5022964477539,40672.9943362327,0.0,0.0,10.613344207411155,0.0,0
AND,2019,0.522633248415779,11.4608206333755,41257.8045861543,76474.0,0.0,0.0,0.546367882815281,11.4919001506209,42819.774579353,0.0,0.0,10.664778651175606,0.0,0
AND,2020,0.559442769715814,11.4092219572483,37361.090067211,77380.0,0.0,0.0,0.522633248415779,11.4608206333755,41257.8045861543,0.0,0.0,10.627619813499619,0.0,0
AND,2021,0.531844879169824,11.3372681834701,42425.6996761083,78364.0,0.0,0.0,0.559442769715814,11.4092219572483,37361.090067211,0.0,0.0,10.528411834761137,0.0,0
AND,2022,0.487491862156614,11.2451233732714,42414.0590111349,79705.0,0.0,0.0,0.531844879169824,11.3372681834701,42425.6996761083,0.0,0.0,10.655533152378492,0.0,0
AND,2023,0.47849213558896,11.1798390782918,46812.448450114,80856.0,0.0,0.0,0.487491862156614,11.2451233732714,42414.0590111349,0.0,0.0,10.655258743520719,0.0,0
ARE,2011,0.65018165697003,16.4304992204653,51921.8890746408,7104538.0,0.0,0.0,0.732325154252682,16.6285700855822,44795.2846234991,0.0,0.0,10.709880482452805,0.0,0
ARE,2012,0.627730308351473,16.2356755248512,53141.6251661086,7391448.0,0.0,0.0,0.65018165697003,16.4304992204653,51921.8890746408,0.0,0.0,10.857514994564854,0.0,0
ARE,2013,0.631291108343877,16.0441864185374,53247.2278745159,7693031.0,0.0,0.0,0.627730308351473,16.2356755248512,53141.6251661086,0.0,0.0,10.880734619036572,0.0,0
ARE,2014,0.625619164911727,15.8561193212981,52725.2307981936,8059440.0,0.0,0.0,0.631291108343877,16.0441864185374,53247.2278745159,0.0,0.0,10.882719803666088,0.0,0
ARE,2015,0.716283676441238,15.6715616528807,44910.3458860776,8505237.0,0.0,0.0,0.625619164911727,15.8561193212981,52725.2307981936,0.0,0.0,10.87286834880507,0.0,0
ARE,2016,0.740828105142589,15.4906008330016,42721.1136110991,8935095.0,0.0,0.0,0.716283676441238,15.6715616528807,44910.3458860776,0.0,0.0,10.712445734149272,0.0,0
ARE,2017,0.753711714951803,15.313324281341,43733.6242018215,9223225.0,840.0,9.107443437626209,0.740828105142589,15.4906008330016,42721.1136110991,0.0,0.0,10.662471948325425,2.3132721264376066,0
ARE,2018,0.705621193856789,15.1398194175375,47135.3478795605,9346701.0,0.0,0.0,0.753711714951803,15.313324281341,43733.6242018215,9.107443437626209,3.0358144792087365,10.685895383198346,0.0,0
ARE,2019,0.734600479758574,14.9701736611805,45938.6084572227,9445785.0,210.0,2.2232138461758337,0.705621193856789,15.1398194175375,47135.3478795605,0.0,3.0358144792087365,10.760799699572031,1.1703789506712767,0
ARE,2020,0.96297291257111,14.8044744318016,37991.738387966,9401038.0,600.0,6.3822739574076826,0.734600479758574,14.9701736611805,45938.6084572227,2.2232138461758337,3.776885761267348,10.735082953290416,1.999081715461819,0
ARE,2021,0.890366137304479,14.6428091488645,44118.4936214315,9575152.0,0.0,0.0,0.96297291257111,14.8044744318016,37991.738387966,6.3822739574076826,2.868495934527839,10.54515032539401,0.0,0
ARE,2022,0.740907378602023,14.4852652317513,50759.7590190204,10074977.0,0.0,0.0,0.890366137304479,14.6428091488645,44118.4936214315,0.0,2.868495934527839,10.694656995999477,0.0,0
ARE,2023,0.764071417912981,14.3319300997474,49850.6945082084,10483751.0,0.0,0.0,0.740907378602023,14.4852652317513,50759.7590190204,0.0,2.1274246524692275,10.834878874809917,0.0,0
ARG,2011,6.99873377085717,8.89277132615941,12704.2831819684,41730660.0,0.0,0.0,7.13216744789716,9.00699480590229,10260.1313108254,0.0,0.0,9.23611837685911,0.0,0
ARG,2012,5.78174420692637,8.79587827532031,12949.717486654,42161721.0,2000.0,4.7436393784779325,6.99873377085717,8.89277132615941,12704.2831819684,0.0,0.0,9.449773184523451,1.748093047476622,0
ARG,2013,6.05291843703277,8.6985492280527,12963.675773326,42582455.0,6300.0,14.794825709320893,5.78174420692637,8.79587827532031,12949.717486654,4.7436393784779325,1.5812131261593108,9.468906469967745,2.759682399645582,0
ARG,2014,6.7127035133689,8.60246545270461,12233.1444119186,43024071.0,32100.0,74.60939714421724,6.05291843703277,8.6985492280527,12963.675773326,14.794825709320893,6.512821695932942,9.469983689817873,4.3255805763102115,0
ARG,2015,5.15668590274786,8.50769808913719,13679.6264980954,43477012.0,36020.0,82.84837973685956,6.7127035133689,8.60246545270461,12233.1444119186,74.60939714421724,31.382620744005354,9.411986043878551,4.429010164729622,0
ARG,2016,6.2645658204639,8.4143182771783,12699.9623137756,43900313.0,12540.0,28.564716611473816,5.15668590274786,8.50769808913719,13679.6264980954,82.84837973685956,57.41753419679923,9.523735986772309,3.386581643956224,0
ARG,2017,5.23162237679509,8.3223971566176,14532.5009308511,44288894.0,17858.0,40.32162103664183,6.2645658204639,8.4143182771783,12699.9623137756,28.564716611473816,62.007497830850205,9.44943304231431,3.7213858747655952,0
ARG,2018,4.53787889696835,8.2320058672002,11752.7998922979,44654882.0,16072.0,35.991585421723876,5.23162237679509,8.3223971566176,14532.5009308511,40.32162103664183,50.578239128325066,9.58421167254182,3.6106904657456496,0
ARG,2019,5.31855599661392,8.14321554861981,9955.97478680428,44973465.0,22618.0,50.291877666085995,4.53787889696835,8.2320058672002,11752.7998922979,35.991585421723876,34.959307689946506,9.371931862380567,3.9375324095454016,0
ARG,2020,6.35703367590492,8.05609734051031,8535.59938004389,45191965.0,3705.0,8.19836004033018,5.31855599661392,8.14321554861981,9955.97478680428,50.291877666085995,42.20169470815057,9.206028568176812,2.219025211679569,0
ARG,2021,7.29128249619051,7.9707223824349,10738.0179223384,45312281.0,707.0,1.5602834030800614,6.35703367590492,8.05609734051031,8535.59938004389,8.19836004033018,31.49394104271335,9.052118008422225,0.9401179566923482,0
ARG,2022,6.5415694049027,7.887161813874,13962.1894087223,45407904.0,735.0,1.6186609274015378,7.29128249619051,7.9707223824349,10738.0179223384,1.5602834030800614,20.016840369832078,9.281638922758807,0.9626630907070878,0
ARG,2023,5.8467786039042,7.8054867742093,14261.8465667948,45538401.0,9843.0,21.61472468038568,6.5415694049027,7.887161813874,13962.1894087223,1.6186609274015378,3.7924347902705926,9.544179817895117,3.1186012286521043,0
ARM,2011,,35.6792550854806,3349.55309771906,3027900.0,0.0,0.0,,35.6695835956868,3041.34450723339,0.0,0.0,8.020383716648002,0.0,0
ARM,2012,17.9126819526397,35.6731620493002,3511.56399687426,3024100.0,0.0,0.0,,35.6792550854806,3349.55309771906,0.0,0.0,8.116880714987715,0.0,0
ARM,2013,18.4347628834968,35.6415938868534,3680.16692158886,3022000.0,0.0,0.0,17.9126819526397,35.6731620493002,3511.56399687426,0.0,0.0,8.164101533226702,0.0,0
ARM,2014,18.0720363470662,35.5857065766709,3852.11800610384,3013800.0,0.0,0.0,18.4347628834968,35.6415938868534,3680.16692158886,0.0,0.0,8.210985079155792,0.0,0
ARM,2015,17.2231200318056,35.5070376568451,3512.39350276709,3004600.0,0.0,0.0,18.0720363470662,35.5857065766709,3852.11800610384,0.0,0.0,8.25663797122797,0.0,0
ARM,2016,16.39047353385,35.4071246654684,3524.42476874707,2992300.0,0.0,0.0,17.2231200318056,35.5070376568451,3512.39350276709,0.0,0.0,8.164337659305383,0.0,0
ARM,2017,14.9942601242776,35.2875051406333,3869.05373867752,2979400.0,0.0,0.0,16.39047353385,35.4071246654684,3524.42476874707,0.0,0.0,8.167756209758831,0.0,0
ARM,2018,13.9423116554146,35.1497166204321,4196.00562301769,2969000.0,0.0,0.0,14.9942601242776,35.2875051406333,3869.05373867752,0.0,0.0,8.261023671890602,0.0,0
ARM,2019,11.5256107379588,34.9952966429572,4597.22887399548,2962500.0,0.0,0.0,13.9423116554146,35.1497166204321,4196.00562301769,0.0,0.0,8.342126603103408,0.0,0
ARM,2020,11.3498051554549,34.825782746301,4268.68093304583,2961500.0,0.0,0.0,11.5256107379588,34.9952966429572,4597.22887399548,0.0,0.0,8.43342648094282,0.0,0
ARM,2021,11.3435484176857,34.6427124685559,4685.17997128509,2962300.0,0.0,0.0,11.3498051554549,34.825782746301,4268.68093304583,0.0,0.0,8.359294380490686,0.0,0
ARM,2022,10.1467039255683,34.4375537125515,6571.97445545099,2969200.0,0.0,0.0,11.3435484176857,34.6427124685559,4685.17997128509,0.0,0.0,8.452373024494369,0.0,0
ARM,2023,8.10223799188799,34.3043117991148,8159.08720967996,2964300.0,0.0,0.0,10.1467039255683,34.4375537125515,6571.97445545099,0.0,0.0,8.790721741971375,0.0,0
ASM,2011,,13.9715008275525,10383.459331451,54895.0,0.0,0.0,,13.6809326450331,10375.1720141957,0.0,0.0,9.24726730394249,0.0,0
ASM,2012,,14.2838825655549,11745.4899153958,54489.0,0.0,0.0,,13.9715008275525,10383.459331451,0.0,0.0,9.248065672504362,0.0,0
ASM,2013,,14.6153534805239,11813.5022034589,54006.0,0.0,0.0,,14.2838825655549,11745.4899153958,0.0,0.0,9.371309744338816,0.0,0
ASM,2014,,14.9648551998458,12026.3344929488,53466.0,0.0,0.0,,14.6153534805239,11813.5022034589,0.0,0.0,9.377083056144231,0.0,0
ASM,2015,,15.331329350907,12727.4102651386,52878.0,0.0,0.0,,14.9648551998458,12026.3344929488,0.0,0.0,9.394937212759643,0.0,0
ASM,2016,,15.7137175610939,12843.3342903627,52245.0,0.0,0.0,,15.331329350907,12727.4102651386,0.0,0.0,9.451591802774272,0.0,0
ASM,2017,,16.1109614577929,11863.6839452565,51586.0,0.0,0.0,,15.7137175610939,12843.3342903627,0.0,0.0,9.460658081837597,0.0,0
ASM,2018,,16.5220026683903,12552.0546868861,50908.0,4600.0,9035.907912312407,,16.1109614577929,11863.6839452565,0.0,0.0,9.381321530947147,9.10907234977727,1
ASM,2019,,16.9457828202726,12886.1359517218,50209.0,0.0,0.0,,16.5220026683903,12552.0546868861,9035.907912312407,3011.9693041041355,9.437719316288135,0.0,0
ATG,2011,1.41518526297013,74.305310140278,14911.7275084471,86332.0,0.0,0.0,1.21464881302167,73.9829552149413,15217.3950790922,0.0,0.0,9.630260177701372,0.0,0
ATG,2012,1.37701946118754,74.5444381411733,15639.8078114787,87260.0,0.0,0.0,1.41518526297013,74.305310140278,14911.7275084471,0.0,0.0,9.609970322514245,0.0,0
ATG,2013,1.48400040236501,74.7524332332063,15051.5113587425,88064.0,0.0,0.0,1.37701946118754,74.5444381411733,15639.8078114787,0.0,0.0,9.657638663115769,0.0,0
ATG,2014,1.44123185699971,74.9100273892259,15532.1062063584,88765.0,0.0,0.0,1.48400040236501,74.7524332332063,15051.5113587425,0.0,0.0,9.619300123946688,0.0,0
ATG,2015,1.44568317612291,75.0,16077.6340769406,89409.0,0.0,0.0,1.44123185699971,74.9100273892259,15532.1062063584,0.0,0.0,9.65072890943047,0.0,0
ATG,2016,1.45850375317323,75.0760192528345,16556.8551801588,89969.0,0.0,0.0,1.44568317612291,75.0,16077.6340769406,0.0,0.0,9.685246593660993,0.0,0
ATG,2017,1.66091151055353,75.1499736163129,16965.7288273816,90468.0,1400.0,1547.508511296812,1.45850375317323,75.0760192528345,16556.8551801588,0.0,0.0,9.714615901444704,7.345047495876558,1
ATG,2018,1.62679191195975,75.2218567906236,18273.4270684912,90926.0,0.0,0.0,1.66091151055353,75.1499736163129,16965.7288273816,1547.508511296812,515.8361704322707,9.739009577560156,0.0,0
ATG,2019,1.64671204635507,75.291662475955,18896.3721832248,91364.0,0.0,0.0,1.62679191195975,75.2218567906236,18273.4270684912,0.0,515.8361704322707,9.813257933565183,0.0,0
ATG,2020,2.27894065728784,75.3593843724957,15369.6082250401,91846.0,0.0,0.0,1.64671204635507,75.291662475955,18896.3721832248,0.0,515.8361704322707,9.846778153456452,0.0,0
ATG,2021,2.08080004808426,75.425016180434,17348.6006987182,92349.0,0.0,0.0,2.27894065728784,75.3593843724957,15369.6082250401,0.0,0.0,9.640212407970898,0.0,0
ATG,2022,1.9656137257913,75.4885515999586,20003.3909394099,92840.0,0.0,0.0,2.08080004808426,75.425016180434,17348.6006987182,0.0,0.0,9.761324770627066,0.0,0
ATG,2023,2.21508602503399,75.5499843312578,22012.2625947994,93316.0,300.0,321.4882763941875,1.9656137257913,75.4885515999586,20003.3909394099,0.0,0.0,9.903707075409713,5.776066783308982,0
AUS,2011,2.30485962261499,13.6731053853577,62799.3895017032,22340024.0,10000.0,44.76270929699986,2.21824837320556,13.7801399487857,52313.8939041213,4.538904081609495,4.538904081609495,10.865036387792854,3.8234695519841035,0
AUS,2012,2.27317856495351,13.5548740863375,68301.4402512587,22733465.0,16000.0,70.38082404068187,2.30485962261499,13.6731053853577,62799.3895017032,44.76270929699986,24.650806689304677,11.047716554693476,4.26802926241513,0
AUS,2013,2.29076813252161,13.4259484239757,68476.6788496118,23128129.0,12732.0,55.04984860643073,2.27317856495351,13.5548740863375,68301.4402512587,70.38082404068187,39.89414580643041,11.131700773343166,4.026241448469574,0
AUS,2014,2.22695769265967,13.2778710656644,62817.2061751737,23475686.0,1171.0,4.988139643714778,2.29076813252161,13.4259484239757,68476.6788496118,55.04984860643073,56.731127314704146,11.1342631149376,1.7897807868791114,0
AUS,2015,2.37664391487055,13.1221357460639,56970.3613028094,23815995.0,5711.0,23.979682562076455,2.22695769265967,13.2778710656644,62817.2061751737,4.988139643714778,43.4729374302758,11.048000217689292,3.2180627969336,0
AUS,2016,2.41300232330254,12.9833704750765,50084.4440606385,24190907.0,3238.0,13.385194693196084,2.37664391487055,13.1221357460639,56970.3613028094,23.979682562076455,28.00589027074065,10.950303987270745,2.6661995313711553,0
AUS,2017,2.72098319651067,12.87190733555,54117.547718609,24592588.0,30939.0,125.80619819272377,2.41300232330254,12.9833704750765,50084.4440606385,13.385194693196084,14.117672299662436,10.821485707146891,4.842659922454543,0
AUS,2018,2.47191752630847,12.7732319154075,57410.1737346009,24963258.0,11258.0,45.098280040209495,2.72098319651067,12.87190733555,54117.547718609,125.80619819272377,54.39035848266544,10.89893224745699,3.8307756399835884,0
AUS,2019,2.12424911197662,12.6980352111594,55194.7585097428,25334826.0,24754.0,97.70740087182757,2.47191752630847,12.7732319154075,57410.1737346009,45.098280040209495,61.42989097537645,10.957994227728879,4.592159927132139,0
AUS,2020,2.01512715396535,12.7286529541015,51983.4523666382,25649248.0,51893.0,202.31782233927484,2.12424911197662,12.6980352111594,55194.7585097428,97.70740087182757,89.53729303492027,10.918641390721335,5.314770382012171,0
AUS,2021,2.30537875480088,12.7646592367239,60758.9044397144,25685412.0,48934.0,190.51280937210586,2.01512715396535,12.7286529541015,51983.4523666382,202.31782233927484,115.0411677504373,10.858699959906996,5.254954696055258,0
AUS,2022,2.67242699950618,12.6656731746187,65169.5191118657,26018721.0,17287.0,66.44062173540352,2.30537875480088,12.7646592367239,60758.9044397144,190.51280937210586,163.5126775277361,11.014685383958545,4.2112475327407175,0
AUS,2023,2.57169831894523,12.5133044346235,65058.3773146674,26659922.0,4674.0,17.53193426447384,2.67242699950618,12.6656731746187,65169.5191118657,66.44062173540352,153.09041781559475,11.084762484798242,2.919495420412013,0
AUT,2011,1.46130648071081,32.8515744584944,51116.8953522042,8391643.0,0.0,0.0,1.29288595990855,32.8952570745253,46611.1393420232,0.0,0.0,10.749616287091055,0.0,0
AUT,2012,1.41768134316306,32.7914090187721,48250.4059142637,8429991.0,0.0,0.0,1.46130648071081,32.8515744584944,51116.8953522042,0.0,0.0,10.841889917472349,0.0,0
AUT,2013,1.27784992108872,32.7018691215753,50305.3545774973,8479823.0,1000.0,11.792698974966813,1.41768134316306,32.7914090187721,48250.4059142637,0.0,0.0,10.78418024446208,2.5488746156091207,0
AUT,2014,1.27555801772568,32.5845672408219,51314.9722616322,8546356.0,0.0,0.0,1.27784992108872,32.7018691215753,50305.3545774973,11.792698974966813,3.930899658322271,10.825886681657074,0.0,0
AUT,2015,1.14362854172989,32.4423824462617,43915.228020857,8642699.0,0.0,0.0,1.27555801772568,32.5845672408219,51314.9722616322,0.0,3.930899658322271,10.84575733282875,0.0,0
AUT,2016,1.14928264077268,32.2781938076444,45061.4993920192,8736668.0,251.0,2.872948817558364,1.14362854172989,32.4423824462617,43915.228020857,0.0,3.930899658322271,10.69003918954574,1.354016185252514,0
AUT,2017,1.19990203076681,32.0948803947198,47163.7425775142,8797566.0,0.0,0.0,1.14928264077268,32.2781938076444,45061.4993920192,2.872948817558364,0.957649605852788,10.71580568053536,0.0,0
AUT,2018,1.10911414021412,31.8953212772377,51194.0749841299,8840521.0,0.0,0.0,1.19990203076681,32.0948803947198,47163.7425775142,0.0,0.957649605852788,10.761401913155654,0.0,0
AUT,2019,1.04463413653499,31.6823955249478,49885.9947355204,8879920.0,273.0,3.07435202118938,1.10911414021412,31.8953212772377,51194.0749841299,0.0,0.957649605852788,10.843398614684666,1.4047117208438258,0
AUT,2020,1.07138113272871,31.4589822075999,48716.4098900349,8916864.0,0.0,0.0,1.04463413653499,31.6823955249478,49885.9947355204,3.07435202118938,1.0247840070631267,10.817515621227933,0.0,0
AUT,2021,1.2152388657488,31.226398299747,53648.6437976214,8955797.0,67.0,0.7481187883110795,1.07138113272871,31.4589822075999,48716.4098900349,0.0,1.0247840070631267,10.793791737793944,0.558540231624094,0
AUT,2022,1.34649596457301,31.001914872094,52336.7725223758,9041851.0,0.0,0.0,1.2152388657488,31.226398299747,53648.6437976214,0.7481187883110795,1.274156936500153,10.890230108663484,0.0,0
AUT,2023,1.24176172038934,30.7734641723979,56579.504175468,9131761.0,670.0,7.337029517088763,1.34649596457301,31.001914872094,52336.7725223758,0.0,0.2493729294370265,10.865473617333203,2.1207069799150435,0
AZE,2011,5.07622595138436,46.4914538106751,7189.81869211976,9173082.0,0.0,0.0,5.54456611326975,46.7151632285131,5843.5337683582,353.4219862934118,353.4219862934118,8.673262104832178,0.0,0
AZE,2012,5.13976950772418,46.1923557723792,7495.86527658099,9295784.0,0.0,0.0,5.07622595138436,46.4914538106751,7189.81869211976,0.0,176.7109931467059,8.880560309618145,0.0,0
AZE,2013,5.3662644804235,45.8178912568682,7875.34536661549,9416801.0,0.0,0.0,5.13976950772418,46.1923557723792,7495.86527658099,0.0,117.8073287644706,8.922240249030935,0.0,0
AZE,2014,5.31940671805552,45.3680824073849,7890.84028062087,9535079.0,0.0,0.0,5.3662644804235,45.8178912568682,7875.34536661549,0.0,0.0,8.97161928930745,0.0,0
AZE,2015,6.17763883780802,44.8429513671724,5500.50364628486,9649341.0,0.0,0.0,5.31940671805552,45.3680824073849,7890.84028062087,0.0,0.0,8.973584628800468,0.0,0
AZE,2016,5.60511177455763,44.2425202794734,3880.6852276838,9757812.0,0.0,0.0,6.17763883780802,44.8429513671724,5500.50364628486,0.0,0.0,8.612776724089873,0.0,0
AZE,2017,5.60736901068842,43.5668112875309,4147.1981423222,9854033.0,0.0,0.0,5.60511177455763,44.2425202794734,3880.6852276838,0.0,0.0,8.264024675352202,0.0,0
AZE,2018,5.21238076212356,42.8158465345877,4739.7943123408,9939771.0,390.0,3.923631641010643,5.60736901068842,43.5668112875309,4147.1981423222,0.0,0.0,8.330429336367235,1.5940463966308367,0
AZE,2019,5.69538024963307,41.8691808022221,4805.75371765917,10024283.0,0.0,0.0,5.21238076212356,42.8158465345877,4739.7943123408,3.923631641010643,1.3078772136702144,8.463959977092966,0.0,0
AZE,2020,6.7389474235341,41.7065308238063,4229.91064904503,10093121.0,0.0,0.0,5.69538024963307,41.8691808022221,4805.75371765917,0.0,1.3078772136702144,8.477777232476846,0.0,0
AZE,2021,5.72598365721349,41.6340030255182,5408.04535175023,10137750.0,0.0,0.0,6.7389474235341,41.7065308238063,4229.91064904503,0.0,1.3078772136702144,8.350172532332346,0.0,0
AZE,2022,4.61220830811053,41.5617184145316,7770.594223351,10141756.0,190.0,1.8734428239054461,5.72598365721349,41.6340030255182,5408.04535175023,0.0,0.0,8.595827896334379,1.0555109010490422,0
AZE,2023,5.51058894617326,41.4924649516298,7133.02838048328,10153958.0,1702.0,16.76193657685013,4.61220830811053,41.5617184145316,7770.594223351,1.8734428239054461,0.6244809413018154,8.958230599066273,2.877057773108742,0
BDI,2011,36.7043515146528,88.4383347769994,230.069761381132,9717978.0,0.0,0.0,38.4305452876335,89.0156902664513,216.727705301976,15.997535952862302,15.997535952862302,5.3832452238178385,0.0,0
BDI,2012,35.5104159871754,87.7755403195385,231.098787811507,10071028.0,0.0,0.0,36.7043515146528,88.4383347769994,230.069761381132,0.0,7.998767976431151,5.442719662250699,0.0,0
BDI,2013,38.3671182602277,87.0329037254108,234.844770150871,10439341.0,0.0,0.0,35.5104159871754,87.7755403195385,231.098787811507,0.0,5.332511984287434,5.447163090567516,0.0,0
BDI,2014,34.9578238431604,86.2160218259587,250.544492155185,10799785.0,12000.0,111.11332308930224,38.3671182602277,87.0329037254108,234.844770150871,0.0,0.0,5.463173835012804,4.7195101730543865,0
BDI,2015,35.2477391830275,85.3304914525246,254.402585226788,11047580.0,3100.0,28.060444006741747,34.9578238431604,86.2160218259587,250.544492155185,111.11332308930224,37.037774363100745,5.527619881071239,3.369377936991063,0
BDI,2016,35.5553158342758,84.3819094364506,232.937812100153,11239451.0,6600.0,58.721729379842486,35.2477391830275,85.3304914525246,254.402585226788,28.060444006741747,46.391255698681334,5.542841065813411,4.089695930387051,0
BDI,2017,37.4034350043265,83.3758726090791,246.060725714184,11506762.0,10903.0,94.75298089940506,35.5553158342758,84.3819094364506,232.937812100153,58.721729379842486,65.96516549196217,5.45505531978143,4.56177175968483,0
BDI,2018,35.3539025487206,82.3179778017525,245.661678332009,11859446.0,36086.0,304.2806552683827,37.4034350043265,83.3758726090791,246.060725714184,94.75298089940506,60.51171809532976,5.5096341595049205,5.721231534708033,0
BDI,2019,34.2483545998177,81.213821845813,234.31061590725,12255336.0,27065.0,220.8425782858993,35.3539025487206,82.3179778017525,245.661678332009,304.2806552683827,152.58512184921008,5.508017674347276,5.401968023516847,0
BDI,2020,31.1053893979777,80.0690015726029,252.702452750006,12617036.0,51698.0,409.74758255425445,34.2483545998177,81.213821845813,234.31061590725,220.8425782858993,206.62540481789566,5.460906411193499,6.017978871456977,1
BDI,2021,33.9937846199417,78.8891138134646,264.172844085398,12965481.0,64079.0,494.22771125884185,31.1053893979777,80.0690015726029,252.702452750006,409.74758255425445,311.6236053695121,5.536162134473386,6.205017679535802,1
BDI,2022,35.331208452642,77.6797553997403,301.832255755105,13321097.0,12866.0,96.58363721846632,33.9937846199417,78.8891138134646,264.172844085398,494.22771125884185,374.93929069966515,5.580381855200656,4.580709827913831,0
BDI,2023,34.0372399254206,76.4465231627724,249.795164039029,13689450.0,20716.0,151.328212601675,35.331208452642,77.6797553997403,301.832255755105,96.58363721846632,333.51964367718756,5.713179040840723,5.026037486354797,0
BEL,2011,0.726239843441003,14.7650392955311,47760.8298776546,11038264.0,0.0,0.0,0.847918635049212,15.0280690416283,44197.393671162,0.0,0.0,10.69644372512399,0.0,0
BEL,2012,0.84457469539348,14.5084596183612,44874.1709182123,11106932.0,0.0,0.0,0.726239843441003,14.7650392955311,47760.8298776546,0.0,0.0,10.773982061353765,0.0,0
BEL,2013,0.764565477908541,14.2584589752725,46964.5946777056,11159407.0,0.0,0.0,0.84457469539348,14.5084596183612,44874.1709182123,0.0,0.0,10.711639934545717,0.0,0
BEL,2014,0.716518219283319,14.0151663314193,47995.7786961339,11209057.0,0.0,0.0,0.764565477908541,14.2584589752725,46964.5946777056,0.0,0.0,10.75717058449485,0.0,0
BEL,2015,0.750617272066574,13.7787106519556,40893.804537772,11274196.0,0.0,0.0,0.716518219283319,14.0151663314193,47995.7786961339,0.0,0.0,10.778889177140808,0.0,0
BEL,2016,0.673190543684684,13.5492209020355,41854.5498296444,11331422.0,0.0,0.0,0.750617272066574,13.7787106519556,40893.804537772,0.0,0.0,10.618758305545768,0.0,0
BEL,2017,0.729532583142538,13.3268260468131,44035.3239358548,11375158.0,0.0,0.0,0.673190543684684,13.5492209020355,41854.5498296444,0.0,0.0,10.641979679542203,0.0,0
BEL,2018,0.664625571120094,13.1116550514425,47487.2100392561,11427054.0,50.0,0.4375580967762995,0.729532583142538,13.3268260468131,44035.3239358548,0.0,0.0,10.692770116323079,0.3629459080214284,0
BEL,2019,0.718789583537128,12.9038368810778,46716.6227467964,11488980.0,10.0,0.08703992869689041,0.664625571120094,13.1116550514425,47487.2100392561,0.4375580967762995,0.14585269892543315,10.768236749513735,0.08345834039625667,0
BEL,2020,0.712818023641571,12.7035005008731,45906.2875805246,11538604.0,0.0,0.0,0.718789583537128,12.9038368810778,46716.6227467964,0.08703992869689041,0.1748660084910633,10.751876733219435,0.0,0
BEL,2021,0.654899384879513,12.5694435909365,51658.238294958,11586195.0,16400.0,141.5477643868414,0.712818023641571,12.7035005008731,45906.2875805246,0.0,0.1748660084910633,10.734379154263413,4.959677132225118,0
BEL,2022,0.670989189183415,12.510799730145,50639.0264882739,11680210.0,101.0,0.864710480376637,0.654899384879513,12.5694435909365,51658.238294958,141.5477643868414,47.211601438512766,10.85242432196037,0.6231058026411027,0
BEL,2023,0.775221747679926,12.448507363228,55244.68145811,11779946.0,100.0,0.8489003260286592,0.670989189183415,12.510799730145,50639.0264882739,0.864710480376637,47.470824955739346,10.8324975798881,0.614591043990711,0
BEN,2011,25.7970008253273,56.5383863862724,1059.41358852588,10093623.0,0.0,0.0,25.8411354962681,57.1083108760647,973.244254931526,2806.843062974127,2806.843062974127,6.881662047287422,0.0,0
BEN,2012,25.7689758312295,55.9524934170162,1071.5258366283,10397657.0,10000.0,96.17551338729486,25.7970008253273,56.5383863862724,1059.41358852588,0.0,1403.4215314870635,6.966414288861132,4.5765187598454515,0
BEN,2013,25.2754046390823,55.3497116330681,1168.92699279226,10708834.0,15410.0,143.89988676638373,25.7689758312295,55.9524934170162,1071.5258366283,96.17551338729486,967.6728587871406,6.977771740608327,4.976043067865902,0
BEN,2014,25.6184529738008,54.7119470764001,1204.39918670094,11030004.0,0.0,0.0,25.2754046390823,55.3497116330681,1168.92699279226,143.89988676638373,80.02513338455952,7.064696626522029,0.0,0
BEN,2015,26.3920850925037,54.0592596742337,1002.41886879614,11360681.0,0.0,0.0,25.6184529738008,54.7119470764001,1204.39918670094,0.0,80.02513338455952,7.094566066335708,0.0,0
BEN,2016,27.7536354980493,53.3905440993336,1010.5338961993,11697842.0,960.0,8.206641874629526,26.3920850925037,54.0592596742337,1002.41886879614,0.0,47.9666289221279,6.911168316732961,2.219925166474095,0
BEN,2017,28.4890165273264,52.7057225119609,1054.97408066814,12039780.0,3500.0,29.07029862671909,27.7536354980493,53.3905440993336,1010.5338961993,8.206641874629526,2.7355472915431753,6.91922316687114,3.4035379280026414,0
BEN,2018,28.0647739127077,52.0047170724037,1151.7409703472,12383347.0,22094.0,178.4170305491722,28.4890165273264,52.7057225119609,1054.97408066814,29.07029862671909,12.425646833782872,6.96221891914314,5.189712875716464,0
BEN,2019,26.8758016258337,51.2874499409752,1130.82135339795,12726755.0,5000.0,39.28731243745951,28.0647739127077,52.0047170724037,1151.7409703472,178.4170305491722,71.8979903501736,7.049897837915559,3.6960365915293414,0
BEN,2020,27.1091750361118,50.5538432780104,1200.19426557789,13070169.0,7020.0,53.71009357262328,26.8758016258337,51.2874499409752,1130.82135339795,39.28731243745951,82.25821387111695,7.031583431289548,4.002048218412844,0
BEN,2021,28.5289506098592,49.8038192438646,1318.65158075198,13413417.0,10000.0,74.552218871597,27.1091750361118,50.5538432780104,1200.19426557789,53.71009357262328,90.471478853085,7.0910715621866,4.324824057865194,0
BEN,2022,26.8966787968124,49.0372999989113,1266.42711031904,13759501.0,6900.0,50.14716740091084,28.5289506098592,49.8038192438646,1318.65158075198,74.552218871597,55.84987496055994,7.185123026762662,3.9347071125828887,0
BEN,2023,25.4019723667563,48.2542077035407,1394.17784721831,14111034.0,0.0,0.0,26.8966787968124,49.0372999989113,1266.42711031904,50.14716740091084,59.46982661504371,7.144744227160122,0.0,0
BFA,2011,23.043650452489,75.5317023154343,725.024767725475,16661908.0,0.0,0.0,24.1433866229434,75.884907501842,624.957252224766,123.63615412928064,123.63615412928064,6.439282081587538,0.0,0
BFA,2012,23.7560050181575,75.1998087940946,731.470138867833,17172287.0,0.0,0.0,23.043650452489,75.5317023154343,725.024767725475,0.0,61.81807706464032,6.587584129567228,0.0,0
BFA,2013,23.6410927919708,74.893883851252,759.762065168498,17695409.0,1800.0,10.172129957550007,23.7560050181575,75.1998087940946,731.470138867833,0.0,41.21205137642688,6.596422574009525,2.4134222804490375,0
BFA,2014,23.6937727725999,74.6185844003357,764.861675106225,18229461.0,0.0,0.0,23.6410927919708,74.893883851252,759.762065168498,10.172129957550007,3.3907099858500023,6.634320648222134,0.0,0
BFA,2015,22.6464984902029,74.378567354775,630.124750752312,18777487.0,3700.0,19.704447139279075,23.6937727725999,74.6185844003357,764.861675106225,0.0,3.3907099858500023,6.641001572632643,3.0303485148433533,0
BFA,2016,21.7147178290213,74.178489627999,663.742364842886,19334856.0,16000.0,82.75210324814418,22.6464984902029,74.378567354775,630.124750752312,19.704447139279075,9.95885903227636,6.447503546252976,4.4278612838005165,0
BFA,2017,20.5855872188282,74.0230081334368,709.091535894695,19894407.0,8250.0,41.4689414969745,21.7147178290213,74.178489627999,663.742364842886,82.75210324814418,34.15218346247442,6.499399544299944,3.7487730204679504,0
BFA,2018,20.9974732840091,73.9167797845178,777.465618514048,20438288.0,5160.0,25.246732994466072,20.5855872188282,74.0230081334368,709.091535894695,41.4689414969745,47.97516396146592,6.565393885520748,3.2675415239385,0
BFA,2019,18.2205245524421,73.8812745598843,764.853077774946,20961952.0,0.0,0.0,20.9974732840091,73.9167797845178,777.465618514048,25.246732994466072,49.822592579861585,6.657324826540357,0.0,0
BFA,2020,17.9151635677562,73.6421626371373,825.237038782475,21478690.0,20000.0,93.1155484808431,18.2205245524421,73.8812745598843,764.853077774946,0.0,22.238558163813526,6.640990346872411,4.544523266532024,0
BFA,2021,17.2902157538449,73.1885692256983,895.535288442991,21995243.0,0.0,0.0,17.9151635677562,73.6421626371373,825.237038782475,93.1155484808431,39.45409382510306,6.716881704244037,0.0,0
BFA,2022,20.6297585441708,72.7208630257288,827.330843486661,22509038.0,2400.0,10.662383705603055,17.2902157538449,73.1885692256983,895.535288442991,0.0,31.038516160281034,6.798537654727831,2.456368594471274,0
BFA,2023,19.0108450154804,72.2127521634842,873.198061670247,23025776.0,24600.0,106.83679021284668,20.6297585441708,72.7208630257288,827.330843486661,10.662383705603055,34.592644062148715,6.719412644006988,4.680618882374282,0
BGD,2011,16.8099867573503,71.8899837287573,837.336944695647,153591076.0,400000.0,260.43179748281733,17.0011812592919,72.2745627411304,757.385280361508,373.84533122469674,373.84533122469674,6.63119154194643,5.566173436802223,0
BGD,2012,16.1775631732753,71.5212027105424,859.680536375497,155070101.0,651000.0,419.81013477253106,16.8099867573503,71.8899837287573,837.336944695647,260.43179748281733,317.13856435375703,6.7314201016445,6.042181745668955,1
BGD,2013,15.4932779975908,71.1592963893237,958.262989798283,156532141.0,1159400.0,740.678554955688,16.1775631732753,71.5212027105424,859.680536375497,419.81013477253106,351.362421160015,6.757723397684732,6.608915934957502,1
BGD,2014,15.3516208986344,70.8055557678987,1094.46199702838,157964929.0,543000.0,343.7471870734041,15.4932779975908,71.1592963893237,958.262989798283,740.678554955688,473.64016240367874,6.866165270654643,5.842811357317148,0
BGD,2015,14.7829964369364,70.4604900522108,1224.38647668165,159383179.0,530400.0,332.78292184145727,15.3516208986344,70.8055557678987,1094.46199702838,343.7471870734041,501.41195893387436,6.998931468363866,5.81049084707123,0
BGD,2016,13.4647923176039,70.1246084482035,1649.28380858601,160811932.0,614000.0,381.812464015419,14.7829964369364,70.4604900522108,1224.38647668165,332.78292184145727,472.4028879568498,7.1110115643906475,5.9475452191726035,1
BGD,2017,12.9572760433733,69.7984201618201,1811.08221668646,162186147.0,946130.0,583.3605505160684,13.4647923176039,70.1246084482035,1649.28380858601,381.812464015419,352.78085764342677,7.40870255730707,6.370518173347634,1
BGD,2018,12.4800771856196,69.4824343990041,1965.24372731467,163523103.0,77540.0,47.41837610554638,12.9572760433733,69.7984201618201,1811.08221668646,583.3605505160684,432.65197879098156,7.5022318590208545,3.8798794132677594,0
BGD,2019,11.9753231358984,69.1771603656988,2129.79896954606,164913055.0,4083580.0,2476.20177796112,12.4800771856196,69.4824343990041,1965.24372731467,47.41837610554638,337.53046354567795,7.5838802641904985,7.814884886793795,1
BGD,2020,11.9996868602485,68.8831072678476,2248.85078828233,166298024.0,4443259.0,2671.8651810318565,11.9753231358984,69.1771603656988,2129.79896954606,2476.20177796112,1035.6602348609115,7.6642522914431686,7.890906277542506,1
BGD,2021,11.6328584271282,68.6007843113939,2482.84917843357,167658854.0,98751.0,58.89996122721917,11.9996868602485,68.8831072678476,2248.85078828233,2671.8651810318565,1731.828445032841,7.718619176680477,4.09267585782936,0
BGD,2022,11.2176010351595,68.326265273766,2716.48592780431,169384897.0,1524068.0,899.7661698256368,11.6328584271282,68.6007843113939,2482.84917843357,58.89996122721917,1735.6556400733987,7.817564723993246,6.803245700980411,1
BGD,2023,11.0036900209598,67.8421534963166,2551.01773827307,171466990.0,1790796.0,1044.396941942003,11.2176010351595,68.326265273766,2716.48592780431,899.7661698256368,1210.1771040282376,7.907462440621077,6.952151941022968,1
BGR,2011,4.66136930031581,27.3898346114468,7849.98219737366,7348328.0,0.0,0.0,4.03250004576982,28.4850692749023,6854.2987837778,0.0,0.0,8.832777177301528,0.0,0
BGR,2012,4.43013962620169,27.2315139770508,7432.33753378983,7305888.0,2100.0,28.74393913511951,4.66136930031581,27.3898346114468,7849.98219737366,0.0,0.0,8.968393923634057,3.3926253846859615,0
BGR,2013,4.51541815914857,27.0367178427981,7796.37945241455,7160005.0,0.0,0.0,4.43013962620169,27.2315139770508,7432.33753378983,28.74393913511951,9.581313045039836,8.913730233863774,0.0,0
BGR,2014,4.55871742933618,26.9155120849609,8070.01289303544,7073572.0,2300.0,32.51539674721626,4.51541815914857,27.0367178427981,7796.37945241455,0.0,9.581313045039836,8.961542988588752,3.512004937639787,0
BGR,2015,4.06197367734098,26.8969421386719,7269.02586513711,6984225.0,820.0,11.74074432023596,4.55871742933618,26.9155120849609,8070.01289303544,32.51539674721626,20.419778627445258,8.996034266775139,2.5448050723177826,0
BGR,2016,4.05489960163599,26.8249969482422,7822.89886431732,6894139.0,24.0,0.34812178866715626,4.06197367734098,26.8969421386719,7269.02586513711,11.74074432023596,14.752047022484073,8.89151512831176,0.2987123560849418,0
BGR,2017,4.043177034114,26.6095428466797,8697.13373333715,6803468.0,22.0,0.32336449587181126,4.05489960163599,26.8249969482422,7822.89886431732,0.34812178866715626,14.86808761870646,8.964938285291296,0.28017735427146884,0
BGR,2018,3.40461503236071,26.399787902832,9849.88769989118,6710798.0,50.0,0.7450678741932032,4.043177034114,26.6095428466797,8697.13373333715,0.32336449587181126,4.137410201591643,9.07086376822186,0.5567934512837355,0
BGR,2019,3.20205655345515,26.2837677001953,10354.2500414088,6616726.0,0.0,0.0,3.40461503236071,26.399787902832,9849.88769989118,0.7450678741932032,0.4721847195773902,9.19531685192177,0.0,0
BGR,2020,3.43600026603917,26.6760101318359,10760.7616180234,6550696.0,0.0,0.0,3.20205655345515,26.2837677001953,10354.2500414088,0.0,0.3561441233550047,9.245248920463194,0.0,0
BGR,2021,4.32894772861096,26.653234381959,12966.8085197381,6507301.0,25.0,0.384183857485615,3.43600026603917,26.6760101318359,10760.7616180234,0.0,0.24835595806440106,9.283754539462414,0.3251106933764188,0
BGR,2022,3.7113640947999,26.5200835994776,13999.9113358453,6465097.0,900.0,13.920904821690996,4.32894772861096,26.653234381959,12966.8085197381,0.384183857485615,0.12806128582853835,9.470225297709499,2.7027632378222437,0
BGR,2023,2.52244731680068,26.2677328415387,15854.0192893772,6446596.0,252.0,3.909039747488442,3.7113640947999,26.5200835994776,13999.9113358453,13.920904821690996,4.76836289305887,9.546877701896303,1.5910783519036866,0
BHR,2011,0.279873967809159,0.0,25032.7867743333,1195020.0,0.0,0.0,0.285542784290186,0.0,21819.3291098099,0.0,0.0,9.990597342216024,0.0,0
BHR,2012,0.265180259339138,0.0,26438.6733230428,1208964.0,0.0,0.0,0.279873967809159,0.0,25032.7867743333,0.0,0.0,10.12798166240875,0.0,0
BHR,2013,0.264280047210277,0.0,26989.7601148469,1253191.0,0.0,0.0,0.265180259339138,0.0,26438.6733230428,0.0,0.0,10.18262093848244,0.0,0
BHR,2014,0.287965783699072,0.0,26451.7965647453,1314562.0,0.0,0.0,0.264280047210277,0.0,26989.7601148469,0.0,0.0,10.203249868447902,0.0,0
BHR,2015,0.301911232209971,0.0,23734.0551143019,1370322.0,0.0,0.0,0.287965783699072,0.0,26451.7965647453,0.0,0.0,10.183117161933515,0.0,0
BHR,2016,0.315996684624948,0.0,23800.001440631,1423726.0,0.0,0.0,0.301911232209971,0.0,23734.0551143019,0.0,0.0,10.074708353051477,0.0,0
BHR,2017,0.27707464645461,0.0,24784.7693514607,1501116.0,0.0,0.0,0.315996684624948,0.0,23800.001440631,0.0,0.0,10.077482936111776,0.0,0
BHR,2018,0.275112316804637,0.0,26324.4066549559,1503091.0,0.0,0.0,0.27707464645461,0.0,24784.7693514607,0.0,0.0,10.118024950984037,0.0,0
BHR,2019,0.268674381904261,0.0,27259.7438599327,1483756.0,0.0,0.0,0.275112316804637,0.0,26324.4066549559,0.0,0.0,10.178289784364571,0.0,0
BHR,2020,0.303155113748103,0.0,24342.8444554718,1472204.0,0.0,0.0,0.268674381904261,0.0,27259.7438599327,0.0,0.0,10.213202992476635,0.0,0
BHR,2021,0.268626041292218,0.0,27147.8083882286,1504365.0,0.0,0.0,0.303155113748103,0.0,24342.8444554718,0.0,0.0,10.10003430211636,0.0,0
BHR,2022,0.246160469147506,0.0,30470.5219276023,1524693.0,0.0,0.0,0.268626041292218,0.0,27147.8083882286,0.0,0.0,10.209088434462558,0.0,0
BHR,2023,0.251492806718451,0.0,29290.1284215098,1577059.0,0.0,0.0,0.246160469147506,0.0,30470.5219276023,0.0,0.0,10.324547819127593,0.0,0
BHS,2011,1.09230471329484,17.5869652529692,27090.8376801379,371729.0,0.0,0.0,1.09749043162674,17.5801895568407,27473.100430502,0.0,0.0,10.220999037352808,0.0,0
BHS,2012,1.07272116712063,17.6052514660075,28552.0242683151,375469.0,0.0,0.0,1.09230471329484,17.5869652529692,27090.8376801379,0.0,0.0,10.20698776888535,0.0,0
BHS,2013,0.927897053067693,17.6364208899132,27642.7419759179,378953.0,0.0,0.0,1.07272116712063,17.6052514660075,28552.0242683151,0.0,0.0,10.25951813831175,0.0,0
BHS,2014,0.838487849108097,17.6819068962957,29137.2175632622,382298.0,0.0,0.0,0.927897053067693,17.6364208899132,27642.7419759179,0.0,0.0,10.227154651349098,0.0,0
BHS,2015,0.815199026829763,17.7431428567639,30719.405417469,385346.0,2800.0,726.619713192819,0.838487849108097,17.6819068962957,29137.2175632622,0.0,0.0,10.279805909836563,6.589778539725021,1
BHS,2016,0.877037934836586,17.8215621429272,30616.5363157284,388055.0,3500.0,901.9340042004355,0.815199026829763,17.7431428567639,30719.405417469,726.619713192819,242.206571064273,10.332682384357762,6.805649465696791,1
BHS,2017,0.770472969173047,17.9185981263948,31875.4881749619,390485.0,1600.0,409.7468532722128,0.877037934836586,17.8215621429272,30616.5363157284,901.9340042004355,542.8512391310848,10.329328206004918,6.01797709595611,1
BHS,2018,0.677109335996006,18.0356841787759,32642.3353203452,392717.0,230.0,58.566346758607345,0.770472969173047,17.9185981263948,31875.4881749619,409.7468532722128,679.4335235551557,10.369623969212826,4.087090762894278,0
BHS,2019,0.53475935828877,18.1742536716796,33640.3369861278,394675.0,18000.0,4560.714511940204,0.677109335996006,18.0356841787759,32642.3353203452,58.566346758607345,456.74906807708527,10.393395988917101,8.425453821302678,1
BHS,2020,0.775822139879574,18.3357399767151,26178.7537607708,395863.0,0.0,0.0,0.53475935828877,18.1742536716796,33640.3369861278,4560.714511940204,1676.342570657008,10.423510857236705,0.0,0
BHS,2021,0.454432167483592,18.5215764654917,30367.8605757708,396373.0,0.0,0.0,0.775822139879574,18.3357399767151,26178.7537607708,0.0,1539.7602862329375,10.17274163379593,0.0,0
BHS,2022,0.414483909964884,18.6799282952275,34957.1613279737,397538.0,0.0,0.0,0.454432167483592,18.5215764654917,30367.8605757708,0.0,1520.2381706467347,10.321173039251377,0.0,0
BHS,2023,0.454447231080524,18.6786200826324,38231.774484278,399440.0,0.0,0.0,0.414483909964884,18.6799282952275,34957.1613279737,0.0,0.0,10.461907234792951,0.0,0
BIH,2011,6.75774539555131,53.9471222355157,4982.69375768263,3741798.0,0.0,0.0,6.79676215913764,54.2607846667396,4506.47828548389,0.0,0.0,8.413493137646876,0.0,0
BIH,2012,6.13767155368512,53.6344344028,4693.78899115381,3670113.0,0.0,0.0,6.75774539555131,53.9471222355157,4982.69375768263,0.0,0.0,8.513926613491707,0.0,0
BIH,2013,6.84139087123356,53.3045775260104,5034.56634817068,3610859.0,0.0,0.0,6.13767155368512,53.6344344028,4693.78899115381,0.0,0.0,8.45420844732116,0.0,0
BIH,2014,5.951057525171,52.869216515169,5206.06573475132,3564829.0,90640.0,2542.6184537883864,6.84139087123356,53.3045775260104,5034.56634817068,0.0,0.0,8.524281281085335,7.841342934355293,1
BIH,2015,6.0375681759839,52.4288354912989,4662.25869219448,3518541.0,320.0,9.09467873189484,5.951057525171,52.869216515169,5206.06573475132,2542.6184537883864,847.5394845961288,8.557771777387288,2.312008426780416,0
BIH,2016,6.16559062107215,51.9751154247618,4928.5665903114,3473003.0,0.0,0.0,6.0375681759839,52.4288354912989,4662.25869219448,9.09467873189484,850.5710441734271,8.447469772900735,0.0,0
BIH,2017,5.4310487956715,51.5081598180894,5345.01978766473,3428682.0,0.0,0.0,6.16559062107215,51.9751154247618,4928.5665903114,0.0,850.5710441734271,8.503006350456447,0.0,0
BIH,2018,5.71878250722931,51.028072174176,6047.84707207392,3387000.0,0.0,0.0,5.4310487956715,51.5081598180894,5345.01978766473,0.0,3.03155957729828,8.584107598088334,0.0,0
BIH,2019,5.45004156140876,50.5349559962242,6122.37541352353,3345533.0,275.0,8.21991592968893,5.71878250722931,51.028072174176,6047.84707207392,0.0,0.0,8.707622966265413,2.221365919271934,0
BIH,2020,5.91443908988891,50.0289147877003,6130.31187968266,3299349.0,900.0,27.278108499585827,5.45004156140876,50.5349559962242,6122.37541352353,8.21991592968893,2.739971976562977,8.719868761622543,3.342087954052656,0
BIH,2021,5.01931841754809,49.5100520522966,7295.34378682258,3244907.0,310.0,9.553432502071708,5.91443908988891,50.0289147877003,6130.31187968266,27.278108499585827,11.832674809758252,8.7211640157696,2.356451162652012,0
BIH,2022,4.82624927062683,48.9784712939007,7655.59421024383,3204802.0,58.0,1.8097841925959857,5.01931841754809,49.5100520522966,7295.34378682258,9.553432502071708,15.017152310448822,8.89512865054847,1.0331076806084942,0
BIH,2023,4.65322230628352,48.4342760165695,8663.02326458629,3185073.0,120.0,3.7675745579457676,4.82624927062683,48.9784712939007,7655.59421024383,1.8097841925959857,12.88044173141784,8.943322543789217,1.5618376971631818,0
BLR,2011,8.00188774430829,24.9402465820312,6527.6593428786,9461643.0,0.0,0.0,8.89193022882009,25.4498596191406,6034.67885177216,0.0,0.0,8.705443613000469,0.0,0
BLR,2012,8.13094268308472,24.4718933105469,6953.21591683101,9446836.0,0.0,0.0,8.00188774430829,24.9402465820312,6527.6593428786,0.0,0.0,8.783956893822754,0.0,0
BLR,2013,6.80909244753712,24.05029296875,7998.0802045456,9443211.0,0.0,0.0,8.13094268308472,24.4718933105469,6953.21591683101,0.0,0.0,8.847103361385615,0.0,0
BLR,2014,7.30305697730942,23.6594772338867,8341.31809294883,9448515.0,0.0,0.0,6.80909244753712,24.05029296875,7998.0802045456,0.0,0.0,8.987081839620107,0.0,0
BLR,2015,6.2832075832437,23.3736114501953,5967.05595058777,9461076.0,0.0,0.0,7.30305697730942,23.6594772338867,8341.31809294883,0.0,0.0,9.029096405527007,0.0,0
BLR,2016,6.89528062433517,23.1541290283203,5039.77560949445,9469379.0,0.0,0.0,6.2832075832437,23.3736114501953,5967.05595058777,0.0,0.0,8.694176516938137,0.0,0
BLR,2017,7.56580253848292,22.9791793823242,5785.54491935194,9458989.0,0.0,0.0,6.89528062433517,23.1541290283203,5039.77560949445,0.0,0.0,8.525315239998152,0.0,0
BLR,2018,6.59010772590188,22.7867279052734,6360.037502312,9438785.0,0.0,0.0,7.56580253848292,22.9791793823242,5785.54491935194,0.0,0.0,8.663290660042405,0.0,0
BLR,2019,6.79466882799274,22.5449228147243,6837.77339645635,9419758.0,0.0,0.0,6.59010772590188,22.7867279052734,6360.037502312,0.0,0.0,8.75794677232437,0.0,0
BLR,2020,7.07723976895662,22.2109614209592,6542.85579976768,9379952.0,0.0,0.0,6.79466882799274,22.5449228147243,6837.77339645635,0.0,0.0,8.83036366653195,0.0,0
BLR,2021,6.70661864890688,21.868913196306,7489.71894713888,9302585.0,0.0,0.0,7.07723976895662,22.2109614209592,6542.85579976768,0.0,0.0,8.786281842551974,0.0,0
BLR,2022,8.04181871674039,21.5267212107092,7994.64806074889,9228071.0,0.0,0.0,6.70661864890688,21.868913196306,7489.71894713888,0.0,0.0,8.921420059506737,0.0,0
BLR,2023,7.2485995714987,21.1853579333673,7896.75388295584,9178298.0,48.0,0.5229727777415814,8.04181871674039,21.5267212107092,7994.64806074889,0.0,0.0,8.986652680238032,0.4206641996505768,0
BLZ,2011,8.86425886505326,55.0582180868271,5596.05222152289,327298.0,0.0,0.0,8.74676184244561,54.8085161806442,5461.40735999001,0.0,0.0,8.605644879990471,0.0,0
BLZ,2012,10.3744672571643,55.3096931964784,5732.66519942347,334414.0,0.0,0.0,8.86425886505326,55.0582180868271,5596.05222152289,0.0,0.0,8.629995349118136,0.0,0
BLZ,2013,10.079376070492,55.5619457636205,5957.34953619006,341627.0,130.0,38.053198371323106,10.3744672571643,55.3096931964784,5732.66519942347,0.0,0.0,8.654110256078615,3.6649247774470197,0
BLZ,2014,10.1795484159839,55.8149838241621,6128.12053089077,348923.0,0.0,0.0,10.079376070492,55.5619457636205,5957.34953619006,38.053198371323106,12.684399457107702,8.692548798250971,0.0,0
BLZ,2015,9.6138851978219,56.068815414012,6154.62264230369,356333.0,250.0,70.15909275873972,10.1795484159839,55.8149838241621,6128.12053089077,0.0,12.684399457107702,8.720806548962257,4.264918113401293,0
BLZ,2016,7.70348583128466,56.3234485690789,6140.86713919469,364705.0,3500.0,959.6797411606642,9.6138851978219,56.068815414012,6154.62264230369,70.15909275873972,36.07076371002094,8.725121193908958,6.867641097612067,1
BLZ,2017,8.56166290071626,56.5788913252713,6071.85451846453,373202.0,0.0,0.0,7.70348583128466,56.3234485690789,6140.86713919469,959.6797411606642,343.279611306468,8.72288406924526,0.0,0
BLZ,2018,7.16456851710216,56.835151718498,6011.99036888587,380226.0,0.0,0.0,8.56166290071626,56.5788913252713,6071.85451846453,0.0,343.279611306468,8.71158404014621,0.0,0
BLZ,2019,6.5560913222365,57.0922377846677,6171.61449761423,385829.0,0.0,0.0,7.16456851710216,56.835151718498,6011.99036888587,0.0,319.8932470535547,8.70167746932298,0.0,0
BLZ,2020,8.3571697847969,57.350157559689,5238.54078175696,390812.0,6290.0,1609.4695147538969,6.5560913222365,57.0922377846677,6171.61449761423,0.0,0.0,8.727877770681028,7.384281039535218,1
BLZ,2021,7.89550385123154,57.6089190794706,6142.98930557031,395346.0,0.0,0.0,8.3571697847969,57.350157559689,5238.54078175696,1609.4695147538969,536.4898382512989,8.563989136405453,0.0,0
BLZ,2022,7.74858121747759,57.8626748737863,7068.21728043145,402733.0,5140.0,1276.2798181425412,7.89550385123154,57.6089190794706,6142.98930557031,0.0,536.4898382512989,8.723229534196161,7.152487953518785,1
BLZ,2023,8.13711634166406,58.0540562495024,7424.75821321022,411106.0,0.0,0.0,7.74858121747759,57.8626748737863,7068.21728043145,1276.2798181425412,961.9164442988127,8.863505042780409,0.0,0
BMU,2011,0.312941026259641,0.0,99049.0169927667,63733.0,0.0,0.0,0.286094289177554,0.0,104111.824244802,0.0,0.0,11.553230438608317,0.0,0
BMU,2012,0.281396534564362,0.0,100213.493385287,63646.0,0.0,0.0,0.312941026259641,0.0,99049.0169927667,0.0,0.0,11.503380223684145,0.0,0
BMU,2013,0.328283343819346,0.0,101704.40746217,63574.0,0.0,0.0,0.281396534564362,0.0,100213.493385287,0.0,0.0,11.515068101736627,0.0,0
BMU,2014,0.211116703055883,0.0,100961.576602811,63529.0,0.0,0.0,0.328283343819346,0.0,101704.40746217,0.0,0.0,11.529835751342608,0.0,0
BMU,2015,0.227889496811275,0.0,104855.366822135,63464.0,0.0,0.0,0.211116703055883,0.0,100961.576602811,0.0,0.0,11.522505198475642,0.0,0
BMU,2016,0.307018452846711,0.0,108747.356144305,63449.0,0.0,0.0,0.227889496811275,0.0,104855.366822135,0.0,0.0,11.56034675763513,0.0,0
BMU,2017,0.274700811333467,0.0,112339.425587467,63578.0,0.0,0.0,0.307018452846711,0.0,108747.356144305,0.0,0.0,11.596791832922246,0.0,0
BMU,2018,0.234985525140753,0.0,113204.82210838,63831.0,0.0,0.0,0.274700811333467,0.0,112339.425587467,0.0,0.0,11.629289054466884,0.0,0
BMU,2019,0.220961505173123,0.0,115798.040775578,64107.0,0.0,0.0,0.234985525140753,0.0,113204.82210838,0.0,0.0,11.636962875481464,0.0,0
BMU,2020,0.255496878050877,0.0,106976.546239632,64382.0,50.0,77.66145817153863,0.220961505173123,0.0,115798.040775578,0.0,0.0,11.659611560628848,4.365153304481711,0
BMU,2021,0.29106848154543,0.0,112765.08167306,64648.0,0.0,0.0,0.255496878050877,0.0,106976.546239632,77.66145817153863,25.88715272384621,11.580374243195084,0.0,0
BMU,2022,0.218128900998007,0.0,119969.173269085,64749.0,0.0,0.0,0.29106848154543,0.0,112765.08167306,0.0,25.88715272384621,11.633070878440707,0.0,0
BMU,2023,0.191993824950362,0.0,132961.760796315,64698.0,0.0,0.0,0.218128900998007,0.0,119969.173269085,0.0,25.88715272384621,11.69499843477804,0.0,0
BOL,2011,9.7695858816954,33.166284366824,2315.52121930607,10348929.0,11000.0,106.29119206441554,10.3899057010594,33.5924334340867,1929.78373077158,985.038318776274,985.038318776274,7.565681277591515,4.675546559262815,0
BOL,2012,9.8121619148328,32.7418555172301,2575.59857098084,10515807.0,9000.0,85.58544294318068,9.7695858816954,33.166284366824,2315.52121930607,106.29119206441554,545.6647554203447,7.74782186488644,4.4611317060944495,0
BOL,2013,9.9669794768463,32.3302944480111,2870.02377000756,10682608.0,4700.0,43.99674686181502,9.8121619148328,32.7418555172301,2575.59857098084,85.58544294318068,392.3049845946234,7.854225424742988,3.806590195197464,0
BOL,2014,9.74021753770169,31.962574587,3041.43503162408,10848888.0,190191.0,1753.0921141410993,9.9669794768463,32.3302944480111,2870.02377000756,43.99674686181502,78.62446062313708,7.9624239594346,7.469706688167261,1
BOL,2015,10.2394941144455,31.6041948702335,2996.01289811344,11014705.0,11290.0,102.49934065415279,9.74021753770169,31.962574587,3041.43503162408,1753.0921141410993,627.558101315365,8.02041347101794,4.6395652421938545,0
BOL,2016,11.1718754150532,31.2553672123053,3035.87347732132,11180020.0,7000.0,62.61169479124366,10.2394941144455,31.6041948702335,2996.01289811344,102.49934065415279,633.1960672190224,8.005371370982225,4.15279733380762,0
BOL,2017,7.67713722474752,30.9161983725264,4048.40119739839,11344587.0,3016.0,26.585366219149275,11.1718754150532,31.2553672123053,3035.87347732132,62.61169479124366,639.4010498621652,8.018583803763482,3.317285422661256,0
BOL,2018,7.45035399971013,30.5866120186001,4206.8552936661,11508368.0,2403.0,20.8804584629202,7.67713722474752,30.9161983725264,4048.40119739839,26.585366219149275,63.89880055484858,8.306324296675102,3.085593930849807,0
BOL,2019,7.63288264501605,30.2665013291613,4203.15492855788,11671386.0,76340.0,654.0782731373977,7.45035399971013,30.5866120186001,4206.8552936661,20.8804584629202,36.692506491104375,8.344708365438917,6.484754729468706,1
BOL,2020,9.12405586834666,29.9557364471746,3580.96761778303,11816299.0,13356.0,113.03031516044068,7.63288264501605,30.2665013291613,4203.15492855788,654.0782731373977,233.84803260648906,8.34382858397191,4.736464335503391,0
BOL,2021,8.81001912255763,29.6549587173835,4010.76053686204,11937360.0,903.0,7.56448662015722,9.12405586834666,29.9557364471746,3580.96761778303,113.03031516044068,262.6630155869195,8.183667542318217,2.1476241907102103,0
BOL,2022,8.66028481306177,29.3647401291869,4219.46113742445,12077154.0,2976.0,24.64156704468619,8.81001912255763,29.6549587173835,4010.76053686204,7.56448662015722,258.2243583059985,8.296985460576186,3.244214747372339,0
BOL,2023,9.31098009756551,29.0848585955462,4274.70820547613,12244159.0,3843.0,31.386394116574277,8.66028481306177,29.3647401291869,4219.46113742445,24.64156704468619,48.41212294176137,8.347699675331256,3.477738399927393,0
BRA,2011,4.34203412783304,15.3774241400317,13396.6243562986,195284734.0,169500.0,86.79633913422029,4.11575648779356,15.656153963692,11403.2821278747,118.73913759526886,118.73913759526886,9.341744189105249,4.47501980426177,0
BRA,2012,4.16832822439069,15.1026125818688,12521.7213519966,196876111.0,35000.0,17.777677455239857,4.34203412783304,15.3774241400317,13396.6243562986,86.79633913422029,102.76773836474457,9.502832683378445,2.9326687949522197,0
BRA,2013,4.50688618256533,14.8323414557274,12458.8912138813,198478299.0,81700.0,41.163190339514145,4.16832822439069,15.1026125818688,12521.7213519966,17.777677455239857,74.43771806157633,9.43529998141786,3.7415475735597257,0
BRA,2014,4.32561053879483,14.5668632101832,12274.9939689363,200085127.0,149900.0,74.91811222930127,4.50688618256533,14.8323414557274,12458.8912138813,41.163190339514145,48.579068976324756,9.430270061475184,4.329655288730425,0
BRA,2015,4.31914942964047,14.3064302938119,8936.19661712113,201675532.0,59500.0,29.502835277013176,4.32561053879483,14.5668632101832,12274.9939689363,74.91811222930127,44.61966000801842,9.41540092445051,3.417819639194933,0
BRA,2016,4.89135358790863,14.0512951551892,8836.28652735657,203218114.0,14000.0,6.889149655232014,4.31914942964047,14.3064302938119,8936.19661712113,29.502835277013176,48.52804594860953,9.097977241488625,2.0654883540473605,0
BRA,2017,4.60059169568986,13.8017102428909,10080.5092819305,204703445.0,70500.0,34.44006523681123,4.89135358790863,14.0512951551892,8836.28652735657,6.889149655232014,37.10336572051549,9.086735154592752,3.5678429665029974,0
BRA,2018,4.4203993038464,13.5579280054928,9300.66164923219,206107261.0,85600.0,41.53177310914825,4.60059169568986,13.8017102428909,10080.5092819305,34.44006523681123,23.610683389685473,9.218458260767138,3.750251399182968,0
BRA,2019,4.20501409463474,13.3202008915704,9029.83326681073,207455459.0,293279.0,141.3696228644434,4.4203993038464,13.5579280054928,9300.66164923219,41.53177310914825,27.620329333730496,9.137948335141864,4.958426653640221,0
BRA,2020,5.71148511499007,13.0887813496996,7074.19378337644,208660842.0,357307.0,171.23816647878763,4.20501409463474,13.3202008915704,9029.83326681073,141.3696228644434,72.44715373680096,9.108399919762876,5.148878207846101,0
BRA,2021,6.5587626121061,12.8639218284561,7972.5366498646,209550294.0,414217.0,197.66949122008867,5.71148511499007,13.0887813496996,7074.19378337644,171.23816647878763,118.04652081745975,8.864350112012872,5.2916425958469535,0
BRA,2022,5.76747490819457,12.650443756119,9281.33334441234,210306415.0,705376.0,335.4039390572085,6.5587626121061,12.8639218284561,7972.5366498646,197.66949122008867,170.0924268544399,8.983883418636308,5.818312637474972,0
BRA,2023,6.02306023526246,12.3840289764237,10377.5892792557,211140729.0,743700.0,352.22953123364465,5.76747490819457,12.650443756119,9281.33334441234,335.4039390572085,234.77053225202826,9.135868232150484,5.867118075748923,0
BRB,2011,1.58993660808425,40.763306794386,20146.2381264508,276139.0,0.0,0.0,1.67748044611002,40.7633991009644,19723.2381931602,0.0,0.0,9.889603523582203,0.0,0
BRB,2012,1.73171496111228,40.7627848937076,19811.2953079751,276938.0,0.0,0.0,1.58993660808425,40.763306794386,20146.2381264508,0.0,0.0,9.910822492295646,0.0,0
BRB,2013,1.82045606338746,40.7614629164326,20384.4910233555,277665.0,0.0,0.0,1.73171496111228,40.7627848937076,19811.2953079751,0.0,0.0,9.894057999107597,0.0,0
BRB,2014,1.73293958856979,40.7589686570466,20423.7177921163,278348.0,0.0,0.0,1.82045606338746,40.7614629164326,20384.4910233555,0.0,0.0,9.922578702446968,0.0,0
BRB,2015,1.63003084162211,40.7549299100355,20429.4747123553,278990.0,0.0,0.0,1.73293958856979,40.7589686570466,20423.7177921163,0.0,0.0,9.9245011028453,0.0,0
BRB,2016,1.69589629439235,40.7489744698847,20311.4094163764,279598.0,90.0,32.189071452585495,1.63003084162211,40.7549299100355,20429.4747123553,0.0,0.0,9.924782923584559,3.502220648618186,0
BRB,2017,1.75316076515342,40.74073013108,20870.7596432179,280171.0,0.0,0.0,1.69589629439235,40.7489744698847,20311.4094163764,32.189071452585495,10.729690484195165,9.91898727956068,0.0,0
BRB,2018,2.16849354932179,40.729824688107,21378.2201267496,280711.0,0.0,0.0,1.75316076515342,40.74073013108,20870.7596432179,0.0,10.729690484195165,9.946152310997952,0.0,0
BRB,2019,2.25994788015679,40.7158859354514,21929.435611489,281207.0,100.0,35.56099243617691,2.16849354932179,40.729824688107,21378.2201267496,0.0,10.729690484195165,9.970174707148056,3.5989818916271723,0
BRB,2020,3.09376013250699,40.6985416675989,19180.9915228365,281698.0,0.0,0.0,2.25994788015679,40.7158859354514,21929.435611489,35.56099243617691,11.853664145392303,9.995630704939641,0.0,0
BRB,2021,1.98021547040137,40.6779634566181,21084.4013935998,282147.0,380.0,134.6815667010459,3.09376013250699,40.6985416675989,19180.9915228365,0.0,11.853664145392303,9.861727176354554,4.9103107190070405,0
BRB,2022,1.44818197319859,40.6461485892314,24393.2193483944,282318.0,0.0,0.0,1.98021547040137,40.6779634566181,21084.4013935998,134.6815667010459,56.74751971240761,9.956336202926176,0.0,0
BRB,2023,1.6524151949563,40.5764259764225,25583.8722302505,282336.0,29.0,10.271449620310552,1.44818197319859,40.6461485892314,24393.2193483944,0.0,44.8938555670153,10.102101471262175,2.422272946249447,0
BRN,2011,0.572775314042004,24.687874495222,46382.8274255349,399389.0,0.0,0.0,0.733349877488411,24.7493440970002,34937.5555357155,0.0,0.0,10.461346241554581,0.0,0
BRN,2012,0.655156683935105,24.7285766496973,46968.5971164922,405557.0,0.0,0.0,0.572775314042004,24.687874495222,46382.8274255349,0.0,0.0,10.744706130594299,0.0,0
BRN,2013,0.684937439812632,24.8243084851392,44003.0644273461,411202.0,0.0,0.0,0.655156683935105,24.7285766496973,46968.5971164922,0.0,0.0,10.757255801519749,0.0,0
BRN,2014,0.862827317122997,24.9427360198498,41026.5084247957,416750.0,51.0,12.2375524895021,0.684937439812632,24.8243084851392,44003.0644273461,0.0,0.0,10.692037281983017,2.5830576761322868,0
BRN,2015,1.10321250063154,25.0515379431438,30625.1287744656,422212.0,0.0,0.0,0.862827317122997,24.9427360198498,41026.5084247957,12.2375524895021,4.079184163167366,10.621998057898852,0.0,0
BRN,2016,1.20365462606268,25.1183929443359,26663.2972950602,427564.0,0.0,0.0,1.10321250063154,25.0515379431438,30625.1287744656,0.0,4.079184163167366,10.329608805109524,0.0,0
BRN,2017,1.08645090330462,25.1523559345017,28024.3824580252,432772.0,94.0,21.72044402133225,1.20365462606268,25.1183929443359,26663.2972950602,0.0,4.079184163167366,10.191080769605144,3.1232651368544255,0
BRN,2018,1.01764195887903,25.1827528285695,30988.1190267227,437810.0,0.0,0.0,1.08645090330462,25.1523559345017,28024.3824580252,21.72044402133225,7.24014800711075,10.240865894877578,0.0,0
BRN,2019,0.986055130118515,25.2076688216327,30426.5730656528,442680.0,0.0,0.0,1.01764195887903,25.1827528285695,30988.1190267227,0.0,7.24014800711075,10.34139142271469,0.0,0
BRN,2020,1.21750283610591,25.2251891087849,26834.3592233943,447404.0,0.0,0.0,0.986055130118515,25.2076688216327,30426.5730656528,0.0,7.24014800711075,10.323104485049019,0.0,0
BRN,2021,1.25629022275081,25.2332683063825,31006.9636289785,451721.0,0.0,0.0,1.21750283610591,25.2251891087849,26834.3592233943,0.0,0.0,10.197475670897122,0.0,0
BRN,2022,1.09616028876241,25.2227357985779,36632.9280952155,455370.0,0.0,0.0,1.25629022275081,25.2332683063825,31006.9636289785,0.0,0.0,10.341999341733745,0.0,0
BRN,2023,1.17312222164113,25.1800806118635,32890.5491812019,458949.0,0.0,0.0,1.09616028876241,25.2227357985779,36632.9280952155,0.0,0.0,10.508730087129992,0.0,0
BTN,2011,11.7996340560809,65.5362393311623,2787.97967608562,709377.0,0.0,0.0,12.4128589573486,66.0948032186448,2435.5798056672,0.0,0.0,7.798350615971327,0.0,0
BTN,2012,11.5729895457402,64.9811355751635,2751.2128864294,717279.0,0.0,0.0,11.7996340560809,65.5362393311623,2787.97967608562,0.0,0.0,7.933431100431924,0.0,0
BTN,2013,11.8526302443834,64.4259996841411,2679.95217201538,725273.0,0.0,0.0,11.5729895457402,64.9811355751635,2751.2128864294,0.0,0.0,7.920160553048764,0.0,0
BTN,2014,12.0637822394106,63.8673393915878,2849.49998647303,733139.0,0.0,0.0,11.8526302443834,64.4259996841411,2679.95217201538,0.0,0.0,7.893927298470484,0.0,0
BTN,2015,11.9950705393551,63.3016624309963,2954.04081911097,740618.0,2900.0,391.5648823009972,12.0637822394106,63.8673393915878,2849.49998647303,0.0,0.0,7.955249691726164,5.972701828786531,1
BTN,2016,12.0023717482714,62.7254765358593,3152.30905106786,747866.0,640.0,85.57682793441606,11.9950705393551,63.3016624309963,2954.04081911097,391.5648823009972,130.52162743366574,7.9912677433187245,4.461032203948537,0
BTN,2017,12.9297924115136,62.1354455004984,3435.28804735662,754335.0,0.0,0.0,12.0023717482714,62.7254765358593,3152.30905106786,85.57682793441606,159.04723674513775,8.056207672841143,0.0,0
BTN,2018,13.5509200361014,61.5338107223025,3400.20417245342,759759.0,0.0,0.0,12.9297924115136,62.1354455004984,3435.28804735662,0.0,159.04723674513775,8.142147111766391,0.0,0
BTN,2019,12.9339527848851,60.9253176594854,3576.87987100503,764824.0,0.0,0.0,13.5509200361014,61.5338107223025,3400.20417245342,0.0,28.52560931147202,8.131884816270093,0.0,0
BTN,2020,15.703075564462,60.3111160126561,3191.66906999331,770006.0,120.0,15.584294148357285,12.9339527848851,60.9253176594854,3576.87987100503,0.0,0.0,8.182525689163231,2.808456111852526,0
BTN,2021,15.7947840049801,59.6924800125621,3570.61257980872,775442.0,0.0,0.0,15.703075564462,60.3111160126561,3191.66906999331,15.584294148357285,5.194764716119095,8.068612544998823,0.0,0
BTN,2022,14.6710119560904,59.0634856382419,3711.32767981591,780914.0,0.0,0.0,15.7947840049801,59.6924800125621,3570.61257980872,0.0,5.194764716119095,8.180772475814235,0.0,0
BTN,2023,14.9931086909036,58.2647542010061,3831.32535564326,786385.0,0.0,0.0,14.6710119560904,59.0634856382419,3711.32767981591,0.0,5.194764716119095,8.219414365822487,0.0,0
BWA,2011,2.11892300680962,35.9812189277111,7287.38295334919,2073535.0,0.0,0.0,2.0910409188325,36.5054025334723,6215.73216077919,0.0,0.0,8.73499967159434,0.0,0
BWA,2012,2.3148110827158,35.6006752173096,6595.53845015424,2108617.0,0.0,0.0,2.11892300680962,35.9812189277111,7287.38295334919,0.0,0.0,8.894036983298776,0.0,0
BWA,2013,1.99354322327234,35.2420264541607,6666.91219583487,2140682.0,1200.0,56.056901492141286,2.3148110827158,35.6006752173096,6595.53845015424,0.0,0.0,8.794300313178857,4.044049041684577,0
BWA,2014,1.81959835253259,34.9034877599175,7122.36423421503,2172044.0,2000.0,92.07916598374618,1.99354322327234,35.2420264541607,6666.91219583487,56.056901492141286,18.685633830713762,8.805062075792815,4.533450378184947,0
BWA,2015,1.94776486758829,34.5896415686705,6141.20394726616,2203273.0,250.0,11.34675548604281,1.81959835253259,34.9034877599175,7122.36423421503,92.07916598374618,49.37868915862916,8.871135397616259,2.5133933148779577,0
BWA,2016,1.97588757367029,34.3050703145101,6749.05994339013,2234776.0,0.0,0.0,1.94776486758829,34.5896415686705,6141.20394726616,11.34675548604281,53.16094098731009,8.722938905800534,0.0,0
BWA,2017,1.8419939490754,34.0543564315269,7104.96401088027,2266747.0,2000.0,88.2321670658437,1.97588757367029,34.3050703145101,6749.05994339013,0.0,34.47530715659633,8.817306664329385,4.491241591909248,0
BWA,2018,2.11731083204729,33.8420823538112,7407.95940141786,2299141.0,1600.0,69.59120819471272,1.8419939490754,34.0543564315269,7104.96401088027,88.2321670658437,33.19297418396217,8.868689711957996,4.256905606924781,0
BWA,2019,2.08342949351655,33.6728305154536,7172.08956480028,2332083.0,0.0,0.0,2.11731083204729,33.8420823538112,7407.95940141786,69.59120819471272,52.6077917535188,8.910445276771176,0.0,0
BWA,2020,2.20806905804054,33.5511833505446,6323.2974967659,2365894.0,780.0,32.96851000087071,2.08342949351655,33.6728305154536,7172.08956480028,0.0,52.6077917535188,8.878091742427998,3.5254339190047688,0
BWA,2021,1.78859292903854,33.4817232931745,7807.88794570471,2401441.0,0.0,0.0,2.20806905804054,33.5511833505446,6323.2974967659,32.96851000087071,34.18657273186114,8.75215423972225,0.0,0
BWA,2022,1.57978982179367,33.4110212829523,8328.7090572666,2439892.0,0.0,0.0,1.78859292903854,33.4817232931745,7807.88794570471,0.0,10.989503333623569,8.963017844181403,0.0,0
BWA,2023,1.67651816572999,32.9787344650136,7827.30027960734,2480244.0,99.0,3.991542767566417,1.57978982179367,33.4110212829523,8328.7090572666,0.0,10.989503333623569,9.027583807452075,1.6077450338366548,0
CAF,2011,37.5690227836114,61.1969330534993,534.057281471636,4565021.0,0.0,0.0,37.3635795959409,61.3755036895797,476.873786950728,0.0,0.0,6.1693466535895585,0.0,0
CAF,2012,36.8141664735428,60.9698303961483,544.395849142785,4610848.0,17900.0,388.21492272137357,37.5690227836114,61.1969330534993,534.057281471636,0.0,0.0,6.282373809335901,5.964131691615285,1
CAF,2013,32.2589062460725,60.6957036517223,364.36696260838,4642419.0,14500.0,312.33716732591347,36.8141664735428,60.9698303961483,544.395849142785,388.21492272137357,129.40497424045785,6.301511859716566,5.747279822667611,0
CAF,2014,33.9856217226143,60.3773478131262,409.8504859647,4623182.0,950.0,20.54861781344537,32.2589062460725,60.6957036517223,364.36696260838,312.33716732591347,233.5173633490957,5.90090222553877,3.0703116759055677,0
CAF,2015,31.5273810283745,60.0175578732649,366.322853938121,4629320.0,1100.0,23.76158917508403,33.9856217226143,60.3773478131262,409.8504859647,20.54861781344537,240.36690262024413,6.01822936720405,3.209293628918458,0
CAF,2016,31.9189914897237,59.6191288250434,387.176203444318,4713663.0,7430.0,157.62688168415943,31.5273810283745,60.0175578732649,366.322853938121,23.76158917508403,118.88245810481429,5.906241172338684,5.066554788433283,0
CAF,2017,32.7901712257048,59.1848556613666,432.324025684263,4793511.0,2900.0,60.498453012833394,31.9189914897237,59.6191288250434,387.176203444318,157.62688168415943,67.31236289089628,5.961459369124727,4.119012020233227,0
CAF,2018,31.2413315121572,58.7175333751394,455.243962859534,4878657.0,9220.0,188.98643622619915,32.7901712257048,59.1848556613666,432.324025684263,60.498453012833394,80.62897462402562,6.071485775360675,5.246952681329059,0
CAF,2019,28.3418324649438,58.2199569592668,449.228467602439,4944703.0,101838.0,2059.537246220855,31.2413315121572,58.7175333751394,455.243962859534,188.98643622619915,135.703923641064,6.123027672720464,7.630722026917781,1
CAF,2020,29.4959372264099,57.6949214066537,462.879071294011,5026628.0,15002.0,298.4505716356969,28.3418324649438,58.2199569592668,449.228467602439,2059.537246220855,769.674045153296,6.109755159708588,5.701949367660718,0
CAF,2021,35.7553299980455,57.1452217102051,492.263142830507,5112100.0,23440.0,458.51998200348197,29.4959372264099,57.6949214066537,462.879071294011,298.4505716356969,848.9914180275838,6.139623896047202,6.130182427256072,1
CAF,2022,36.2171100024119,56.7248032542715,467.359825026238,5098039.0,77700.0,1524.1154490971921,35.7553299980455,57.1452217102051,492.263142830507,458.51998200348197,938.835933286678,6.2010427899213,7.329825390502112,1
CAF,2023,28.6110555239693,56.3016307865835,495.978897288721,5152421.0,69982.0,1358.235283956804,36.2171100024119,56.7248032542715,467.359825026238,1524.1154490971921,760.3620009121237,6.14923685739227,7.214677529376879,1
CAN,2011,1.76565550890832,18.8968574565787,52224.1237767406,34339221.0,0.0,0.0,1.49323070348344,18.9879107747063,47560.8378831258,0.0,0.0,10.769785993521616,0.0,0
CAN,2012,1.81135268317938,18.8486516751209,52670.1429540952,34713395.0,0.0,0.0,1.76565550890832,18.8968574565787,52224.1237767406,0.0,0.0,10.863318956488795,0.0,0
CAN,2013,1.89424545337458,18.816560042542,52637.7313222622,35080992.0,120240.0,342.74971471730333,1.81135268317938,18.8486516751209,52670.1429540952,0.0,0.0,10.871823012528587,5.839913819067137,0
CAN,2014,1.58654648681462,18.788816838444,50960.8942086685,35434066.0,5800.0,16.368429183373987,1.89424545337458,18.816560042542,52637.7313222622,342.74971471730333,114.24990490576778,10.87120746468791,2.85465414342763,0
CAN,2015,1.86983406717295,18.7534329723301,43594.2379080706,35704498.0,13300.0,37.25020864317992,1.58654648681462,18.788816838444,50960.8942086685,16.368429183373987,119.70604796689243,10.838833460055014,3.644149014981326,0
CAN,2016,1.86222405438563,18.6976988906297,42314.1033623905,36110803.0,92806.0,257.00342360151893,1.86983406717295,18.7534329723301,43594.2379080706,37.25020864317992,132.12278418128574,10.682703201079978,5.552972854606904,0
CAN,2017,1.88999021790618,18.5981054167774,45129.7335281051,36545075.0,85500.0,233.95765366468672,1.86222405438563,18.6976988906297,42314.1033623905,257.00342360151893,103.54068714269096,10.652899354790351,5.459405300735152,0
CAN,2018,1.69989005552688,18.4499658353347,46539.2177903178,37072620.0,18833.0,50.80029412542194,1.88999021790618,18.5981054167774,45129.7335281051,233.95765366468672,176.07042863646188,10.71731874635847,3.947395827346266,0
CAN,2019,1.69707568569413,18.2636327952059,46352.9695208927,37618495.0,41546.0,110.44035653207285,1.69989005552688,18.4499658353347,46539.2177903178,50.80029412542194,180.58712379720922,10.748072116482588,4.713489528785105,0
CAN,2020,1.83978682557174,18.0490111289434,43537.8981198851,38028638.0,25674.0,67.51227850968526,1.69707568569413,18.2636327952059,46352.9695208927,110.44035653207285,131.73276810739384,10.744062209633116,4.227012977521693,0
CAN,2021,1.59798849520844,17.8220720920725,52886.6407813788,38239864.0,59935.0,156.73434403427794,1.83978682557174,18.0490111289434,43537.8981198851,67.51227850968526,76.25097638906003,10.681410027162036,5.060912251071624,0
CAN,2022,1.93275289413659,17.6499102646032,56496.9275340663,38950132.0,14646.0,37.60192648384349,1.59798849520844,17.8220720920725,52886.6407813788,156.73434403427794,111.56232635867867,10.875924956927475,3.6533021841332394,0
CAN,2023,,17.4749435591654,54847.5370112652,40049088.0,193338.0,482.75256605094233,1.93275289413659,17.6499102646032,56496.9275340663,37.60192648384349,87.28284967593555,10.941959235648788,6.181573548827995,1
CHE,2011,0.676018757141646,26.34941251385,91910.3964565203,7912398.0,0.0,0.0,0.660915423473041,26.3913283580677,77956.1262043942,0.0,0.0,11.26391429050484,0.0,0
CHE,2012,0.633709414014706,26.2477370416378,87269.5594780124,7996861.0,0.0,0.0,0.676018757141646,26.34941251385,91910.3964565203,0.0,0.0,11.428580309975393,0.0,0
CHE,2013,0.660494448808131,25.8878615214449,88851.2374497983,8089346.0,13.0,0.16070520410426256,0.633709414014706,26.2477370416378,87269.5594780124,0.0,0.0,11.376768451022706,0.1490277549735514,0
CHE,2014,0.704200947707509,25.2597320940418,90511.6484558843,8188649.0,0.0,0.0,0.660494448808131,25.8878615214449,88851.2374497983,0.16070520410426256,0.05356840136808752,11.394730015593227,0.0,0
CHE,2015,0.616778703156649,24.3955039856831,85265.06205193,8282396.0,360.0,4.34656831187497,0.704200947707509,25.2597320940418,90511.6484558843,0.0,0.05356840136808752,11.4132448818657,1.676454918066452,0
CHE,2016,0.654422804507368,23.3273324226229,83432.4111596314,8373338.0,0.0,0.0,0.616778703156649,24.3955039856831,85265.06205193,4.34656831187497,1.5024245053264107,11.353531788564943,0.0,0
CHE,2017,0.63541491743859,22.0873726311157,83610.248611484,8451840.0,160.0,1.893078903528699,0.654422804507368,23.3273324226229,83432.4111596314,0.0,1.4488561039583232,11.331804121547542,1.0623212995690805,0
CHE,2018,0.631437161415847,20.7077798374156,87002.3382293532,8514329.0,18.0,0.21140832119595096,0.63541491743859,22.0873726311157,83610.248611484,1.893078903528699,2.079882405134556,11.333933342790328,0.1917835846148762,0
CHE,2019,0.642940291854216,19.2207092677771,85872.9702303454,8575280.0,10.0,0.11661426798891697,0.631437161415847,20.7077798374156,87002.3382293532,0.21140832119595096,0.7014957415748833,11.37370176735293,0.1103011318788616,0
CHE,2020,0.696554620330853,17.6583161484543,87529.7016394892,8638167.0,13.0,0.15049489087210285,0.642940291854216,19.2207092677771,85872.9702303454,0.11661426798891697,0.7403671642378556,11.360636037957502,0.1401921896942905,0
CHE,2021,0.61398916783592,15.7993522391121,96582.8687080693,8704546.0,145.0,1.665796240263421,0.696554620330853,17.6583161484543,87529.7016394892,0.15049489087210285,0.15950582668565694,11.379744886683037,0.9805027898272022,0
CHE,2022,0.59797791296259,15.0793733715479,97809.095567203,8777088.0,66.0,0.7519578247364046,0.61398916783592,15.7993522391121,96582.8687080693,1.665796240263421,0.6443017997081469,11.47816701565643,0.5607339195854106,0
CHE,2023,0.609392602614754,14.8145787320185,104449.75451772,8888822.0,342.0,3.8475289526553684,0.59797791296259,15.0793733715479,97809.095567203,0.7519578247364046,0.8560829852906428,11.490783077353921,1.5784690808152073,0
CHI,2011,,67.673664983612,60415.2632075658,159706.0,0.0,0.0,,67.8131770919617,56123.4597963451,0.0,0.0,10.935326999988794,0.0,0
CHI,2012,,67.5585665395252,58809.5698945413,160767.0,0.0,0.0,,67.673664983612,60415.2632075658,0.0,0.0,11.009013606082775,0.0,0
CHI,2013,,67.4567748224191,59308.4666588674,161777.0,0.0,0.0,,67.5585665395252,58809.5698945413,0.0,0.0,10.982076877843053,0.0,0
CHI,2014,,67.3724404725163,64697.5485024325,162726.0,0.0,0.0,,67.4567748224191,59308.4666588674,0.0,0.0,10.990524212360498,0.0,0
CHI,2015,,67.3092215723597,61847.8212238857,163454.0,0.0,0.0,,67.3724404725163,64697.5485024325,0.0,0.0,11.077494045962727,0.0,0
CHI,2016,0.77509060316217,67.2573740254639,55947.579811974,163883.0,0.0,0.0,,67.3092215723597,61847.8212238857,0.0,0.0,11.032448319011461,0.0,0
CHI,2017,0.807953278639483,67.2146780644369,55806.3554257428,164319.0,0.0,0.0,0.77509060316217,67.2573740254639,55947.579811974,0.0,0.0,10.93218833025391,0.0,0
CHI,2018,0.767487166202,67.1874008002029,60784.8125397162,164949.0,0.0,0.0,0.807953278639483,67.2146780644369,55806.3554257428,0.0,0.0,10.929660957347858,0.0,0
CHI,2019,0.747910703064867,67.1764588973124,60564.6293993681,165639.0,0.0,0.0,0.767487166202,67.1874008002029,60784.8125397162,0.0,0.0,11.015111694338508,0.0,0
CHI,2020,0.65071518437109,67.1752815020549,56785.9402005039,166235.0,0.0,0.0,0.747910703064867,67.1764588973124,60564.6293993681,0.0,0.0,11.011482839527147,0.0,0
CHI,2021,0.726325617227433,67.1851858928059,66915.3963925722,166741.0,0.0,0.0,0.65071518437109,67.1752815020549,56785.9402005039,0.0,0.0,10.94706165222473,0.0,0
CHI,2022,0.65038305783139,67.2079560901736,67627.1417347907,167215.0,0.0,0.0,0.726325617227433,67.1851858928059,66915.3963925722,0.0,0.0,11.111199304167444,0.0,0
CHI,2023,0.59887341153067,67.2445662024949,74585.5224096294,167691.0,0.0,0.0,0.65038305783139,67.2079560901736,67627.1417347907,0.0,0.0,11.12177947325508,0.0,0
CHL,2011,3.6261825670011,12.9890835346674,14487.3927832032,17351816.0,0.0,0.0,3.47828416321217,13.0439864407791,12632.8704724192,0.0,0.0,9.444136619104302,0.0,0
CHL,2012,3.27493332872821,12.9175056264304,15241.9069981119,17519119.0,300.0,1.7124148765699918,3.6261825670011,12.9890835346674,14487.3927832032,0.0,0.0,9.581103110129161,0.9978393364644751,0
CHL,2013,3.47337489216733,12.8172222345779,15683.5486369155,17687006.0,1200.0,6.784641787309848,3.27493332872821,12.9175056264304,15241.9069981119,1.7124148765699918,0.5708049588566639,9.631869558958174,2.0521527910365513,0
CHL,2014,3.94662053881596,12.6866298502022,14529.6767206336,17864195.0,12345.0,69.10470916825527,3.47337489216733,12.8172222345779,15683.5486369155,6.784641787309848,2.8323522212932803,9.660431343475974,4.249989969648054,0
CHL,2015,3.70940380878663,12.5346679657613,13433.9202987032,18047625.0,37100.0,205.5672145226865,3.94662053881596,12.6866298502022,14529.6767206336,69.10470916825527,25.867255277378373,9.584017329508258,5.330625853495983,0
CHL,2016,4.19908992069599,12.3693709421819,13649.8520452803,18267221.0,620.0,3.394057585442252,3.70940380878663,12.5346679657613,13433.9202987032,205.5672145226865,93.8188551594172,9.505612588669003,1.480253079348152,0
CHL,2017,4.28097139019722,12.1999704242719,14879.9086227187,18558868.0,9056.0,48.7960795884749,4.19908992069599,12.3693709421819,13649.8520452803,3.394057585442252,92.68866042546135,9.521557219564658,3.9079362578087857,0
CHL,2018,3.92743590539619,12.0379506246992,15659.4808675628,18893191.0,2590.0,13.708642441607665,4.28097139019722,12.1999704242719,14879.9086227187,48.7960795884749,85.91911723220123,9.607834369877544,2.688435242224532,0
CHL,2019,3.98747725626258,11.8726314376462,14496.9345640362,19197744.0,3854.0,20.07527551153927,3.92743590539619,12.0379506246992,15659.4808675628,13.708642441607665,21.96625987184162,9.658895675814271,3.04810057671062,0
CHL,2020,4.04444700251173,11.7046509561625,13117.9930230086,19370624.0,3448.0,17.800149339535988,3.98747725626258,11.8726314376462,14496.9345640362,20.07527551153927,27.526665847207287,9.581761474403004,2.9338648133966934,0
CHL,2021,3.50384190334655,11.5339488335548,16216.1840860289,19456334.0,1658.0,8.521646472557473,4.04444700251173,11.7046509561625,13117.9930230086,17.800149339535988,17.194689097560985,9.481816308257473,2.2535677826474085,0
CHL,2022,3.23604704755112,11.3604647231315,15399.1044717559,19553036.0,1542.0,7.88624334348896,3.50384190334655,11.5339488335548,16216.1840860289,8.521646472557473,15.465690441210919,9.693826705078077,2.1845043891814,0
CHL,2023,3.39083152306151,11.1841382782028,17081.5180740049,19658835.0,44373.0,225.71530815534086,3.23604704755112,11.3604647231315,15399.1044717559,7.88624334348896,11.402679718527482,9.642129572258963,5.423695081282846,0
CHN,2011,9.0338458593332,48.1699714660645,5703.76027973346,1345035000.0,4265200.0,317.10698978093507,9.16649906130733,50.7659729371959,4629.24551710077,1180.3439472828466,1180.3439472828466,8.440365173125944,5.76238777204696,0
CHN,2012,8.96505673533992,46.8996887207031,6405.0574241349,1354190000.0,5475900.0,404.3671862884824,9.0338458593332,48.1699714660645,5703.76027973346,317.10698978093507,748.7254685318908,8.649056242085287,6.004793289174323,1
CHN,2013,8.78442131602471,45.5099983215332,7147.03518622344,1363240000.0,4914200.0,360.4794460256448,8.96505673533992,46.8996887207031,6405.0574241349,404.3671862884824,633.9393744507547,8.764999294246143,5.890205182515277,0
CHN,2014,8.48242940933654,44.2497444152832,7781.06597484974,1371860000.0,3145490.0,229.28651611680493,8.78442131602471,45.5099983215332,7147.03518622344,360.4794460256448,360.65120736502075,8.874592798794264,5.439324255901994,0
CHN,2015,8.22401359479525,42.6702156066895,8175.33285077393,1379860000.0,3572281.0,258.88720594842954,8.48242940933654,44.2497444152832,7781.06597484974,229.28651611680493,331.377716143644,8.959577131386967,5.560247713611715,0
CHN,2016,7.90065017505416,41.1600761413574,8254.86859320357,1387790000.0,7390665.0,532.5492329531124,8.22401359479525,42.6702156066895,8175.33285077393,258.88720594842954,282.88438936362644,9.008999022325924,6.279551349432663,1
CHN,2017,7.32839239286042,39.7597312927246,8979.67652709856,1396215000.0,4388272.0,314.29772635303306,7.90065017505416,41.1600761413574,8254.86859320357,532.5492329531124,340.24098500611564,9.01867957107379,5.753517355465812,0
CHN,2018,6.91714289236836,38.4998016357422,10085.6638148819,1402760000.0,3983493.0,283.9753771136902,7.32839239286042,39.7597312927246,8979.67652709856,314.29772635303306,368.5780550848583,9.10283049555193,5.652402780443978,0
CHN,2019,7.00621575788341,37.2900848388672,10342.9009524335,1407745000.0,3933070.0,279.3879573360232,6.91714289236836,38.4998016357422,10085.6638148819,283.9753771136902,376.9407788066119,9.218969415946031,5.636174206078447,0
CHN,2020,7.54018198521241,36.4765769733742,10627.4637989619,1411100000.0,5058845.0,358.50364963503654,7.00621575788341,37.2900848388672,10342.9009524335,279.3879573360232,292.5536869342488,9.244152345041725,5.884724329084637,0
CHN,2021,7.08935251618004,35.278923034668,12887.4357242941,1412360000.0,5822046.0,412.2211051006825,7.54018198521241,36.4765769733742,10627.4637989619,358.50364963503654,307.28899469491654,9.27129094527284,6.023982813145063,1
CHN,2022,7.14788692830171,34.7823638916016,12970.6056414327,1412175000.0,3495857.0,247.5512595818507,7.08935251618004,35.278923034668,12887.4357242941,412.2211051006825,350.0375706905807,9.464085732812169,5.51564910024802,0
CHN,2023,6.88951941080068,34.4698551964477,12951.1782397043,1410710000.0,4573773.0,324.2178052186488,7.14788692830171,34.7823638916016,12970.6056414327,247.5512595818507,339.42533810585655,9.470518066212144,5.784495127769703,0
CIV,2011,18.4866714886447,52.3202448730377,1596.62826565998,22982000.0,0.0,0.0,17.4889170707842,52.7625698476799,1553.54887048143,0.0,0.0,7.348940667075682,0.0,0
CIV,2012,16.3751498758861,51.8757492446646,1546.9460184731,23467078.0,0.0,0.0,18.4866714886447,52.3202448730377,1596.62826565998,0.0,0.0,7.376275474521446,0.0,0
CIV,2013,15.3429019354945,51.4297667813792,1786.15862031324,23939775.0,78.0,0.3258175985363271,16.3751498758861,51.8757492446646,1546.9460184731,0.0,0.0,7.344684181754235,0.2820293246368358,0
CIV,2014,15.2417555256185,50.9826855442632,1991.36539423404,24527395.0,4500.0,18.346832184991516,15.3429019354945,51.4297667813792,1786.15862031324,0.3258175985363271,0.1086058661787757,7.488382274685904,2.9625286947036744,0
CIV,2015,18.3620416868752,50.5305105310447,1814.71855088017,25246342.0,0.0,0.0,15.2417555256185,50.9826855442632,1991.36539423404,18.346832184991516,6.224216594509282,7.597077852163546,0.0,0
CIV,2016,17.4349684074971,50.070008965968,1862.59597081287,25989405.0,0.0,0.0,18.3620416868752,50.5305105310447,1814.71855088017,0.0,6.224216594509282,7.504236564154632,0.0,0
CIV,2017,16.9409871496938,49.6022690345656,1964.29930338343,26733372.0,0.0,0.0,17.4349684074971,50.070008965968,1862.59597081287,0.0,6.1156107283305055,7.530263217895268,0.0,0
CIV,2018,17.8526014022659,49.1281522243605,2130.86619381144,27464173.0,3158.0,11.498616761553315,16.9409871496938,49.6022690345656,1964.29930338343,0.0,0.0,7.583399829947744,2.5256179791093536,0
CIV,2019,15.6880480775561,48.6485200228759,2141.76836170115,28193009.0,716.0,2.5396366879462917,17.8526014022659,49.1281522243605,2130.86619381144,11.498616761553315,3.832872253851105,7.664753022439753,1.2640240913551641,0
CIV,2020,16.9334154768944,48.1642339176349,2179.72934832935,28915449.0,1890.0,6.536298295074028,15.6880480775561,48.6485200228759,2141.76836170115,2.5396366879462917,4.6794178164998685,7.6698538989646075,2.019731119170363,0
CIV,2021,16.1805529630135,47.6816538043941,2455.98127641148,29639736.0,0.0,0.0,16.9334154768944,48.1642339176349,2179.72934832935,6.536298295074028,6.858183914857878,7.687414663283093,0.0,0
CIV,2022,16.5843332097616,47.1507450323327,2333.37128301259,30395002.0,2500.0,8.225036471456722,16.1805529630135,47.6816538043941,2455.98127641148,0.0,3.025311661006773,7.8066887519839945,2.2219211434642197,0
CIV,2023,15.9442578438607,46.5924798361296,2591.9659048119,31165654.0,1200.0,3.850392486549456,16.5843332097616,47.1507450323327,2333.37128301259,8.225036471456722,4.920444922176917,7.755497876036151,1.5790596267368793,0
CMR,2011,16.6973907363193,48.7770156965875,1513.96056994878,20232304.0,0.0,0.0,17.2697108767217,49.1494924628638,1398.58702025047,15.253151987592478,15.253151987592478,7.243932486551181,0.0,0
CMR,2012,16.6572401682217,48.4112880017139,1449.09874362279,20809529.0,30000.0,144.1647237666936,16.6973907363193,48.7770156965875,1513.96056994878,0.0,7.626575993796239,7.323144691168327,4.977869123608547,0
CMR,2013,16.7236611922507,48.0524408122976,1575.92882118897,21402376.0,10000.0,46.72378431254549,16.6572401682217,48.4112880017139,1449.09874362279,144.1647237666936,53.13929191809536,7.279386932146185,3.8654298965277207,0
CMR,2014,16.8258381780095,47.7006055623291,1649.4433905949,22059893.0,3500.0,15.865897445649441,16.7236611922507,48.0524408122976,1575.92882118897,46.72378431254549,63.6295026930797,7.363234450363529,2.825293680596162,0
CMR,2015,17.2094159041593,47.3559136857258,1415.00009710569,22763414.0,11260.0,49.46533942579966,16.8258381780095,47.7006055623291,1649.4433905949,15.865897445649441,68.91813517496284,7.408799252368118,3.9212867526327266,0
CMR,2016,17.1926623891151,47.0184966163208,1441.7201725688,23454161.0,0.0,0.0,17.2094159041593,47.3559136857258,1415.00009710569,49.46533942579966,37.3516737279982,7.255591342831128,0.0,0
CMR,2017,16.6929418227731,46.6884857878496,1496.08951771242,24128601.0,0.0,0.0,17.1926623891151,47.0184966163208,1441.7201725688,0.0,21.7770789571497,7.274285619365097,0.0,0
CMR,2018,16.4988006978593,46.3660126339347,1610.69641591017,24806383.0,0.0,0.0,16.6929418227731,46.6884857878496,1496.08951771242,0.0,16.488446475266556,7.3112781807028835,0.0,0
CMR,2019,16.8022835644401,46.0512085880669,1555.22660476477,25506095.0,24039.0,94.24806110068985,16.4988006978593,46.3660126339347,1610.69641591017,0.0,0.0,7.3850425777315545,4.556484657901357,0
CMR,2020,17.4968650540914,45.7442050835826,1555.60370660749,26210558.0,115600.0,441.0436435576839,16.8022835644401,46.0512085880669,1555.22660476477,94.24806110068985,31.416020366896618,7.350019327017141,6.091408618283851,1
CMR,2021,16.9592035415957,45.4451335536365,1672.32657340872,26915758.0,1800.0,6.687532262699048,17.4968650540914,45.7442050835826,1555.60370660749,441.0436435576839,178.4305682194579,7.350261615742734,2.0395998298976896,0
CMR,2022,16.5461644132745,45.1541254311682,1604.87726954895,27632771.0,66000.0,238.84683877704484,16.9592035415957,45.4451335536365,1672.32657340872,6.687532262699048,180.65974564035756,7.42256888421392,5.480000547861403,0
CMR,2023,17.0996372773511,44.8713121488612,1720.47510154506,28372687.0,2952.0,10.404372345840914,16.5461644132745,45.1541254311682,1604.87726954895,238.84683877704484,228.8593381991426,7.381425471629486,2.433996820976979,0
COD,2011,15.741544467002,60.2150307174141,372.514273875789,70849311.0,11600.0,16.372777428985863,28.8558506334207,60.608636291706,352.400398754692,143.37170998753,143.37170998753,5.867601688223081,2.8549044655124725,0
COD,2012,15.3232580698254,59.8229614420849,409.931424783784,73254618.0,23000.0,31.397337980794607,15.741544467002,60.2150307174141,372.514273875789,16.372777428985863,79.87224370825794,5.922956220377549,3.4780762583362903,0
COD,2013,13.6738761208634,59.4324736802842,460.370334930107,75789395.0,3820.0,5.040283010571598,15.3232580698254,59.8229614420849,409.931424783784,31.397337980794607,63.71394179910349,6.018426350900787,1.7984508669039134,0
COD,2014,12.488689362081,59.0436126465775,489.175952097319,78403242.0,24590.0,31.363498973677643,13.6738761208634,59.4324736802842,460.370334930107,5.040283010571598,17.603466140117355,6.134201050066547,3.4770312128492953,0
COD,2015,12.456053797914,58.6564235555306,495.826633014883,81035531.0,106508.0,131.43370406248093,12.488689362081,59.0436126465775,489.175952097319,31.363498973677643,22.600373321681285,6.194764412561652,4.8860821735128415,0
COD,2016,12.2895509013421,58.2709516217089,459.765036590388,83956415.0,129600.0,154.36580992649579,12.456053797914,58.6564235555306,495.826633014883,131.43370406248093,55.945828682243395,6.208241138310537,5.045782400384048,0
COD,2017,12.2591059827241,57.8872420596783,431.052559128788,87083398.0,27411.0,31.47672303738079,12.2895509013421,58.2709516217089,459.765036590388,154.36580992649579,105.72100432088477,6.132888231048106,3.48052361849731,0
COD,2018,12.3021936655493,57.5053400840042,518.169626875371,90047644.0,81557.0,90.57094264454048,12.2591059827241,57.8872420596783,431.052559128788,31.47672303738079,105.75874567545249,6.068547245493539,4.517114001317398,0
COD,2019,13.1512157041087,57.1252909092524,504.00419142286,92947442.0,235790.0,253.68099963418035,12.3021936655493,57.5053400840042,518.169626875371,90.57094264454048,92.13782520280569,6.252230663823864,5.540011780200727,0
COD,2020,13.7461066368954,56.7471397499885,486.425572682256,95989998.0,279167.0,290.82925910676653,13.1512157041087,57.1252909092524,504.00419142286,253.68099963418035,125.24288843870055,6.224566729088163,5.676168902161143,0
COD,2021,11.3157062519,56.3709318207782,595.743074403567,99148932.0,288260.0,290.7343469922601,13.7461066368954,56.7471397499885,486.425572682256,290.82925910676653,211.69373379516244,6.189137607361421,5.6758436176014095,0
COD,2022,10.3370074738162,55.996712336187,687.738587554685,102396968.0,424416.0,414.4810225240263,11.3157062519,56.3709318207782,595.743074403567,290.7343469922601,278.41486857773566,6.391486659627619,6.029436939423364,1
COD,2023,10.3773951595278,55.6245265107806,660.21205238997,105789731.0,133411.0,126.10959375631647,10.3370074738162,55.996712336187,687.738587554685,414.4810225240263,332.0148762076843,6.534861790536283,4.845049657300499,0
COG,2011,3.98393619152519,37.4402491869769,3396.16505817952,4609724.0,0.0,0.0,4.03853452122591,37.6077128941261,2946.55798067708,0.0,0.0,7.988732303355314,0.0,0
COG,2012,3.79877492298434,37.2812830905655,3732.32737320389,4740450.0,0.0,0.0,3.98393619152519,37.4402491869769,3396.16505817952,0.0,0.0,8.130696556376543,0.0,0
COG,2013,4.26008218811564,37.1317182819314,3697.41705884249,4857099.0,0.0,0.0,3.79877492298434,37.2812830905655,3732.32737320389,0.0,0.0,8.225055172150558,0.0,0
COG,2014,4.55765474287642,36.9924584381141,3601.2365808718,4975880.0,0.0,0.0,4.26008218811564,37.1317182819314,3697.41705884249,0.0,0.0,8.21566018515594,0.0,0
COG,2015,5.81058893116428,36.864407236153,2439.35189403696,5097581.0,0.0,0.0,4.55765474287642,36.9924584381141,3601.2365808718,0.0,0.0,8.189310203998748,0.0,0
COG,2016,6.76365035154121,36.7484683530877,2093.10728558843,5222536.0,0.0,0.0,5.81058893116428,36.864407236153,2439.35189403696,0.0,0.0,7.799897526756313,0.0,0
COG,2017,7.30993971951451,36.6455454659577,2211.63309874797,5351011.0,0.0,0.0,6.76365035154121,36.7484683530877,2093.10728558843,0.0,0.0,7.6468826248785,0.0,0
COG,2018,6.78839255400222,36.5565422518025,2694.43413191427,5483118.0,0.0,0.0,7.30993971951451,36.6455454659577,2211.63309874797,0.0,0.0,7.701938532698889,0.0,0
COG,2019,7.3469917082119,36.4823623876615,2488.42466724916,5616661.0,166002.0,2955.528204390473,6.78839255400222,36.5565422518025,2694.43413191427,0.0,0.0,7.899314558278654,7.991770955005833,1
COG,2020,10.6904243097029,36.4239095505743,1993.586671931,5752791.0,0.0,0.0,7.3469917082119,36.4823623876615,2488.42466724916,2955.528204390473,985.1760681301577,7.819806905431241,0.0,0
COG,2021,9.09674868938002,36.3820874175804,2516.16255145432,5892183.0,6700.0,113.70997811846644,10.6904243097029,36.4239095505743,1993.586671931,0.0,985.1760681301577,7.598192125869337,4.742407013537918,0
COG,2022,8.0419106943363,36.3577996657193,2620.83804267402,6035104.0,42000.0,695.9283551700187,9.09674868938002,36.3820874175804,2516.16255145432,113.70997811846644,1023.0793941696465,7.830887574478043,6.546682615190323,1
COG,2023,8.95211587630601,36.3373242384375,2477.97845544866,6182885.0,158120.0,2557.3821929406745,8.0419106943363,36.3577996657193,2620.83804267402,695.9283551700187,269.87944442949504,7.87163089379423,7.8471303818227724,1
COL,2011,6.09169610822215,23.160996386794,7400.9940695669,45259614.0,149000.0,329.2118222660936,6.32485387641069,23.2767024327881,6398.2958447102,6699.820505108847,6699.820505108847,8.763943239030619,5.799734334194872,0
COL,2012,5.58268705354932,23.057788796735,8108.59838244229,45715810.0,64000.0,139.9953320306476,6.09169610822215,23.160996386794,7400.9940695669,329.2118222660936,3514.5161636874705,8.90950471175244,4.948726783664528,0
COL,2013,5.39271495449472,22.9684011810078,8279.10255642981,46151584.0,9187.0,19.906142333056216,5.58268705354932,23.057788796735,8108.59838244229,139.9953320306476,2389.6758864685294,9.000803624606087,3.0400430073268985,0
COL,2014,5.44695721474421,22.8941550580091,8187.20824890084,46565429.0,7518.0,16.145024670555486,5.39271495449472,22.9684011810078,8279.10255642981,19.906142333056216,163.0377655432658,9.021610633344846,2.841708024849718,0
COL,2015,5.98042480849816,22.8363719461354,6248.51490534512,46969940.0,4529.0,9.642337205455233,5.44695721474421,22.8941550580091,8187.20824890084,16.145024670555486,58.68216634475311,9.010450379884825,2.3648401219581423,0
COL,2016,6.60641226605787,22.7963733637834,5959.84250367574,47437512.0,31210.0,65.79181471406004,5.98042480849816,22.8363719461354,6248.51490534512,9.642337205455233,15.231168069688978,8.740259124573456,4.201580538814011,0
COL,2017,6.38966355268118,22.7754808293497,6479.53231292429,48131078.0,24730.0,51.380523827037486,6.60641226605787,22.7963733637834,5959.84250367574,65.79181471406004,30.526392196690253,8.692967109746196,3.9585348395457407,0
COL,2018,6.22570968960033,22.7195183401916,6816.96818309544,49024465.0,66793.0,136.24422010520667,6.38966355268118,22.7754808293497,6479.53231292429,51.380523827037486,42.27155858218425,8.776557933028654,4.921761967336826,0
COL,2019,6.41072082168314,22.5404471481623,6472.54544924705,49907985.0,35749.0,71.62982035840557,6.22570968960033,22.7195183401916,6816.96818309544,136.24422010520667,84.47218621543472,8.827316786083182,4.285375586234949,0
COL,2020,7.50848046663348,22.3617466462955,5339.68711357943,50629997.0,63518.0,125.4552711113137,6.41072082168314,22.5404471481623,6472.54544924705,71.62982035840557,86.41818809688324,8.775479220289233,4.839888657587724,0
COL,2021,7.77187301385002,22.1660429673872,6222.62164397614,51188173.0,31191.0,60.93399739037375,7.50848046663348,22.3617466462955,5339.68711357943,125.4552711113137,111.10977052497532,8.583109596631536,4.126069259780741,0
COL,2022,8.83154473689041,21.9535366862665,6680.44506854481,51737944.0,281129.0,543.3710315199228,7.77187301385002,22.1660429673872,6222.62164397614,60.93399739037375,86.00636295336433,8.736107274160858,6.299631057605311,1
COL,2023,8.79586693548387,21.724428420456,7012.49169137756,52321152.0,349447.0,667.8885816581409,8.83154473689041,21.9535366862665,6680.44506854481,543.3710315199228,243.25343334053673,8.807089570761713,6.50561750165147,1
COM,2011,30.5642731101881,70.8863249746314,1531.43969320468,668056.0,0.0,0.0,30.4159781880526,71.1459017086199,1386.57533553376,0.0,0.0,7.235313140026809,0.0,0
COM,2012,30.1730899304755,70.602049306101,1490.31425650871,681630.0,11000.0,1613.7787362645424,30.5642731101881,70.8863249746314,1531.43969320468,0.0,0.0,7.334616315130468,7.386953220861707,1
COM,2013,30.7898620674783,70.2956517478518,1603.32653496691,696192.0,0.0,0.0,30.1730899304755,70.602049306101,1490.31425650871,1613.7787362645424,537.9262454215142,7.3074130615089405,0.0,0
COM,2014,30.0114530891401,69.9697093447068,1615.71709756316,711503.0,9000.0,1264.9279061367274,30.7898620674783,70.2956517478518,1603.32653496691,0.0,537.9262454215142,7.380459343123576,7.143560654903106,1
COM,2015,30.5986282117727,69.6267991414888,1329.37048235986,726682.0,0.0,0.0,30.0114530891401,69.9697093447068,1615.71709756316,1264.9279061367274,959.5688808004234,7.38815288914585,0.0,0
COM,2016,31.3684720287721,69.2694981830208,1365.48403444497,741741.0,0.0,0.0,30.5986282117727,69.6267991414888,1329.37048235986,0.0,421.6426353789091,7.193212740590986,0.0,0
COM,2017,31.8988868689753,68.9003440310707,1423.9248027797,756669.0,94.0,12.422869180579621,31.3684720287721,69.2694981830208,1365.48403444497,0.0,421.6426353789091,7.219996321761611,2.5969599075427587,0
COM,2018,33.7201530586489,68.5926354804161,1540.71132257526,771590.0,0.0,0.0,31.8988868689753,68.9003440310707,1423.9248027797,12.422869180579621,4.14095639352654,7.2618743213312085,0.0,0
COM,2019,35.6200979878781,68.2712415931757,1519.26386436068,786578.0,19000.0,2415.526495782999,33.7201530586489,68.5926354804161,1540.71132257526,0.0,4.14095639352654,7.340648326853673,7.790086455753479,1
COM,2020,35.7974035819198,67.9361927805119,1527.16991011916,802163.0,0.0,0.0,35.6200979878781,68.2712415931757,1519.26386436068,2415.526495782999,809.3164549878596,7.32663919374859,0.0,0
COM,2021,35.2409488047407,67.5875555686754,1587.72988658008,818174.0,0.0,0.0,35.7974035819198,67.9361927805119,1527.16991011916,0.0,805.175498594333,7.331826161266421,0.0,0
COM,2022,35.1643241181568,67.2253964471252,1533.87755393614,834188.0,0.0,0.0,35.2409488047407,67.5875555686754,1587.72988658008,0.0,805.175498594333,7.370690162521138,0.0,0
COM,2023,34.1551138143977,66.8497819053099,1723.89474946474,850387.0,0.0,0.0,35.1643241181568,67.2253964471252,1533.87755393614,0.0,0.0,7.336205887416837,0.0,0
CPV,2011,5.39925327001121,37.2580070963116,4002.01386888785,511447.0,0.0,0.0,5.82909277007133,38.2025737267698,3579.46006137809,0.0,0.0,8.183246579903031,0.0,0
CPV,2012,5.79088758494564,36.2739545479004,3736.81517011087,511955.0,0.0,0.0,5.39925327001121,37.2580070963116,4002.01386888785,0.0,0.0,8.294802823610066,0.0,0
CPV,2013,5.82359125603063,35.2513792478174,3960.97596791345,512225.0,0.0,0.0,5.79088758494564,36.2739545479004,3736.81517011087,0.0,0.0,8.226256540594736,0.0,0
CPV,2014,5.73506923863287,34.1914887287258,3985.60706548134,512326.0,0.0,0.0,5.82359125603063,35.2513792478174,3960.97596791345,0.0,0.0,8.284498161594833,0.0,0
CPV,2015,6.4082863760272,33.0954905232884,3415.06266730931,512394.0,190.0,37.080840134740065,5.73506923863287,34.1914887287258,3985.60706548134,0.0,0.0,8.29069578859466,3.639711272041666,0
CPV,2016,6.31352277353712,31.9645921641684,3608.96605234906,512554.0,0.0,0.0,6.4082863760272,33.0954905232884,3415.06266730931,37.080840134740065,12.360280044913354,8.136243899971252,0.0,0
CPV,2017,5.37533502619645,30.8000011840287,3893.09571382506,512893.0,0.0,0.0,6.31352277353712,31.9645921641684,3608.96605234906,0.0,12.360280044913354,8.191453647501287,0.0,0
CPV,2018,4.52276867410321,29.6029251155323,4294.96510035729,513415.0,0.0,0.0,5.37533502619645,30.8000011840287,3893.09571382506,0.0,12.360280044913354,8.267216765451602,0.0,0
CPV,2019,4.437360866953,28.3745714913423,4380.78117331128,514104.0,0.0,0.0,4.52276867410321,29.6029251155323,4294.96510035729,0.0,0.0,8.365431512402743,0.0,0
CPV,2020,6.19132745485182,27.1161478441216,3539.22661248299,514679.0,750.0,145.72189656076895,4.437360866953,28.3745714913423,4380.78117331128,0.0,0.0,8.385210581279843,4.988538934820254,0
CPV,2021,5.97147405923183,25.8392069107173,3971.44409203423,516649.0,0.0,0.0,6.19132745485182,27.1161478441216,3539.22661248299,145.72189656076895,48.573965520256316,8.171946018904661,0.0,0
CPV,2022,4.95404868851136,24.966261939151,4323.31362032709,519741.0,0.0,0.0,5.97147405923183,25.8392069107173,3971.44409203423,0.0,48.573965520256316,8.287136824563373,0.0,0
CPV,2023,4.85483833304009,24.0935754246624,4794.90119772843,522331.0,0.0,0.0,4.95404868851136,24.966261939151,4323.31362032709,0.0,48.573965520256316,8.372008706269316,0.0,0
CRI,2011,5.59987200236542,27.1573413320086,9276.39109377477,4609833.0,2100.0,45.554795585870465,6.48518943828866,28.4918551025085,8265.78820580299,0.0,0.0,9.020001345691764,3.840630018521498,0
CRI,2012,5.13084175441445,26.6104979331783,10126.9991155066,4663934.0,2000.0,42.88225347957325,5.59987200236542,27.1573413320086,9276.39109377477,45.554795585870465,22.777397792935233,9.13533565411886,3.7815099895936966,0
CRI,2013,4.78335102557187,26.0568223807137,10803.2401795009,4716147.0,45.0,0.9541687313817826,5.13084175441445,26.6104979331783,10126.9991155066,42.88225347957325,29.479016355147905,9.223059057052456,0.669964901674365,0
CRI,2014,4.88788395875916,25.5133036818788,10911.4978703456,4767119.0,0.0,0.0,4.78335102557187,26.0568223807137,10803.2401795009,0.9541687313817826,29.797072598941835,9.287693945274526,0.0,0
CRI,2015,4.74911027286369,24.9801804232451,11714.7106121672,4818038.0,1100.0,22.83087015918098,4.88788395875916,25.5133036818788,10911.4978703456,0.0,14.612140736985012,9.297664004990505,3.1709818057264423,0
CRI,2016,4.91435592970492,24.4576911914953,12091.0301560892,4866998.0,5772.0,118.59466554126385,4.74911027286369,24.9801804232451,11714.7106121672,22.83087015918098,7.9283462968542535,9.36868600741785,4.784108238024016,0
CRI,2017,4.69977628322676,23.9460745734392,12317.0902779911,4913177.0,21341.0,434.362531616508,4.91435592970492,24.4576911914953,12091.0301560892,118.59466554126385,47.14184523348161,9.400301849783867,6.076179090013683,1
CRI,2018,4.47325083104707,23.4455691560332,12620.0207321581,4957818.0,5699.0,114.94976217360137,4.69977628322676,23.9460745734392,12317.0902779911,434.362531616508,191.92935577231762,9.418824215168915,4.753157012587763,0
CRI,2019,4.18025788974533,22.9564135264037,12951.8588421841,4999553.0,389.0,7.78069559418612,4.47325083104707,23.4455691560332,12620.0207321581,114.94976217360137,222.63565311045772,9.443119014928868,2.172555629359258,0
CRI,2020,4.31579869146708,22.4788462718743,12475.6852076814,5034320.0,4258.0,84.5794466780022,4.18025788974533,22.9564135264037,12951.8588421841,7.78069559418612,185.6976631280985,9.469071802777993,4.449445145415096,0
CRI,2021,4.34558711185467,22.0131059799991,12962.2716075659,5059988.0,287.0,5.6719502101586015,4.31579869146708,22.4788462718743,12475.6852076814,84.5794466780022,69.1033014819299,9.43161699828441,1.8979122025223962,0
CRI,2022,4.02952141180054,21.5594312386028,13971.7649991294,5081765.0,1620.0,31.87868781811044,4.34558711185467,22.0131059799991,12962.2716075659,5.6719502101586015,32.677364160782304,9.469875376904332,3.492824661183305,0
CRI,2023,3.73326442310783,21.1180606358298,17140.771430122,5105525.0,290.0,5.680121045338138,4.02952141180054,21.5594312386028,13971.7649991294,31.87868781811044,40.71002823542375,9.544865356727426,1.8991361079439806,0
CUB,2011,3.60487027105378,23.292336097212,6104.46105236166,11301571.0,0.0,0.0,3.61428926750404,23.3900867531315,5272.26755824835,0.0,0.0,8.570405479424357,0.0,0
CUB,2012,3.85009775638835,23.2223079933156,6470.83673392653,11303175.0,351500.0,3109.7457130408047,3.60487027105378,23.292336097212,6104.46105236166,0.0,0.0,8.716938904145639,8.042617755543661,1
CUB,2013,3.92492352361694,23.18359375,6828.36428245396,11298167.0,0.0,0.0,3.85009775638835,23.2223079933156,6470.83673392653,3109.7457130408047,1036.5819043469348,8.775215231894567,0.0,0
CUB,2014,3.93770588957314,23.1557540893555,7146.70459051328,11285775.0,0.0,0.0,3.92492352361694,23.18359375,6828.36428245396,0.0,1036.5819043469348,8.828986870993344,0.0,0
CUB,2015,3.83575415916853,23.1297149658203,7727.91997207998,11275065.0,2000.0,17.738256941312535,3.93770588957314,23.1557540893555,7146.70459051328,0.0,1036.5819043469348,8.874546547853022,2.9305672597475323,0
CUB,2016,3.9383388809409,23.0884170532227,8110.55874283616,11265612.0,1079000.0,9577.819651520042,3.83575415916853,23.1297149658203,7727.91997207998,17.738256941312535,5.912752313770845,8.952724412813387,9.167309653720533,1
CUB,2017,3.80018101210528,23.0396728515625,8610.60829605429,11247829.0,1738000.0,15451.870756570002,3.9383388809409,23.0884170532227,8110.55874283616,9577.819651520042,3198.5193028204517,9.001045328744487,9.645550074552178,1
CUB,2018,3.78237294808932,22.9843673706055,8911.46205998726,11227118.0,52820.0,470.46802215849164,3.80018101210528,23.0396728515625,8610.60829605429,15451.870756570002,8349.142888343786,9.060866373944773,6.155851278264498,1
CUB,2019,3.56732632295441,22.9271774291992,9232.26115935183,11202846.0,9900.0,88.3704015925953,3.78237294808932,22.9843673706055,8911.46205998726,470.46802215849164,8500.052810082845,9.095205807769565,4.492789548978318,0
CUB,2020,2.7619420225054,22.8919677734375,9605.27914559614,11176354.0,639643.0,5723.181280764729,3.56732632295441,22.9271774291992,9232.26115935183,88.3704015925953,5336.90306010703,9.130567586800073,8.652454810469175,1
CUB,2021,0.882032508097678,22.9012298583984,,11122168.0,194000.0,1744.2642477617671,2.7619420225054,22.8919677734375,9605.27914559614,5723.181280764729,2094.006568171939,9.170172241306625,7.464661254554055,1
CUB,2022,0.800672255103121,22.8943939208984,,11059820.0,89900.0,812.8522887352597,0.882032508097678,22.9012298583984,,1744.2642477617671,2518.6053100396975,,6.701778886065855,1
CUB,2023,1.40578740133741,22.8740127703679,,11019931.0,42070.0,381.76282591969044,0.800672255103121,22.8943939208984,,812.8522887352597,2760.0992724205857,,5.947415543890628,1
CUW,2011,0.309495090731695,8.7360583815896,19426.326382752,150831.0,0.0,0.0,0.441001800600715,8.75086967216031,19847.2310127979,0.0,0.0,9.895870164400936,0.0,0
CUW,2012,0.188964280562745,8.7208699387689,19809.8223198624,152088.0,0.0,0.0,0.309495090731695,8.7360583815896,19426.326382752,0.0,0.0,9.874435930368751,0.0,0
CUW,2013,0.22782320389,8.7061214131203,19721.2921646576,153822.0,0.0,0.0,0.188964280562745,8.7208699387689,19809.8223198624,0.0,0.0,9.89398364917243,0.0,0
CUW,2014,0.207328308869147,8.6917969189052,19623.029993395,155909.0,0.0,0.0,0.22782320389,8.7061214131203,19721.2921646576,0.0,0.0,9.889504856932104,0.0,0
CUW,2015,0.205942605210667,8.6779528350245,19361.8130008678,157980.0,0.0,0.0,0.207328308869147,8.6917969189052,19623.029993395,0.0,0.0,9.884510114340898,0.0,0
CUW,2016,0.16956720845354,8.6646455403795,18944.0961493998,159664.0,0.0,0.0,0.205942605210667,8.6779528350245,19361.8130008678,0.0,0.0,9.8711096499072,0.0,0
CUW,2017,0.166280974292915,8.6519314138713,18938.2440469703,160175.0,0.0,0.0,0.16956720845354,8.6646455403795,18944.0961493998,0.0,0.0,9.849300398625877,0.0,0
CUW,2018,0.214779296434087,8.63986683440091,19119.1243941688,159336.0,0.0,0.0,0.166280974292915,8.6519314138713,18938.2440469703,0.0,0.0,9.848991452900771,0.0,0
CUW,2019,0.231767604640278,8.6285081808695,19220.6866958303,157441.0,0.0,0.0,0.214779296434087,8.63986683440091,19119.1243941688,0.0,0.0,9.8584966925554,0.0,0
CUW,2020,0.268419351323097,8.61791183217819,16299.8134688605,155482.0,0.0,0.0,0.231767604640278,8.6285081808695,19220.6866958303,0.0,0.0,9.863794436001113,0.0,0
CUW,2021,0.259156337604847,8.608134167228,17795.5826483092,153948.0,0.0,0.0,0.268419351323097,8.61791183217819,16299.8134688605,0.0,0.0,9.698970291614648,0.0,0
CUW,2022,0.266175017331497,8.5992315649201,20057.1404960105,153321.0,0.0,0.0,0.259156337604847,8.608134167228,17795.5826483092,0.0,0.0,9.786761731798451,0.0,0
CUW,2023,0.268253249045421,8.5919070707765,21217.8109173312,154654.0,0.0,0.0,0.266175017331497,8.5992315649201,20057.1404960105,0.0,0.0,9.906390360111134,0.0,0
CYM,2011,0.329023759250102,0.0,75280.960764889,55606.0,0.0,0.0,0.312850351574142,0.0,76837.6699636672,0.0,0.0,11.249463307566462,0.0,0
CYM,2012,0.330634392733331,0.0,75101.59136128,57136.0,0.0,0.0,0.329023759250102,0.0,75280.960764889,0.0,0.0,11.228995820212424,0.0,0
CYM,2013,0.34097402629238,0.0,75113.7332398618,58655.0,0.0,0.0,0.330634392733331,0.0,75101.59136128,0.0,0.0,11.226610342633357,0.0,0
CYM,2014,0.357974783468847,0.0,75845.3060407986,60160.0,0.0,0.0,0.34097402629238,0.0,75113.7332398618,0.0,0.0,11.226772000133789,0.0,0
CYM,2015,0.378694095538705,0.0,76379.2095108681,61642.0,0.0,0.0,0.357974783468847,0.0,75845.3060407986,0.0,0.0,11.236464282744327,0.0,0
CYM,2016,0.399458774449959,0.0,77802.2541567187,63100.0,0.0,0.0,0.378694095538705,0.0,76379.2095108681,0.0,0.0,11.243478903782659,0.0,0
CYM,2017,0.418315712387287,0.0,80053.9444506891,64535.0,0.0,0.0,0.399458774449959,0.0,77802.2541567187,0.0,0.0,11.261938536498931,0.0,0
CYM,2018,0.408587365212128,0.0,83865.5531568184,65941.0,0.0,0.0,0.418315712387287,0.0,80053.9444506891,0.0,0.0,11.290468483546578,0.0,0
CYM,2019,0.414317853358841,0.0,88254.2903677044,67327.0,0.0,0.0,0.408587365212128,0.0,83865.5531568184,0.0,0.0,11.336982161683336,0.0,0
CYM,2020,0.435397889334994,0.0,82338.7977439023,68684.0,0.0,0.0,0.414317853358841,0.0,88254.2903677044,0.0,0.0,11.387988920508162,0.0,0
CYM,2021,0.454181072913047,0.0,86449.6749037302,70108.0,41.0,58.481200433616706,0.435397889334994,0.0,82338.7977439023,0.0,0.0,11.31860983896798,4.085660303527113,0
CYM,2022,0.469402852319854,0.0,92937.8838323153,71591.0,0.0,0.0,0.454181072913047,0.0,86449.6749037302,58.481200433616706,19.493733477872237,11.367329297948865,0.0,0
CYM,2023,0.407922277766161,0.0,100065.233841107,73038.0,0.0,0.0,0.469402852319854,0.0,92937.8838323153,0.0,19.493733477872237,11.439697393015695,0.0,0
CYP,2011,2.14531860991971,32.6020107241456,32485.8046875,1146493.0,0.0,0.0,2.05766089497283,32.4770888443658,31105.02734375,0.0,0.0,10.345156884654784,0.0,0
CYP,2012,2.00128009868188,32.6989710851262,28991.9296875,1165397.0,0.0,0.0,2.14531860991971,32.6020107241456,32485.8046875,0.0,0.0,10.388589276258225,0.0,0
CYP,2013,2.03633566673278,32.7897666374625,27764.7265625,1183895.0,0.0,0.0,2.00128009868188,32.6989710851262,28991.9296875,0.0,0.0,10.274807275364303,0.0,0
CYP,2014,1.84487621232733,32.8769441180196,26993.095703125,1201801.0,0.0,0.0,2.03633566673278,32.7897666374625,27764.7265625,0.0,0.0,10.231557681620735,0.0,0
CYP,2015,1.86798451841109,32.9597522081927,23088.4296875,1219502.0,0.0,0.0,1.84487621232733,32.8769441180196,26993.095703125,0.0,0.0,10.203373443410984,0.0,0
CYP,2016,2.14376219902412,33.0374395893769,24280.044921875,1237112.0,40.0,3.233336997781931,1.86798451841109,32.9597522081927,23088.4296875,0.0,0.0,10.047130202498245,1.4429905704138404,0
CYP,2017,1.85263298228741,33.1092549429674,26247.46484375,1254275.0,0.0,0.0,2.14376219902412,33.0374395893769,24280.044921875,3.233336997781931,1.0777789992606437,10.097451280568444,0.0,0
CYP,2018,1.71813809861456,33.1744469503595,29120.38671875,1270737.0,8.0,0.6295559191240989,1.85263298228741,33.1092549429674,26247.46484375,0.0,1.0777789992606437,10.175362784166765,0.4883075354443837,0
CYP,2019,1.74820535403514,33.2322642929482,29227.16796875,1286671.0,0.0,0.0,1.71813809861456,33.1744469503595,29120.38671875,0.6295559191240989,1.2876309723020098,10.27922812201298,0.0,0
CYP,2020,1.82533569194245,33.2819556521287,28130.330078125,1302247.0,0.0,0.0,1.74820535403514,33.2322642929482,29227.16796875,0.0,0.2098519730413663,10.282888179738375,0.0,0
CYP,2021,1.50250271739903,33.3281634605029,32937.8359375,1317309.0,59.0,4.478827670652823,1.82533569194245,33.2819556521287,28130.330078125,0.0,0.2098519730413663,10.244639183626838,1.7008911493609244,0
CYP,2022,1.186076126012,33.3305170592416,33231.05078125,1331370.0,54.0,4.055972419387548,1.50250271739903,33.3281634605029,32937.8359375,4.478827670652823,1.4929425568842742,10.402407664233488,1.6205702018034807,0
CYP,2023,1.15495918435607,33.3260522477361,36623.70703125,1344976.0,57.0,4.237993837808259,1.186076126012,33.3305170592416,33231.05078125,4.055972419387548,2.84493336334679,10.411270074197597,1.655938569645015,0
CZE,2011,1.96393230867654,26.7121661605254,22049.1080788682,10496088.0,0.0,0.0,1.52258196973334,26.6504400777277,20160.4355077059,0.0,0.0,9.911526925389676,0.0,0
CZE,2012,2.23162666151254,26.7750760407102,20014.0354015165,10510785.0,0.0,0.0,1.96393230867654,26.7121661605254,22049.1080788682,0.0,0.0,10.001072782398952,0.0,0
CZE,2013,2.34758315581321,26.8377813065021,20260.4954999375,10514272.0,26000.0,247.28293123860595,2.23162666151254,26.7750760407102,20014.0354015165,0.0,0.0,9.904239040174373,5.514568947656708,0
CZE,2014,2.39269564510297,26.9004078958531,20038.4163180257,10525347.0,0.0,0.0,2.34758315581321,26.8377813065021,20260.4954999375,247.28293123860595,82.42764374620198,9.91647759047517,0.0,0
CZE,2015,2.25892571347988,26.9629557125645,17931.5987670768,10546059.0,0.0,0.0,2.39269564510297,26.9004078958531,20038.4163180257,0.0,82.42764374620198,9.905456428927614,0.0,0
CZE,2016,2.14809736879598,27.0254246604377,18753.9686718096,10566332.0,0.0,0.0,2.25892571347988,26.9629557125645,17931.5987670768,0.0,82.42764374620198,9.794375495699171,0.0,0
CZE,2017,2.10545968755889,27.0878146432744,20913.197632212,10594438.0,0.0,0.0,2.14809736879598,27.0254246604377,18753.9686718096,0.0,0.0,9.83921399212321,0.0,0
CZE,2018,1.96856224682798,27.1501255648759,23705.9329811299,10629928.0,12.0,0.11288881730901659,2.10545968755889,27.0878146432744,20913.197632212,0.0,0.0,9.948183519870604,0.10695917270254655,0
CZE,2019,1.89151770908811,27.2123573290437,24062.7190013343,10671870.0,0.0,0.0,1.96856224682798,27.1501255648759,23705.9329811299,0.11288881730901659,0.0376296057696722,10.07352281519378,0.0,0
CZE,2020,1.94399138825301,27.2745098395792,23472.8915454417,10697858.0,43.0,0.4019496239340623,1.89151770908811,27.2123573290437,24062.7190013343,0.0,0.0376296057696722,10.088460549542686,0.33786385639342187,0
CZE,2021,1.75886666492278,27.3189405625684,27696.4619527544,10505772.0,2820.0,26.84238721342896,1.94399138825301,27.2745098395792,23472.8915454417,0.4019496239340623,0.17161281374769297,10.063644084450099,3.326559579398902,0
CZE,2022,2.07634975500264,27.3032361620476,28282.2236715857,10672118.0,0.0,0.0,1.75886666492278,27.3189405625684,27696.4619527544,26.84238721342896,9.08144561245434,10.229096061723133,0.0,0
CZE,2023,2.14121915412639,27.2647611603183,31761.5944102491,10864042.0,64.0,0.589099342583543,2.07634975500264,27.3032361620476,28282.2236715857,0.0,9.08144561245434,10.250024104729906,0.46316740453272637,0
DEU,2011,0.924638957956395,19.6594237071802,47630.9761883572,80274983.0,0.0,0.0,0.775984032180357,19.694297440051,42396.9665976293,0.0,0.0,10.654855682466964,0.0,0
DEU,2012,0.911412934754651,19.606552479782,44718.0159214069,80425823.0,0.0,0.0,0.924638957956395,19.6594237071802,47630.9761883572,0.0,0.0,10.77125958334691,0.0,0
DEU,2013,0.927130138706706,19.5267681599638,47206.8353514242,80645605.0,53000.0,65.71963841054946,0.911412934754651,19.606552479782,44718.0159214069,0.0,0.0,10.708154102251594,4.200499338529653,0
DEU,2014,0.915606456087681,19.42425976257,48959.5991203133,80982500.0,0.0,0.0,0.927130138706706,19.5267681599638,47206.8353514242,65.71963841054946,21.906546136849823,10.762315161004778,0.0,0
DEU,2015,0.708512712866412,19.3025628367186,41929.7549110722,81686611.0,0.0,0.0,0.915606456087681,19.42425976257,48959.5991203133,0.0,21.906546136849823,10.798771154045841,0.0,0
DEU,2016,0.730531013610999,19.1652129315275,42948.9381932694,82348669.0,2000.0,2.428697420719696,0.708512712866412,19.3025628367186,41929.7549110722,0.0,21.906546136849823,10.643774844082685,1.2321804283273632,0
DEU,2017,0.860007620510574,19.0157455961147,45553.9341495339,82657002.0,218.0,0.26374051166288365,0.730531013610999,19.1652129315275,42948.9381932694,2.428697420719696,0.8095658069065653,10.667790488372237,0.23407598324355408,0
DEU,2018,0.742451289010288,18.8576963795982,48916.1686612154,82905782.0,509.0,0.6139499413925075,0.860007620510574,19.0157455961147,45553.9341495339,0.26374051166288365,0.8974793107941932,10.72667422063125,0.47868455412049643,0
DEU,2019,0.833126017731138,18.6946008310961,47656.199739747,83092962.0,680.0,0.8183605249262867,0.742451289010288,18.8576963795982,48916.1686612154,0.6139499413925075,1.1021292912583622,10.797883711209074,0.5979352846350595,0
DEU,2020,0.728659526127881,18.5299944997262,47394.8734504469,83160871.0,2.0,0.0024049772157869777,0.833126017731138,18.6946008310961,47656.199739747,0.8183605249262867,0.5653503259938927,10.771788993990526,0.002402089886463648,0
DEU,2021,0.753895620719434,18.3674129346066,52349.2459994422,83196078.0,17290.0,20.78222966231653,0.728659526127881,18.5299944997262,47394.8734504469,0.0024049772157869777,0.4782384811781937,10.76629044588595,3.081094484272345,0
DEU,2022,0.994638278032481,18.2132147219005,50506.5179638543,83177813.0,630.0,0.7574135184342969,0.753895620719434,18.3674129346066,52349.2459994422,20.78222966231653,7.200998388152868,10.865711915417387,0.5638431363422115,0
DEU,2023,0.929156663056282,18.0965633307871,54776.7668235491,83287273.0,3340.0,4.0102165429284735,0.994638278032481,18.2132147219005,50506.5179638543,0.7574135184342969,7.180682719322205,10.8298774747547,1.6114791363041354,0
DJI,2011,,29.3223467541324,1306.34552844977,948558.0,0.0,0.0,,29.3513445217097,1213.23352553429,0.0,0.0,7.101868313527711,0.0,0
DJI,2012,,29.2733688664623,1400.19357858954,966747.0,0.0,0.0,,29.3223467541324,1306.34552844977,0.0,0.0,7.175754046282642,0.0,0
DJI,2013,1.19392304728354,29.2030668712516,2075.94498424748,984824.0,0.0,0.0,,29.2733688664623,1400.19357858954,0.0,0.0,7.2450797085191825,0.0,0
DJI,2014,1.22411023326762,29.1100967810522,2214.62084142432,1002717.0,0.0,0.0,1.19392304728354,29.2030668712516,2075.94498424748,0.0,0.0,7.638653335440309,0.0,0
DJI,2015,1.05900752644099,28.9931146084163,2376.12554719873,1020313.0,0.0,0.0,1.22411023326762,29.1100967810522,2214.62084142432,0.0,0.0,7.703287932787536,0.0,0
DJI,2016,0.99558771996226,28.8507763658959,2510.4300076241,1037653.0,0.0,0.0,1.05900752644099,28.9931146084163,2376.12554719873,0.0,0.0,7.773647283465916,0.0,0
DJI,2017,1.29424095183589,28.681738066043,2618.95521147369,1054841.0,0.0,0.0,0.99558771996226,28.8507763658959,2510.4300076241,0.0,0.0,7.828607594047667,0.0,0
DJI,2018,1.41671102035767,28.4846557214098,2718.08338799203,1071882.0,9400.0,876.9622029290538,1.29424095183589,28.681738066043,2618.95521147369,0.0,0.0,7.870912501751653,6.777603543652732,1
DJI,2019,1.51935229833123,28.2581853445482,2837.16902340932,1088709.0,10000.0,918.5190900415079,1.41671102035767,28.4846557214098,2718.08338799203,876.9622029290538,292.3207343096846,7.908050112787439,6.82385080515731,1
DJI,2020,1.99744473588682,28.0009829480105,2844.88810647853,1105188.0,11.0,0.9953057760308652,1.51935229833123,28.2581853445482,2837.16902340932,918.5190900415079,598.4937643235206,7.950914413173208,0.6907973097904136,0
DJI,2021,3.00716226184265,27.7117045443485,3025.91126413549,1121248.0,0.0,0.0,1.99744473588682,28.0009829480105,2844.88810647853,0.9953057760308652,598.8255329155309,7.953630461811732,0.0,0
DJI,2022,2.63101792247644,27.3890061461144,3133.25779772463,1137096.0,6100.0,536.4542659546776,3.00716226184265,27.7117045443485,3025.91126413549,0.0,306.50479860584625,8.015297993803625,6.2868436697857994,1
DJI,2023,2.50202235262172,27.1591754011079,3381.29779710722,1152944.0,0.0,0.0,2.63101792247644,27.3890061461144,3133.25779772463,536.4542659546776,179.14985724356947,8.050147677900714,0.0,0
DMA,2011,13.1398699725745,31.6021834397273,7705.40717248319,69053.0,96.0,139.02364850187536,12.1671107564725,32.0016730088016,7549.61964680375,0.0,0.0,8.929384911299652,4.941811326214825,0
DMA,2012,12.5284705614395,31.245390662906,7528.51001990155,69118.0,0.0,0.0,13.1398699725745,31.6021834397273,7705.40717248319,139.02364850187536,69.51182425093768,8.94980736216072,0.0,0
DMA,2013,14.0710957769054,30.880295802278,7822.21797211398,69715.0,18.0,25.81940758803701,12.5284705614395,31.245390662906,7528.51001990155,0.0,46.34121616729178,8.926585248278569,3.2891257891694976,0
DMA,2014,13.5810858914367,30.5092152889748,8131.74876096735,70373.0,0.0,0.0,14.0710957769054,30.880295802278,7822.21797211398,25.81940758803701,54.94768536330412,8.964851254279656,0.0,0
DMA,2015,13.5413888147951,30.1320846536472,8282.59874702141,70410.0,710.0,1008.3794915494958,13.5810858914367,30.5092152889748,8131.74876096735,0.0,8.606469196012336,9.003654246378593,6.9170910562334385,1
DMA,2016,13.5004110450215,29.7488394269459,8802.56172041363,69606.0,0.0,0.0,13.5413888147951,30.1320846536472,8282.59874702141,1008.3794915494958,344.73296637917764,9.022032784237267,0.0,0
DMA,2017,11.743783940147,29.3594151395213,8224.64896571414,68496.0,35000.0,51097.87432842794,13.5004110450215,29.7488394269459,8802.56172041363,0.0,336.12649718316527,9.082911659536865,10.84151774715127,1
DMA,2018,9.64769551837572,28.9637473220238,9215.3085405645,68174.0,346.0,507.5248628509403,11.743783940147,29.3594151395213,8224.64896571414,51097.87432842794,17368.75127332581,9.015012474127587,6.231514108788775,1
DMA,2019,10.1167002012072,28.5617715051036,9491.14995962374,67880.0,0.0,0.0,9.64769551837572,28.9637473220238,9215.3085405645,507.5248628509403,17201.799730426294,9.12872986116916,0.0,0
DMA,2020,12.2529146098099,28.153423219411,7827.74842680426,67573.0,0.0,0.0,10.1167002012072,28.5617715051036,9491.14995962374,0.0,17201.799730426294,9.158220415958434,0.0,0
DMA,2021,14.0151066545603,27.7386379955958,8376.40414141113,67202.0,0.0,0.0,12.2529146098099,28.153423219411,7827.74842680426,0.0,169.17495428364677,8.965557932888526,0.0,0
DMA,2022,12.9438199575573,27.317351364308,9323.66089490562,66826.0,0.0,0.0,14.0151066545603,27.7386379955958,8376.40414141113,0.0,0.0,9.033293377159982,0.0,0
DMA,2023,12.1097217072814,26.8894988561973,9912.96212766668,66510.0,0.0,0.0,12.9438199575573,27.317351364308,9323.66089490562,0.0,0.0,9.140417878693214,0.0,0
DNK,2011,1.26832807403315,12.8432346044154,61809.737898222,5570572.0,0.0,0.0,1.1884393485634,13.1347579956055,58104.5445594981,0.0,0.0,10.970016369603387,0.0,0
DNK,2012,1.61758219917433,12.7663803100586,58443.7747103968,5591572.0,0.0,0.0,1.26832807403315,12.8432346044154,61809.737898222,0.0,0.0,11.031832380750997,0.0,0
DNK,2013,1.25664041508446,12.4563475239568,61377.5940590412,5614932.0,0.0,0.0,1.61758219917433,12.7663803100586,58443.7747103968,0.0,0.0,10.975837565306009,0.0,0
DNK,2014,1.35342720224903,12.3176014268093,62520.4509747011,5643475.0,0.0,0.0,1.25664041508446,12.4563475239568,61377.5940590412,0.0,0.0,11.024816422389092,0.0,0
DNK,2015,0.908318060929302,12.2745943422671,53094.0133607574,5683483.0,0.0,0.0,1.35342720224903,12.3176014268093,62520.4509747011,0.0,0.0,11.043264992434711,0.0,0
DNK,2016,0.92879780499665,12.3000030517578,54500.9260410217,5728010.0,0.0,0.0,0.908318060929302,12.2745943422671,53094.0133607574,0.0,0.0,10.879838292476625,0.0,0
DNK,2017,1.25985806734514,11.9838056200491,57521.5514992225,5764980.0,0.0,0.0,0.92879780499665,12.3000030517578,54500.9260410217,0.0,0.0,10.905991320229118,0.0,0
DNK,2018,0.99704488734783,11.8940237689311,61324.7665045565,5793636.0,0.0,0.0,1.25985806734514,11.9838056200491,57521.5514992225,0.0,0.0,10.959932349881608,0.0,0
DNK,2019,1.24122741169144,11.7903509189331,59404.2663247723,5814422.0,0.0,0.0,0.99704488734783,11.8940237689311,61324.7665045565,0.0,0.0,11.023955368103719,0.0,0
DNK,2020,1.33752008668451,11.7605514526368,60985.4885601514,5831404.0,0.0,0.0,1.24122741169144,11.7903509189331,59404.2663247723,0.0,0.0,10.99213816008699,0.0,0
DNK,2021,1.08103120928969,11.7383550681851,69340.7334922138,5856733.0,0.0,0.0,1.33752008668451,11.7605514526368,60985.4885601514,0.0,0.0,11.018407619607007,0.0,0
DNK,2022,1.00228533729664,11.6119760162297,67781.0940939514,5903037.0,20.0,0.3388086505302271,1.08103120928969,11.7383550681851,69340.7334922138,0.0,0.0,11.146802218814232,0.29178015174006583,0
DNK,2023,1.03787056976317,11.447361457133,68043.5466971243,5946952.0,523.0,8.794421074863225,1.00228533729664,11.6119760162297,67781.0940939514,0.3388086505302271,0.11293621684340903,11.124053340138957,2.2818129455010587,0
DOM,2011,5.4136207001604,25.7559610498699,5826.51014109195,9945621.0,16900.0,169.92402988209585,5.87493178504912,25.8357226825823,5478.62470398954,0.0,0.0,8.608791892923437,5.141219188090294,0
DOM,2012,5.13892705786417,25.7601320030432,6013.81965002603,10070411.0,43200.0,428.9795123555533,5.4136207001604,25.7559610498699,5826.51014109195,169.92402988209585,84.96201494104793,8.670345111121517,6.0637375618677565,1
DOM,2013,4.99410588425629,25.7748640048784,6136.59429329301,10193833.0,14230.0,139.5942036719652,5.13892705786417,25.7601320030432,6013.81965002603,428.9795123555533,199.6345140792164,8.7019816445887,4.945877752865065,0
DOM,2014,4.83780303264764,25.8068466177847,6496.45166971142,10315528.0,11450.0,110.99771141137903,4.99410588425629,25.7748640048784,6136.59429329301,139.5942036719652,246.1659153032048,8.722188135454088,4.718478437259348,0
DOM,2015,5.05883234424627,25.8627694041715,6800.95309395474,10434829.0,27810.0,266.51131513511143,4.83780303264764,25.8068466177847,6496.45166971142,110.99771141137903,226.5238091462992,8.779165328198088,5.589161865011969,0
DOM,2016,5.02704510564373,25.9493219264478,7160.44200982307,10551430.0,94000.0,890.8745070573373,5.05883234424627,25.8627694041715,6800.95309395474,266.51131513511143,172.3677434061519,8.824965069623744,6.7933254355271915,1
DOM,2017,4.83760934052653,26.073193747023,7412.71571571512,10666843.0,69200.0,648.7392755288514,5.02704510564373,25.9493219264478,7160.44200982307,890.8745070573373,422.79451120127595,8.876466637696815,6.476571167850717,1
DOM,2018,4.57147323875274,26.2410744283062,7882.98221584944,10782053.0,27560.0,255.609947382006,4.83760934052653,26.073193747023,7412.71571571512,648.7392755288514,602.0416992404334,8.911087038723444,5.547557217533058,0
DOM,2019,4.32511956961036,26.4596535327067,8183.01623600375,10894043.0,4900.0,44.978709924313684,4.57147323875274,26.2410744283062,7882.98221584944,255.609947382006,598.4079099893983,8.972588412543207,3.82817846161897,0
DOM,2020,4.52252840237889,26.7356206226337,7135.22273255899,11008300.0,30900.0,280.69729204327643,4.32511956961036,26.4596535327067,8183.01623600375,44.978709924313684,316.44264427839033,9.009938291500921,5.640833061926206,0
DOM,2021,4.21567590284055,27.0756652604965,8527.0754858205,11123476.0,10380.0,93.31615405112575,4.52252840237889,26.7356206226337,7135.22273255899,280.69729204327643,193.76198311653206,8.872938886295024,4.546652479858391,0
DOM,2022,4.15371984188711,27.5796844356289,10104.2464008585,11230734.0,54240.0,482.960419149808,4.21567590284055,27.0756652604965,8527.0754858205,93.31615405112575,139.66405200623862,9.051118997893246,6.182003124756479,1
DOM,2023,4.29425303998525,27.6422008176662,10630.431743829,11331265.0,41405.0,365.40492169232647,4.15371984188711,27.5796844356289,10104.2464008585,482.960419149808,285.6579550814034,9.220810013593725,5.903739065276152,0
DZA,2011,7.08352512171367,32.2655992492422,5916.31364364343,36903376.0,0.0,0.0,7.53171561491377,32.8764942132541,4912.78585503672,0.0,0.0,8.499799973587946,0.0,0
DZA,2012,8.02697167412095,31.6578741446325,6033.64884689543,37646166.0,0.0,0.0,7.08352512171367,32.2655992492422,5916.31364364343,0.0,0.0,8.685637848478796,0.0,0
DZA,2013,9.12007464194984,31.0536163920723,5979.60138960585,38414171.0,340.0,0.8850900361744107,8.02697167412095,31.6578741446325,6033.64884689543,0.0,0.0,8.705272945740235,0.6339755843080433,0
DZA,2014,9.40707440856373,30.4531234842385,6094.69392314956,39205031.0,0.0,0.0,9.12007464194984,31.0536163920723,5979.60138960585,0.8850900361744107,0.2950300120581369,8.696276408711894,0.0,0
DZA,2015,10.5327896965018,29.8566929138388,4685.05902729002,40019529.0,19300.0,48.226454639183785,9.40707440856373,30.4531234842385,6094.69392314956,0.0,0.2950300120581369,8.715337886648852,3.89643117490998,0
DZA,2016,11.0683130545794,29.2646221736149,4424.98529027556,40850721.0,2000.0,4.895874420429446,10.5327896965018,29.8566929138388,4685.05902729002,48.226454639183785,16.370514891786065,8.45234721550783,1.7742528555471542,0
DZA,2017,11.0318809304784,28.6772087563449,4554.66753957828,41689299.0,0.0,0.0,11.0683130545794,29.2646221736149,4424.98529027556,4.895874420429446,17.707443019871075,8.39524819712503,0.0,0
DZA,2018,11.2438301354995,28.094750154847,4577.21029180491,42505035.0,19.0,0.04470058664814651,11.0318809304784,28.6772087563449,4554.66753957828,0.0,17.707443019871075,8.424127349906744,0.043730324408163365,0
DZA,2019,11.4791798857164,27.5175438619825,4468.45341883656,43294546.0,3202.0,7.3958507383354934,11.2438301354995,28.094750154847,4577.21029180491,0.04470058664814651,1.6468583356925308,8.429063434757849,2.1277376240890096,0
DZA,2020,12.8341693887186,26.9458873706605,3743.5419522929,44042091.0,46.0,0.10444554051713849,11.4791798857164,27.5175438619825,4468.45341883656,7.3958507383354934,2.4801837749945466,8.405021402465891,0.09934343575171514,0
DZA,2021,11.2354345605089,26.3800781738427,4160.55926736925,44761099.0,6649.0,14.85441633146675,12.8341693887186,26.9458873706605,3743.5419522929,0.10444554051713849,2.5149989551669263,8.228054579336876,2.7634480944124626,0
DZA,2022,10.6470638553472,25.8204137645486,4960.30334332888,45477389.0,2000.0,4.397789855525787,11.2354345605089,26.3800781738427,4160.55926736925,14.85441633146675,7.451570870106461,8.333645106913224,1.685989583776104,0
DZA,2023,13.3692450434856,25.267191635862,5370.477235078,46164219.0,22624.0,49.00765244181863,10.6470638553472,25.8204137645486,4960.30334332888,4.397789855525787,6.452217242503225,8.5094237560332,3.91217604255374,0
ECU,2011,7.90853917487421,37.2050946452309,5153.6916424375,15326227.0,0.0,0.0,8.33021025899583,37.2594741388356,4520.30959039763,3.316376699269966,3.316376699269966,8.41655696325081,0.0,0
ECU,2012,6.99944108995073,37.1591267180865,5634.08393191094,15572194.0,4800.0,30.82417288148349,7.90853917487421,37.2050946452309,5153.6916424375,0.0,1.658188349634983,8.547662577482019,3.4602261545215556,0
ECU,2013,6.96320880489033,37.1162713375878,6109.29031510341,15807128.0,7300.0,46.18169726973806,6.99944108995073,37.1591267180865,5634.08393191094,30.82417288148349,11.380183193584486,8.636767321112009,3.854006047680455,0
ECU,2014,7.40439967003185,37.0767567804201,6405.79979300441,16035124.0,560.0,3.4923334549829486,6.96320880489033,37.1162713375878,6109.29031510341,46.18169726973806,25.66862338374052,8.717729565783726,1.5023722671982953,0
ECU,2015,8.02049629728797,37.040811323269,5976.1596805651,16266225.0,1500.0,9.221561855931538,7.40439967003185,37.0767567804201,6405.79979300441,3.4923334549829486,26.8327345354015,8.765115172985407,2.3244993965759075,0
ECU,2016,8.07212585894998,37.0086632428196,5917.63771271481,16505139.0,17311.0,104.88248538833875,8.02049629728797,37.040811323269,5976.1596805651,9.221561855931538,19.63186419355085,8.695700764305622,4.662329850717124,0
ECU,2017,7.90222040951574,36.9805408157575,6233.32244797718,16759519.0,2922.0,17.43486790999193,8.07212585894998,37.0086632428196,5917.63771271481,104.88248538833875,39.19879356641775,8.685861585301808,2.914243866485061,0
ECU,2018,7.64505994805811,36.9566723187679,6303.91886658338,17049547.0,1148.0,6.733316726831511,7.90222040951574,36.9805408157575,6233.32244797718,17.43486790999193,43.846305051420735,8.737825183079657,2.045537842609372,0
ECU,2019,7.78676459859086,36.9372860285362,6205.05765246766,17340021.0,1502.0,8.662042566153755,7.64505994805811,36.9566723187679,6303.91886658338,6.733316726831511,43.016890008387406,8.74908538020891,2.2682050716445303,0
ECU,2020,8.38574905899645,36.9226102217479,5463.64515348598,17546065.0,1200.0,6.839140285870365,7.78676459859086,36.9372860285362,6205.05765246766,8.662042566153755,10.94340906765907,8.733281134760158,2.0591291709350084,0
ECU,2021,8.07999983280318,36.9128731750883,6061.32350181711,17682454.0,4864.0,27.507494152112596,8.38574905899645,36.9226102217479,5463.64515348598,6.839140285870365,7.411499859618548,8.606054467758902,3.3501670054143067,0
ECU,2022,7.39303992355462,36.9098164067734,6515.58528418336,17823897.0,1052.0,5.902188505689861,8.07999983280318,36.9128731750883,6061.32350181711,27.507494152112596,14.336225668045577,8.709848421719611,1.931838536051601,0
ECU,2023,8.05137468415854,36.8692270445737,6718.1447938811,17980083.0,15052.0,83.71485270674222,7.39303992355462,36.9098164067734,6515.58528418336,5.902188505689861,13.416274314557612,8.782105788306811,4.439290942916971,0
EGY,2011,13.8691050980964,57.1365831529823,2590.64384891965,91093059.0,0.0,0.0,13.3407591579645,57.0942824479846,2455.08194645282,0.0,0.0,7.806322654529959,0.0,0
EGY,2012,11.2727652713919,57.1881485861475,2996.0677072015,93161001.0,0.0,0.0,13.8691050980964,57.1365831529823,2590.64384891965,0.0,0.0,7.860047644065191,0.0,0
EGY,2013,11.2743496022361,57.2485722811249,3025.52563552448,95333553.0,0.0,0.0,11.2727652713919,57.1881485861475,2996.0677072015,0.0,0.0,8.0053896587203,0.0,0
EGY,2014,11.3377089201878,57.3174477715592,3133.39102265541,97528654.0,200.0,0.20506793829021777,11.2743496022361,57.2485722811249,3025.52563552448,0.0,0.0,8.01517058564924,0.1865359456771398,0
EGY,2015,11.3940627685257,57.3943685910952,3306.98159414141,99597342.0,100.0,0.10040428588947684,11.3377089201878,57.3174477715592,3133.39102265541,0.20506793829021777,0.06835597943007259,8.050190183051225,0.09567764490755035,0
EGY,2016,11.769316084742,57.4789282733775,3270.6287768197,101644589.0,820.0,0.8067325649769709,11.3940627685257,57.3943685910952,3306.98159414141,0.10040428588947684,0.10182407472656486,8.10409349208379,0.5915200011977498,0
EGY,2017,10.9863806449848,57.5513991312821,2395.10333299491,103696057.0,0.0,0.0,11.769316084742,57.4789282733775,3270.6287768197,0.8067325649769709,0.3707349297188885,8.093043236768981,0.0,0
EGY,2018,10.8302490249025,57.5422822550031,2484.70315630508,105682094.0,8.0,0.0075698727165644545,10.9863806449848,57.5513991312821,2395.10333299491,0.0,0.3023789502888159,7.781599085598753,0.00754136500619495,0
EGY,2019,10.6971354538956,57.5187972667352,2962.98892023003,107553158.0,0.0,0.0,10.8302490249025,57.5422822550031,2484.70315630508,0.0075698727165644545,0.2714341458978451,7.818310858788752,0.0,0
EGY,2020,11.1668239443487,57.4818465369326,3511.11381026379,109315124.0,8400.0,7.684206624510621,10.6971354538956,57.5187972667352,2962.98892023003,0.0,0.0025232909055214847,7.9942912482949655,2.1615060454352624,0
EGY,2021,11.4369326589725,57.4313937378532,3827.35415374308,110957008.0,1100.0,0.9913749656984262,11.1668239443487,57.4818465369326,3511.11381026379,7.684206624510621,2.563925499075728,8.163973360341497,0.6888253376858517,0
EGY,2022,10.9457535224737,57.3674870991968,4233.30783744856,112618250.0,0.0,0.0,11.4369326589725,57.4313937378532,3827.35415374308,0.9913749656984262,2.8918605300696822,8.25019026494524,0.0,0
EGY,2023,10.6003111645036,57.2901884958081,3456.78965212363,114535772.0,8.0,0.006984717403397778,10.9457535224737,57.3674870991968,4233.30783744856,0.0,2.8918605300696822,8.350975155109614,0.0069604372591953465,0
ERI,2011,,64.3293724060059,688.68165957684,2998485.0,0.0,0.0,,64.3653450012207,539.699512069686,0.0,0.0,6.292863693982681,0.0,0
ERI,2012,,64.3175735473633,,3036988.0,0.0,0.0,,64.3293724060059,688.68165957684,0.0,0.0,6.536230128198565,0.0,0
ERI,2013,,64.3286666870117,,3074360.0,100.0,3.2527095070193472,,64.3175735473633,,0.0,0.0,,1.4475563108631055,0
ERI,2014,,64.360279083252,,3095173.0,0.0,0.0,,64.3286666870117,,3.2527095070193472,1.0842365023397824,,0.0,0
ERI,2015,,64.408992767334,,3105546.0,0.0,0.0,,64.360279083252,,0.0,1.0842365023397824,,0.0,0
ERI,2016,,64.4745712280273,,3124698.0,0.0,0.0,,64.408992767334,,0.0,1.0842365023397824,,0.0,0
ERI,2017,,64.5572853088379,,3150347.0,0.0,0.0,,64.4745712280273,,0.0,0.0,,0.0,0
ERI,2018,,64.6548957824707,,3192760.0,0.0,0.0,,64.5572853088379,,0.0,0.0,,0.0,0
ERI,2019,,64.7647666931152,,3240194.0,0.0,0.0,,64.6548957824707,,0.0,0.0,,0.0,0
ERI,2020,,64.883861541748,,3291271.0,0.0,0.0,,64.7647666931152,,0.0,0.0,,0.0,0
ERI,2021,,65.0128860473633,,3350183.0,0.0,0.0,,64.883861541748,,0.0,0.0,,0.0,0
ERI,2022,,65.1530723571777,,3409447.0,0.0,0.0,,65.0128860473633,,0.0,0.0,,0.0,0
ERI,2023,,65.303596496582,,3470390.0,0.0,0.0,,65.1530723571777,,0.0,0.0,,0.0,0
ESP,2011,2.3625185975353,21.304602043505,31824.6219134777,46742697.0,0.0,0.0,2.41740898393438,21.4861843765112,30658.7422282912,0.0,0.0,10.330705744963561,0.0,0
ESP,2012,2.39776671776239,21.1544319698382,28456.4438151477,46773055.0,22000.0,47.03562767067492,2.3625185975353,21.304602043505,31824.6219134777,0.0,0.0,10.368026964899329,3.8719429787207438,0
ESP,2013,2.60946207875576,21.0141913097888,29228.846559842,46604197.0,2590.0,5.557439386843207,2.39776671776239,21.1544319698382,28456.4438151477,47.03562767067492,15.67854255689164,10.256165050854902,1.8806001893830733,0
ESP,2014,2.52697678134345,20.8803286166512,29707.765509467,46460733.0,3799.0,8.176797382856616,2.60946207875576,21.0141913097888,29228.846559842,5.557439386843207,17.531022352506042,10.282945608684807,2.2166782747935954,0
ESP,2015,2.72327046339292,20.7545107256977,25982.4416197775,46422303.0,4160.0,8.961209873624753,2.52697678134345,20.8803286166512,29707.765509467,8.176797382856616,20.256621480124917,10.299197416245914,2.2986985374747255,0
ESP,2016,2.81522075003094,20.6384044722003,26755.6061149398,46458139.0,10790.0,23.225209257736303,2.72327046339292,20.7545107256977,25982.4416197775,8.961209873624753,7.565148881108192,10.165214753343863,3.1873937958297716,0
ESP,2017,2.80344676690393,20.5336766914317,28381.3425596906,46571232.0,7303.0,15.681354532343057,2.81522075003094,20.6384044722003,26755.6061149398,23.225209257736303,13.454405504739222,10.194536679402995,2.814291600608496,0
ESP,2018,2.70128254621885,20.4419942186639,30602.4212881113,46782011.0,5092.0,10.884525678043211,2.80344676690393,20.5336766914317,28381.3425596906,15.681354532343057,15.955924554568037,10.253522489932335,2.475237190721962,0
ESP,2019,2.51980122994951,20.3650238891693,29786.5245689007,47118501.0,28433.0,60.34360048932796,2.70128254621885,20.4419942186639,30602.4212881113,10.884525678043211,16.597029822707523,10.328867088491581,4.1164908542137,0
ESP,2020,2.78468031745976,20.3044325382201,27233.9426461608,47359424.0,7826.0,16.52469421925402,2.51980122994951,20.3650238891693,29786.5245689007,60.34360048932796,28.969826899904746,10.301844946212388,2.8636109845090316,0
ESP,2021,2.76824927112995,20.2153757016402,30799.4775937775,47443821.0,9257.0,19.51149760892994,2.78468031745976,20.3044325382201,27233.9426461608,16.52469421925402,29.25094012887507,10.21225608392831,3.020985587893945,0
ESP,2022,2.36964000049424,20.0451205432186,30319.4987196616,47786102.0,33959.0,71.0645953084853,2.76824927112995,20.2153757016402,30799.4775937775,19.51149760892994,32.126597439170645,10.335285475132922,4.277562873873497,0
ESP,2023,2.6062235563618,19.871508998144,33493.2225409111,48352528.0,28316.0,58.561570968947066,2.36964000049424,20.0451205432186,30319.4987196616,71.0645953084853,35.700262378889754,10.319579288158684,4.087010583709517,0
EST,2011,3.66566862923271,32.1224443665494,17555.5455239426,1327439.0,0.0,0.0,3.17092945309266,32.1951957073738,14663.7041018705,0.0,0.0,9.593198804042665,0.0,0
EST,2012,3.2843229052027,32.0370406679684,17568.2137969714,1322696.0,0.0,0.0,3.66566862923271,32.1224443665494,17555.5455239426,0.0,0.0,9.77318212368732,0.0,0
EST,2013,3.04742973666601,31.9076541703232,19310.3874900757,1317997.0,0.0,0.0,3.2843229052027,32.0370406679684,17568.2137969714,0.0,0.0,9.773903433280221,0.0,0
EST,2014,3.11496161660999,31.7331617191968,20581.7898991695,1314545.0,0.0,0.0,3.04742973666601,31.9076541703232,19310.3874900757,0.0,0.0,9.868450226288957,0.0,0
EST,2015,2.80642152865051,31.5203390309447,17722.1557669523,1315407.0,0.0,0.0,3.11496161660999,31.7331617191968,20581.7898991695,0.0,0.0,9.932210563813802,0.0,0
EST,2016,2.0715978609001,31.275961821922,18666.3736521706,1315790.0,0.0,0.0,2.80642152865051,31.5203390309447,17722.1557669523,0.0,0.0,9.782627298988604,0.0,0
EST,2017,2.33885596628311,31.0068058084842,20851.5223496861,1317384.0,0.0,0.0,2.0715978609001,31.275961821922,18666.3736521706,0.0,0.0,9.834532554555391,0.0,0
EST,2018,2.04938469969066,30.7196467069867,23618.1361254581,1321977.0,0.0,0.0,2.33885596628311,31.0068058084842,20851.5223496861,0.0,0.0,9.945230195914071,0.0,0
EST,2019,2.265648962634,30.4212602337846,24021.2501413306,1326898.0,0.0,0.0,2.04938469969066,30.7196467069867,23618.1361254581,0.0,0.0,10.06981251522384,0.0,0
EST,2020,1.93181527353408,30.1184221052335,23933.9939421065,1329522.0,0.0,0.0,2.265648962634,30.4212602337846,24021.2501413306,0.0,0.0,10.086735769070403,0.0,0
EST,2021,1.94353771254558,29.8222725864178,27951.1659277744,1330932.0,0.0,0.0,1.93181527353408,30.1184221052335,23933.9939421065,0.0,0.0,10.083096848728875,0.0,0
EST,2022,2.44640859997873,29.5107666263262,28340.3826549406,1348840.0,0.0,0.0,1.94353771254558,29.8222725864178,27951.1659277744,0.0,0.0,10.23824996852445,0.0,0
EST,2023,1.71558125919165,29.3229914476874,30264.0064885057,1370286.0,0.0,0.0,2.44640859997873,29.5107666263262,28340.3826549406,0.0,0.0,10.252078300161156,0.0,0
ETH,2011,41.2499638574537,82.136209487915,343.024942351887,93149970.0,0.0,0.0,41.4468200699758,82.5062160491943,330.619412798644,11.045023336698458,11.045023336698458,5.803987964366165,0.0,0
ETH,2012,44.3309427521463,81.7938632965088,452.101031885754,95798767.0,20000.0,20.877095422324174,41.2499638574537,82.136209487915,343.024942351887,0.0,5.522511668349229,5.8407141615817855,3.085440218390858,0
ETH,2013,41.2395055340925,81.384485244751,484.039833104062,98438751.0,61500.0,62.475396503151494,44.3309427521463,81.7938632965088,452.101031885754,20.877095422324174,10.640706253007544,6.116115129061261,4.150652374174643,0
ETH,2014,38.5204496889284,80.9737129211426,549.986577082588,101115610.0,49440.0,48.89452775886928,41.2395055340925,81.384485244751,484.039833104062,62.475396503151494,27.78416397515856,6.184231017676458,3.909911332593004,0
ETH,2015,36.0569753905786,80.548433303833,597.912113218663,103867135.0,101070.0,97.30700668695637,38.5204496889284,80.9737129211426,549.986577082588,48.89452775886928,44.08233989478165,6.311710447844543,4.588095303218785,0
ETH,2016,34.6969564523634,80.1236381530762,641.651523286233,106718162.0,347000.0,325.1555250736046,36.0569753905786,80.548433303833,597.912113218663,97.30700668695637,69.55897698299238,6.395114864844244,5.787374338382553,0
ETH,2017,33.7792813400479,79.6915149688721,696.348429076216,109666481.0,433970.0,395.71799518213777,34.6969564523634,80.1236381530762,641.651523286233,325.1555250736046,157.11901983981008,6.4656026228734635,5.983225688684891,1
ETH,2018,31.218806650139,79.2161903381348,739.702022272086,112664152.0,295650.0,262.4170996289929,33.7792813400479,79.6915149688721,696.348429076216,395.71799518213777,272.7268423142329,6.547285184097235,5.57373870606686,0
ETH,2019,33.6333246910556,78.7513294219971,793.473247218996,115737383.0,503602.0,435.1247513519465,31.218806650139,79.2161903381348,739.702022272086,262.4170996289929,327.76353996157843,6.607598415232994,6.07792832937653,1
ETH,2020,35.5582700358115,78.3739948272705,829.790982552951,118917671.0,663700.0,558.1172204423681,33.6333246910556,78.7513294219971,793.473247218996,435.1247513519465,364.4199487210257,6.6776793129353225,6.32635914784869,1
ETH,2021,37.5791137563489,77.8932914733887,893.009835441784,122138588.0,239910.0,196.42440929479224,35.5582700358115,78.3739948272705,829.790982552951,558.1172204423681,418.5530238077692,6.72237823801064,5.285355773330503,0
ETH,2022,37.6422268391462,77.2632312774658,982.103161502198,125384287.0,872590.0,695.9324975066453,37.5791137563489,77.8932914733887,893.009835441784,196.42440929479224,396.5554603630356,6.7957167767257305,6.54668855887777,1
ETH,2023,35.7864807851174,76.9413528442383,1055.81091593061,128691692.0,617122.0,479.53522904959556,37.6422268391462,77.2632312774658,982.103161502198,695.9324975066453,483.49137574793514,6.890714060217772,6.1749005432037,1
FIN,2011,2.25898661809719,29.9416738125748,51060.3242589767,5388272.0,0.0,0.0,2.36676641136983,30.2144201203053,46506.2919016566,0.0,0.0,10.747364394370637,0.0,0
FIN,2012,2.18836399205502,29.6338636831288,47551.6740841369,5413971.0,0.0,0.0,2.25898661809719,29.9416738125748,51060.3242589767,0.0,0.0,10.840782625809272,0.0,0
FIN,2013,2.21182621856833,29.3257881840723,49691.0145200739,5438972.0,30.0,0.5515748196534198,2.18836399205502,29.6338636831288,47551.6740841369,0.0,0.0,10.769593303703253,0.439270427819236,0
FIN,2014,2.21758033567317,29.0120831059247,50073.7760815871,5461512.0,0.0,0.0,2.21182621856833,29.3257881840723,49691.0145200739,0.5515748196534198,0.1838582732178066,10.813599525534963,0.0,0
FIN,2015,2.06049706934612,28.6945069959396,42560.3456767103,5479531.0,0.0,0.0,2.21758033567317,29.0120831059247,50073.7760815871,0.0,0.1838582732178066,10.821272688863255,0.0,0
FIN,2016,2.08977502932082,28.3841616571829,43451.2562442158,5495303.0,0.0,0.0,2.06049706934612,28.6945069959396,42560.3456767103,0.0,0.1838582732178066,10.658701741859433,0.0,0
FIN,2017,2.06803556647353,28.0436961687044,46085.0174739036,5508214.0,0.0,0.0,2.08977502932082,28.3841616571829,43451.2562442158,0.0,0.0,10.679418056715113,0.0,0
FIN,2018,2.11422780880102,27.6576532259657,49654.2497035329,5515525.0,51.0,0.9246626567733806,2.06803556647353,28.0436961687044,46085.0174739036,0.0,0.0,10.738264874385273,0.6547507091482502,0
FIN,2019,2.18977184111891,27.2568785641686,48358.1807773701,5521606.0,0.0,0.0,2.11422780880102,27.6576532259657,49654.2497035329,0.9246626567733806,0.30822088559112687,10.81285939809398,0.0,0
FIN,2020,2.24039393029227,26.9150560208327,48828.6846862799,5529543.0,0.0,0.0,2.18977184111891,27.2568785641686,48358.1807773701,0.0,0.30822088559112687,10.786411364497777,0.0,0
FIN,2021,2.15907446415076,26.6289784219671,53099.1351400148,5541017.0,0.0,0.0,2.24039393029227,26.9150560208327,48828.6846862799,0.0,0.30822088559112687,10.796093699657833,0.0,0
FIN,2022,2.24134367895993,26.3032402164051,50440.560224974,5556106.0,8.0,0.14398573389348585,2.15907446415076,26.6289784219671,53099.1351400148,0.0,0.0,10.879934752236487,0.13451842250702337,0
FIN,2023,2.33109283712753,25.9937451397172,52864.6931581216,5583911.0,2.0,0.035817189779708165,2.24134367895993,26.3032402164051,50440.560224974,0.14398573389348585,0.04799524463116195,10.828570721895744,0.03519067052519788,0
FJI,2011,9.21771557173261,47.4664550524895,4139.60288609702,912989.0,0.0,0.0,9.38189737562413,47.9584852214896,3449.14452883369,1977.1116376086175,1977.1116376086175,8.146171401563505,0.0,0
FJI,2012,9.67577870713452,46.9616788705229,4341.40338748749,914918.0,27000.0,2951.084140873827,9.21771557173261,47.4664550524895,4139.60288609702,0.0,988.5558188043087,8.328596680878235,7.990266688320199,1
FJI,2013,10.1131069949223,46.4447273700709,4572.44377544245,916352.0,0.0,0.0,9.67577870713452,46.9616788705229,4341.40338748749,2951.084140873827,1642.7319261608147,8.376183249735927,0.0,0
FJI,2014,8.0985227018506,45.9161712456144,5293.35676680464,917585.0,800.0,87.18538337047794,10.1131069949223,46.4447273700709,4572.44377544245,0.0,983.694713624609,8.428021761469404,4.479441227856281,0
FJI,2015,7.8716240846939,45.3765811916347,5097.53106864695,918578.0,0.0,0.0,8.0985227018506,45.9161712456144,5293.35676680464,87.18538337047794,1012.7565080814351,8.574396771299284,0.0,0
FJI,2016,10.6643336396929,44.8265279026126,5363.79026679243,919166.0,76100.0,8279.24444550821,7.8716240846939,45.3765811916347,5097.53106864695,0.0,29.06179445682598,8.536707751469534,9.021627769347901,1
FJI,2017,10.5318273601847,44.2591656550391,5826.84814459328,918759.0,350.0,38.09486492105111,10.6643336396929,44.8265279026126,5363.79026679243,8279.24444550821,2788.8099429595622,8.587612561438105,3.6659911264240987,0
FJI,2018,10.9065639753696,43.7671652614302,6085.41979485376,917180.0,10000.0,1090.2985237357989,10.5318273601847,44.2591656550391,5826.84814459328,38.09486492105111,2772.446436809754,8.670403110797398,6.995123572360683,1
FJI,2019,12.4005161469113,43.29010447743,5842.07344577597,914899.0,5582.0,610.1219916078168,10.9065639753696,43.7671652614302,6085.41979485376,1090.2985237357989,3135.8792780550198,8.713815305214771,6.415296598175,1
FJI,2020,15.6918345311972,42.813315308126,4620.6457238014,914963.0,36135.0,3949.340027957415,12.4005161469113,43.29010447743,5842.07344577597,610.1219916078168,579.5051267548889,8.67301221234981,8.28155693721743,1
FJI,2021,17.2536724147942,42.3381635238072,4536.73312110335,916711.0,14019.0,1529.2714934150458,15.6918345311972,42.813315308126,4620.6457238014,3949.340027957415,1883.2535144336769,8.438506137918505,7.333200445321182,1
FJI,2022,14.1928948833304,41.8647298534734,5414.12092119088,919422.0,4744.0,515.9763416581287,17.2536724147942,42.3381635238072,4536.73312110335,1529.2714934150458,2029.5778376600927,8.420182853805079,6.247997112645373,1
FJI,2023,12.8245910153207,41.3930950261232,5926.20586394763,924145.0,6750.0,730.4048607090879,14.1928948833304,41.8647298534734,5414.12092119088,515.9763416581287,1998.1959543435298,8.596950489968936,6.5949671514535035,1
FRA,2011,1.55137276231397,22.8817282612491,43929.7840873812,65340830.0,0.0,0.0,1.50088040274637,22.9037155191197,40694.8211697025,6.9202863442251,6.9202863442251,10.61388069219627,0.0,0
FRA,2012,1.52594468949115,22.8330535080084,40863.5814412333,65657659.0,0.0,0.0,1.55137276231397,22.8817282612491,43929.7840873812,0.0,3.46014317211255,10.690370585373737,0.0,0
FRA,2013,1.36140137870511,22.7559278529082,42669.1795111893,65997932.0,6696.0,10.14577244632453,1.52594468949115,22.8330535080084,40863.5814412333,0.0,2.3067621147417,10.618018987422143,2.4110602732135265,0
FRA,2014,1.46154600121993,22.6475703211387,43148.0459288416,66312067.0,4102.0,6.185902785989162,1.36140137870511,22.7559278529082,42669.1795111893,10.14577244632453,3.3819241487748433,10.661255583138027,1.9721211603489375,0
FRA,2015,1.50360116027898,22.2389080849934,36702.4323733379,66548272.0,120.0,0.18032023431051672,1.46154600121993,22.6475703211387,43148.0459288416,6.185902785989162,5.4438917441045644,10.672415585695674,0.16578578666823546,0
FRA,2016,1.33798472564444,21.4000885294221,37024.2157133669,66724104.0,190.0,0.2847546667692982,1.50360116027898,22.2389080849934,36702.4323733379,0.18032023431051672,5.503998488874736,10.510625554828527,0.25056777931738416,0
FRA,2017,1.43496006533197,21.3532195973632,38687.1626407164,66918020.0,21300.0,31.82999138348684,1.33798472564444,21.4000885294221,37024.2157133669,0.2847546667692982,2.216992562356326,10.519354465273434,3.4913424690549486,0
FRA,2018,1.53110170543578,21.3285567463401,41418.1766484844,67158348.0,6351.0,9.456754356137528,1.43496006533197,21.3532195973632,38687.1626407164,31.82999138348684,10.765022094855551,10.56328895731171,2.3472481194863275,0
FRA,2019,1.40828485472535,21.3109215450644,40408.2848574751,67382061.0,4118.0,6.111418883432491,1.53110170543578,21.3285567463401,41418.1766484844,9.456754356137528,13.857166802131223,10.63149925663719,1.9617017855695735,0
FRA,2020,1.4604342657704,21.2880868234751,39169.8606000707,67601110.0,10309.0,15.24974959730691,1.40828485472535,21.3109215450644,40408.2848574751,6.111418883432491,15.799388207685618,10.606814860748763,2.7880774992605226,0
FRA,2021,1.46334541457898,21.2635396607662,43725.0999521245,67842811.0,9068.0,13.366191445103889,1.4604342657704,21.2880868234751,39169.8606000707,15.24974959730691,10.272640945625643,10.57568839731642,2.6648776298274863,0
FRA,2022,1.72017137018833,21.2408078876644,40988.6396406579,68184457.0,44589.0,65.39466905192191,1.46334541457898,21.2635396607662,43725.0999521245,13.366191445103889,11.575786641947763,10.685700455708174,4.195616767896724,0
FRA,2023,1.48475796304424,21.2195676873453,44700.1384177544,68372286.0,7395.0,10.815785799527019,1.72017137018833,21.2408078876644,40988.6396406579,65.39466905192191,31.336870031444235,10.621074622063249,2.46943641706265,0
FRO,2017,17.9788585658383,61.6675300598145,59388.5365965776,50179.0,0.0,0.0,,,,,,,0.0,0
FRO,2018,16.3200031785764,61.5941162109375,62525.2647698273,50997.0,0.0,0.0,17.9788585658383,61.6675300598145,59388.5365965776,0.0,0.0,10.991873338261458,0.0,0
FRO,2019,17.0514062234626,61.6054344177246,63070.7228080361,51790.0,0.0,0.0,16.3200031785764,61.5941162109375,62525.2647698273,0.0,0.0,11.043341983767178,0.0,0
FRO,2020,13.7184823893818,61.3310012817383,62247.9273907098,52561.0,0.0,0.0,17.0514062234626,61.6054344177246,63070.7228080361,0.0,0.0,11.052027815093032,0.0,0
FRO,2021,14.2148369483437,61.1916236877441,69421.6981686515,53291.0,0.0,0.0,13.7184823893818,61.3310012817383,62247.9273907098,0.0,0.0,11.038896583507176,0.0,0
FRO,2022,18.7358298803846,61.0040175453243,67069.3987440509,53903.0,0.0,0.0,14.2148369483437,61.1916236877441,69421.6981686515,0.0,0.0,11.147969155970337,0.0,0
FRO,2023,17.7553649648471,60.8024729876355,72486.6910957957,54398.0,0.0,0.0,18.7358298803846,61.0040175453243,67069.3987440509,0.0,0.0,11.11349807426846,0.0,0
FSM,2011,26.8051948051948,77.7085335864528,2859.8488365615,107698.0,0.0,0.0,25.2001712328767,77.7096470124862,2715.26873721406,0.0,0.0,7.907014429738862,0.0,0
FSM,2012,28.5720987654321,77.7057431211575,3003.05867086848,107890.0,0.0,0.0,26.8051948051948,77.7085335864528,2859.8488365615,0.0,0.0,7.958873655779202,0.0,0
FSM,2013,26.8475477707006,77.7013676038854,2904.1536796737,108121.0,0.0,0.0,28.5720987654321,77.7057431211575,3003.05867086848,0.0,0.0,8.00771954360824,0.0,0
FSM,2014,25.2221835443038,77.6953806877521,2915.23672460238,108396.0,0.0,0.0,26.8475477707006,77.7013676038854,2904.1536796737,0.0,0.0,7.974241569667726,0.0,0
FSM,2015,26.5239423076923,77.6877663900589,2869.86276169101,108716.0,6800.0,6254.829095993231,25.2221835443038,77.6953806877521,2915.23672460238,0.0,0.0,7.978049271110064,8.741268963436587,1
FSM,2016,27.0007645259939,77.6785103862445,2997.93719917488,109075.0,0.0,0.0,26.5239423076923,77.6877663900589,2869.86276169101,6254.829095993231,2084.9430319977437,7.962367877408003,0.0,0
FSM,2017,27.4768698060942,77.667598810458,3297.37580036719,109481.0,0.0,0.0,27.0007645259939,77.6785103862445,2997.93719917488,0.0,2084.9430319977437,8.006013237941183,0.0,0
FSM,2018,22.3979187817259,77.6550179644567,3584.78377566896,109909.0,0.0,0.0,27.4768698060942,77.667598810458,3297.37580036719,0.0,2084.9430319977437,8.101185444586486,0.0,0
FSM,2019,23.1956202531646,77.640754222919,3581.72684572278,110282.0,0.0,0.0,22.3979187817259,77.6550179644567,3584.78377566896,0.0,0.0,8.184732355545412,0.0,0
FSM,2020,22.0481374900209,77.6247939963402,3362.02802120524,110916.0,0.0,0.0,23.1956202531646,77.640754222919,3581.72684572278,0.0,0.0,8.18387947820647,0.0,0
FSM,2021,22.1845195337408,77.6071237144589,3508.22314197664,111624.0,0.0,0.0,22.0481374900209,77.6247939963402,3362.02802120524,0.0,0.0,8.120597043910506,0.0,0
FSM,2022,23.2675927172437,77.5877298180947,3703.66680343222,112114.0,0.0,0.0,22.1845195337408,77.6071237144589,3508.22314197664,0.0,0.0,8.163149964891279,0.0,0
FSM,2023,23.3320526006399,77.5665987548097,3933.01607031874,112630.0,5.0,4.439314569830418,23.2675927172437,77.5877298180947,3703.66680343222,0.0,0.0,8.217348602088856,1.6936530547364743,0
GAB,2011,3.43228977977158,13.4334616349685,10219.1139339454,1781985.0,0.0,0.0,3.91445441728357,13.8147407527055,8356.74662013345,0.0,0.0,9.030944126699254,0.0,0
GAB,2012,3.35369777676334,13.1161364212999,9296.96587941088,1846889.0,1600.0,86.63216901503013,3.43228977977158,13.4334616349685,10219.1139339454,0.0,0.0,9.232113011831114,4.473148156730282,0
GAB,2013,3.32908065074657,12.8517519328363,9197.70106323947,1913059.0,1760.0,91.99925355151096,3.35369777676334,13.1161364212999,9296.96587941088,86.63216901503013,28.87738967167671,9.13755093257407,4.532591466793206,0
GAB,2014,3.62120476996243,12.3763982037031,9201.36276648105,1978399.0,0.0,0.0,3.32908065074657,12.8517519328363,9197.70106323947,91.99925355151096,59.543807522180366,9.12681756429074,0.0,0
GAB,2015,4.31162904410146,11.914691616108,7047.12654634355,2040989.0,0.0,0.0,3.62120476996243,12.3763982037031,9201.36276648105,0.0,59.543807522180366,9.127215552507487,0.0,0
GAB,2016,4.97313690987068,11.4554116593822,6677.07003901644,2100306.0,0.0,0.0,4.31162904410146,11.914691616108,7047.12654634355,0.0,30.666417850503652,8.860517122384389,0.0,0
GAB,2017,5.2657648440765,10.9990266743104,6921.73373135624,2156900.0,8.0,0.3709026844081784,4.97313690987068,11.4554116593822,6677.07003901644,0.0,0.0,8.806584308471429,0.31546941659346195,0
GAB,2018,5.43595280305822,10.5460050018134,7624.2775233771,2212318.0,0.0,0.0,5.2657648440765,10.9990266743104,6921.73373135624,0.3709026844081784,0.12363422813605947,8.842566018484694,0.0,0
GAB,2019,5.5544308701413,10.0968149829606,7441.1786472281,2267706.0,0.0,0.0,5.43595280305822,10.5460050018134,7624.2775233771,0.0,0.12363422813605947,8.939223997321747,0.0,0
GAB,2020,6.61619761297697,9.6519249589853,6605.80346077904,2322539.0,2.0,0.08611265515885848,5.5544308701413,10.0968149829606,7441.1786472281,0.0,0.12363422813605947,8.914918913889624,0.08260495016383909,0
GAB,2021,6.76982280995704,9.2118032713033,8181.40914134398,2376722.0,0.0,0.0,6.61619761297697,9.6519249589853,6605.80346077904,0.08611265515885848,0.02870421838628616,8.795855224467564,0.0,0
GAB,2022,6.50616941615975,8.7756644540012,8409.20741452279,2430747.0,0.0,0.0,6.76982280995704,9.2118032713033,8181.40914134398,0.0,0.02870421838628616,9.009741902292173,0.0,0
GAB,2023,6.66942563518248,8.3624037202687,7802.82433276138,2484789.0,900.0,36.220379275664854,6.50616941615975,8.7756644540012,8409.20741452279,0.0,0.02870421838628616,9.037201415507436,3.616856441266024,0
GBR,2011,0.704214809469773,18.8640314407373,42295.9273835322,63258810.0,0.0,0.0,0.565712301782542,19.004834883723,39778.3220528565,0.0,0.0,10.591102509850886,0.0,0
GBR,2012,0.62478654917094,18.7094332240492,42688.3263728372,63711000.0,300.0,0.47087630079578097,0.704214809469773,18.8640314407373,42295.9273835322,0.0,0.0,10.65246972370887,0.385858346170244,0
GBR,2013,0.640890919985333,18.5426231305113,43607.6636827371,64138000.0,20252.0,31.575664972403253,0.62478654917094,18.7094332240492,42688.3263728372,0.47087630079578097,0.15695876693192698,10.6617042001203,3.4835655363836215,0
GBR,2014,0.737947357586346,18.3644249249278,47746.9810645521,64619000.0,620.0,0.9594701248858695,0.640890919985333,18.5426231305113,43607.6636827371,31.575664972403253,10.682180424399677,10.6830111179169,0.6726740922467936,0
GBR,2015,0.633552833586443,18.1756227704353,45256.040227057,65087000.0,6100.0,9.372071227741332,0.737947357586346,18.3644249249278,47746.9810645521,0.9594701248858695,11.002003799361633,10.773692063644358,2.339116734963032,0
GBR,2016,0.590496095532871,17.9770008301705,41258.5374285695,65606000.0,1169.0,1.7818492211078256,0.633552833586443,18.1756227704353,45256.040227057,9.372071227741332,13.969068775010152,10.720113522154293,1.0231158940122933,0
GBR,2017,0.606135163563991,17.76934326727,40918.0520870944,65964000.0,6189.0,9.38239039476078,0.590496095532871,17.9770008301705,41258.5374285695,1.7818492211078256,4.037796857911676,10.627637575427388,2.3401111397380125,0
GBR,2018,0.563097756036101,17.5534342448705,43704.3162296687,66287000.0,168.0,0.25344335993482886,0.606135163563991,17.76934326727,40918.0520870944,9.38239039476078,6.84543694786998,10.619351054770231,0.2258944520626686,0
GBR,2019,0.576929649470186,17.3300579261087,43160.6843971799,66628000.0,11977.0,17.97592603710152,0.563097756036101,17.5534342448705,43704.3162296687,0.25344335993482886,3.8058943252678117,10.685225026537404,2.9431711251001684,0
GBR,2020,0.683760683760684,17.0999984741211,40815.1255364787,66740000.0,7875.0,11.799520527419839,0.576929649470186,17.3300579261087,43160.6843971799,17.97592603710152,9.203919930599044,10.672708445421941,2.549407711428648,0
GBR,2021,0.698210493866494,17.0113568476359,47695.6491523474,66978000.0,512.0,0.7644301113798562,0.683760683760684,17.0999984741211,40815.1255364787,11.799520527419839,10.00962997481873,10.616832516045196,0.567827755176395,0
GBR,2022,0.681106058275464,16.9246017002495,47034.7795621476,67636000.0,1870.0,2.7647998107516707,0.698210493866494,17.0113568476359,47695.6491523474,0.7644301113798562,10.179958891967074,10.772616426030439,1.325694688723129,0
GBR,2023,0.648180849687737,16.8398067108665,49919.6896621586,68526000.0,4629.0,6.75510025391822,0.681106058275464,16.9246017002495,47034.7795621476,2.7647998107516707,5.10958348318379,10.758663858354971,2.04835072419397,0
GEO,2011,9.73887160427603,44.3100742351467,4119.66818307193,3756441.0,0.0,0.0,8.86598672626304,44.8030655251772,3281.72930937343,0.0,0.0,8.096430461885783,0.0,0
GEO,2012,8.56565938989856,43.8316473240021,4530.69533409431,3728874.0,0.0,0.0,9.73887160427603,44.3100742351467,4119.66818307193,0.0,0.0,8.323770609551024,0.0,0
GEO,2013,9.21478687624408,43.3817880980593,4712.00229382665,3717668.0,1500.0,40.347873989823725,8.56565938989856,43.8316473240021,4530.69533409431,0.0,0.0,8.41885139440147,3.722021005149687,0
GEO,2014,9.2042368072631,42.9762387005742,4830.33486170249,3719414.0,120.0,3.22631468290435,9.21478687624408,43.3817880980593,4712.00229382665,40.347873989823725,13.449291329941241,8.45808041362564,1.4413303799578807,0
GEO,2015,8.54206032187102,42.6196199544328,4086.6223465965,3725276.0,1234.0,33.125062411483064,9.2042368072631,42.9762387005742,4830.33486170249,3.22631468290435,14.524729557576025,8.482878077346276,3.53003208241138,0
GEO,2016,8.00327332913851,42.3015967994938,4143.40125686315,3727505.0,0.0,0.0,8.54206032187102,42.6196199544328,4086.6223465965,33.125062411483064,25.56641702807038,8.315718746646612,0.0,0
GEO,2017,6.91860933720368,42.0003172794243,4418.75206546679,3728004.0,0.0,0.0,8.00327332913851,42.3015967994938,4143.40125686315,0.0,12.117125698129138,8.329513607645369,0.0,0
GEO,2018,7.56159033807908,41.6961818137424,4804.0546040444,3726549.0,304.0,8.157681543970037,6.91860933720368,42.0003172794243,4418.75206546679,0.0,11.041687470494354,8.393838879712634,2.21459304009568,0
GEO,2019,7.33548626473072,41.3695908219657,4741.2832715876,3720161.0,0.0,0.0,7.56159033807908,41.6961818137424,4804.0546040444,8.157681543970037,2.7192271813233457,8.4774236853449,0.0,0
GEO,2020,8.31654843439314,41.0009447236122,4300.85701291207,3722716.0,160.0,4.297937312435329,7.33548626473072,41.3695908219657,4741.2832715876,0.0,2.7192271813233457,8.464274001574124,1.6673175584724633,0
GEO,2021,7.22731737039721,40.5706439381995,5083.60695484577,3708610.0,85.0,2.291963835507104,8.31654843439314,41.0009447236122,4300.85701291207,4.297937312435329,4.151872952135122,8.36680207192339,1.1914842971855581,0
GEO,2022,6.63235520175679,39.9898377320885,6729.84659930283,3712502.0,330.0,8.888884100264457,7.22731737039721,40.5706439381995,5083.60695484577,2.291963835507104,2.196633715980811,8.533973010479665,2.2914113081528833,0
GEO,2023,6.01579508133932,39.2476922200276,8283.66960652261,3715483.0,846.0,22.76958338929286,6.63235520175679,39.9898377320885,6729.84659930283,8.888884100264457,5.15959508273563,8.814456209571668,3.1684067544744123,0
GHA,2011,23.663704967184,48.6695913353512,1507.43573198753,26095088.0,49000.0,187.77480267550737,28.0387379636491,49.2703073211296,1263.89251760539,0.0,0.0,7.1427424312319285,5.240554784399617,0
GHA,2012,22.1311546901572,48.0802081618969,1543.77524235764,26734268.0,0.0,0.0,23.663704967184,48.6695913353512,1507.43573198753,187.77480267550737,93.88740133775369,7.318828453772107,0.0,0
GHA,2013,20.3698425406713,47.5014205524087,2294.79584693743,27386193.0,30600.0,111.73513602273962,22.1311546901572,48.0802081618969,1543.77524235764,0.0,62.59160089183579,7.342633704547273,4.725041138408375,0
GHA,2014,19.5837731324669,46.9336601202852,1949.90832923846,28041592.0,0.0,0.0,20.3698425406713,47.5014205524087,2294.79584693743,111.73513602273962,99.83664623274899,7.738834836647022,0.0,0
GHA,2015,19.9826505985758,46.3773584789248,1722.77282833606,28696068.0,9300.0,32.4086212787062,19.5837731324669,46.9336601202852,1949.90832923846,0.0,37.24504534091321,7.576050352967933,3.508813988791825,0
GHA,2016,20.8442929192419,45.832947241726,1912.47991339951,29356742.0,7000.0,23.84460782466937,19.9826505985758,46.3773584789248,1722.77282833606,32.4086212787062,48.04791910048194,7.452270672434501,3.2126407400502233,0
GHA,2017,19.5617099184239,45.3008580220872,2012.28662641265,30008354.0,23182.0,77.25182127616863,20.8442929192419,45.832947241726,1912.47991339951,23.84460782466937,18.751076367791857,7.5566788075018065,4.3599321042442085,0
GHA,2018,18.1365503192521,44.781522433407,2195.32166016377,30637585.0,61240.0,199.8852063568326,19.5617099184239,45.3008580220872,2012.28662641265,77.25182127616863,44.50168345984807,7.6075238031899906,5.302733632259551,0
GHA,2019,17.323230201462,44.2753720890839,2186.65822682613,31258945.0,15942.0,50.999801816727974,18.1365503192521,44.781522433407,2195.32166016377,199.8852063568326,100.32721181922354,7.694539267387348,3.9512399073573947,0
GHA,2020,18.8537826616486,43.7828386025163,2195.45481659987,31887809.0,1950.0,6.115189663861822,17.323230201462,44.2753720890839,2186.65822682613,50.999801816727974,109.37894314990974,7.690586947879291,1.9622318880891019,0
GHA,2021,19.6574735227332,43.3047443173464,2445.18662529344,32518665.0,12030.0,36.99413859701805,18.8537826616486,43.7828386025163,2195.45481659987,6.115189663861822,85.66673261247415,7.694599892569095,3.6374319003821314,0
GHA,2022,19.5136382081198,42.749390397129,2229.89122654479,33149152.0,2738.0,8.259638134936303,19.6574735227332,43.3047443173464,2445.18662529344,36.99413859701805,31.36971002586928,7.802285611494141,2.225664969593896,0
GHA,2023,20.9430687855615,42.1925262225346,2383.90410476221,33787914.0,46520.0,137.68236772474322,19.5136382081198,42.749390397129,2229.89122654479,8.259638134936303,17.12298879860539,7.710156437773211,4.932186193967465,0
GIN,2011,16.0697496615218,65.9267945314397,636.694958747648,10656810.0,4500.0,42.226519943585366,17.4849504866218,66.1924573119794,659.235326211315,0.0,0.0,6.492596326335519,3.7664541944811574,0
GIN,2012,16.8316746641336,65.6686063066233,699.353377212197,10921581.0,0.0,0.0,16.0697496615218,65.9267945314397,636.694958747648,42.226519943585366,21.113259971792683,6.457860047923266,0.0,0
GIN,2013,17.5452728357444,65.4187258022878,748.455020824734,11191873.0,300.0,2.6805164783410245,16.8316746641336,65.6686063066233,699.353377212197,0.0,14.075506647861788,6.551585032251193,1.3030530897083465,0
GIN,2014,17.5238169176245,65.1822079173318,765.146999389279,11472924.0,0.0,0.0,17.5452728357444,65.4187258022878,748.455020824734,2.6805164783410245,14.96901214064213,6.619346303499997,0.0,0
GIN,2015,18.478241904135,64.9626808166504,747.356966759448,11767070.0,34570.0,293.7859637105924,17.5238169176245,65.1822079173318,765.146999389279,0.0,0.8935054927803415,6.641374056537078,5.686249546259644,0
GIN,2016,17.5899474364211,64.6899719238281,711.996509782316,12073030.0,483.0,4.000652694476863,18.478241904135,64.9626808166504,747.356966759448,293.7859637105924,98.8221600629778,6.617880092425306,1.6095684428100128,0
GIN,2017,20.5284733113745,64.4172668457031,833.598621691121,12385659.0,718.0,5.797027029405541,17.5899474364211,64.6899719238281,711.996509782316,4.000652694476863,99.26220546835641,6.5694765252863485,1.9164853150235857,0
GIN,2018,22.9400092652548,64.1445617675781,933.273615633705,12704774.0,3800.0,29.910016502458053,20.5284733113745,64.4172668457031,833.598621691121,5.797027029405541,101.1945478114916,6.726950916695654,3.4310802900312347,0
GIN,2019,26.4272768142306,63.8718452453613,1031.34146480732,13034346.0,18.0,0.1380966870144463,22.9400092652548,64.1445617675781,933.273615633705,29.910016502458053,13.235898742113486,6.839769345684551,0.1293572943221593,0
GIN,2020,26.3032774879888,63.5197791939449,1053.66097696415,13371183.0,2390.0,17.874259891589247,26.4272768142306,63.8718452453613,1031.34146480732,0.1380966870144463,11.948380072959347,6.939584768065147,2.9377990833246863,0
GIN,2021,27.0715374807562,63.1497821563744,1244.96550477914,13710513.0,2600.0,18.9635500874402,26.3032774879888,63.5197791939449,1053.66097696415,17.874259891589247,15.974124360353917,6.960974645417415,2.9939081151602815,0
GIN,2022,28.3819737139685,62.7615032530894,1416.59612011764,14055137.0,340.0,2.419044367906197,27.0715374807562,63.1497821563744,1244.96550477914,18.9635500874402,12.325302222014633,7.1276660141962225,1.2293610874393583,0
GIN,2023,29.4714397653024,62.3545916045295,1555.49375806861,14405468.0,35000.0,242.9632969925031,28.3819737139685,62.7615032530894,1416.59612011764,2.419044367906197,13.085618115645216,7.25671784290974,5.4970177918167815,0
GMB,2011,27.202420609824,43.3303307005775,710.608411468152,1983784.0,0.0,0.0,35.1932434877047,43.9889103394338,801.033372714536,1297.6025495294891,1297.6025495294891,6.687150218864276,0.0,0
GMB,2012,27.393571461515,42.6792695792909,692.579361628102,2043094.0,7700.0,376.8793799991582,27.202420609824,43.3303307005775,710.608411468152,0.0,648.8012747647446,6.567527776222313,5.934575044164852,1
GMB,2013,26.2221225134284,42.029694388495,653.862713272743,2103820.0,400.0,19.013033434419295,27.393571461515,42.6792695792909,692.579361628102,376.8793799991582,558.1606431762158,6.541865669585484,2.9963837330291447,0
GMB,2014,22.4588391707898,41.3858200344449,568.00453558864,2164528.0,0.0,0.0,26.2221225134284,42.029694388495,653.862713272743,19.013033434419295,131.9641378111925,6.484425615609629,0.0,0
GMB,2015,22.2088860199147,40.7541500591612,619.536364296461,2224529.0,0.0,0.0,22.4588391707898,41.3858200344449,568.00453558864,0.0,131.9641378111925,6.343888405252101,0.0,0
GMB,2016,21.8613793599274,40.1347527513437,650.056501323611,2283769.0,4600.0,201.4214222191474,22.2088860199147,40.7541500591612,619.536364296461,0.0,6.337677811473099,6.430584207756573,5.310351772816239,0
GMB,2017,21.0018946913892,39.528287342763,642.522641296331,2342189.0,878.0,37.48630020890714,21.8613793599274,40.1347527513437,650.056501323611,201.4214222191474,67.14047407304913,6.478596430030126,3.65030233923843,0
GMB,2018,19.8715961801257,38.9354130651893,696.219806960615,2399632.0,0.0,0.0,21.0018946913892,39.528287342763,642.522641296331,37.48630020890714,79.63590747601818,6.466957211026901,0.0,0
GMB,2019,20.0040458725555,38.356789150393,738.186751987483,2456844.0,4000.0,162.81049997476435,19.8715961801257,38.9354130651893,696.219806960615,0.0,79.63590747601818,6.5471007225375315,5.098710271774536,0
GMB,2020,21.2440052017636,37.7930748301445,720.335143352133,2515733.0,17600.0,699.5972943074643,20.0040458725555,38.356789150393,738.186751987483,162.81049997476435,66.76560006122382,6.605550598072017,6.5519332487911335,1
GMB,2021,23.579267737043,37.2449293362141,781.890925169531,2576010.0,2390.0,92.77914293810971,21.2440052017636,37.7930748301445,720.335143352133,699.5972943074643,287.4692647607429,6.581103860563321,4.540942474550684,0
GMB,2022,22.8604385781593,36.7130119003722,836.244875868476,2636470.0,7000.0,265.50652956415206,23.579267737043,37.2449293362141,781.890925169531,92.77914293810971,318.39564574011274,6.662993382544519,5.585398744484557,0
GMB,2023,22.0375866230172,36.1979817543892,883.024111978927,2697845.0,5300.0,196.45309497024476,22.8604385781593,36.7130119003722,836.244875868476,265.50652956415206,352.627655603242,6.7301165914626635,5.285501062313507,0
GNB,2011,37.5633896672074,59.5608863830566,719.539573498937,1608076.0,0.0,0.0,37.9530889182683,59.9904403686523,600.194298540768,127.68562776958106,127.68562776958106,6.3989181743687285,0.0,0
GNB,2012,38.08528951059,59.1313972473145,635.461653303881,1651417.0,0.0,0.0,37.5633896672074,59.5608863830566,719.539573498937,0.0,63.84281388479053,6.580000338981823,0.0,0
GNB,2013,38.6615813465664,58.7023620605469,654.304534409417,1695973.0,0.0,0.0,38.08528951059,59.1313972473145,635.461653303881,0.0,42.56187592319369,6.455924169998582,0.0,0
GNB,2014,34.8258068713683,58.2728004455566,652.022501029449,1741122.0,0.0,0.0,38.6615813465664,58.7023620605469,654.304534409417,0.0,0.0,6.4851000656147,0.0,0
GNB,2015,35.1577785508063,57.8431854248047,645.066837207039,1786457.0,0.0,0.0,34.8258068713683,58.2728004455566,652.022501029449,0.0,0.0,6.481611586614545,0.0,0
GNB,2016,36.3487649050334,57.413890838623,679.665386626818,1831893.0,0.0,0.0,35.1577785508063,57.8431854248047,645.066837207039,0.0,0.0,6.470902961599449,0.0,0
GNB,2017,36.3584920912937,56.9844207763672,783.123186602022,1877072.0,0.0,0.0,36.3487649050334,57.413890838623,679.665386626818,0.0,0.0,6.523070829486885,0.0,0
GNB,2018,32.5475708900674,56.5550918579102,808.531613218504,1922168.0,3700.0,192.49097893628445,36.3584920912937,56.9844207763672,783.123186602022,0.0,0.0,6.664566133775333,5.26523089089875,0
GNB,2019,31.3857385123606,56.1254425048828,811.210004050041,1967696.0,410.0,20.83655198770542,32.5475708900674,56.5550918579102,808.531613218504,192.49097893628445,64.16365964542815,6.696455825126619,3.0835852623921594,0
GNB,2020,36.6407419590115,55.6961669921875,846.918134967613,2013255.0,0.0,0.0,31.3857385123606,56.1254425048828,811.210004050041,20.83655198770542,71.10917697466328,6.699758932401213,0.0,0
GNB,2021,40.05238080001,55.2665863037109,926.54619187706,2058841.0,0.0,0.0,36.6407419590115,55.6961669921875,846.918134967613,0.0,71.10917697466328,6.742784092178431,0.0,0
GNB,2022,39.6677212772359,54.8372840881348,881.602654162231,2105529.0,0.0,0.0,40.05238080001,55.2665863037109,926.54619187706,0.0,6.94551732923514,6.832542595804352,0.0,0
GNB,2023,36.8048503128592,54.4076156616211,964.431832665395,2153339.0,0.0,0.0,39.6677212772359,54.8372840881348,881.602654162231,0.0,0.0,6.7828751040394355,0.0,0
GNQ,2011,1.05350238777482,44.0256650903089,17198.2136668275,1241835.0,0.0,0.0,1.06137128570531,46.8781193470824,13720.1658723222,0.0,0.0,9.526694873786388,0.0,0
GNQ,2012,1.05565709179581,40.9893059328797,17308.5723924575,1293483.0,0.0,0.0,1.05350238777482,44.0256650903089,17198.2136668275,0.0,0.0,9.752618944711577,0.0,0
GNQ,2013,1.19199068015273,37.7879926416016,16304.0713196418,1346218.0,0.0,0.0,1.05565709179581,40.9893059328797,17308.5723924575,0.0,0.0,9.759014944945289,0.0,0
GNQ,2014,1.29424877164029,34.4406759832816,15548.6624656619,1399828.0,0.0,0.0,1.19199068015273,37.7879926416016,16304.0713196418,0.0,0.0,9.699231462310253,0.0,0
GNQ,2015,1.88839087566802,31.048729384645,9068.91003238645,1453923.0,0.0,0.0,1.29424877164029,34.4406759832816,15548.6624656619,0.0,0.0,9.65179421098349,0.0,0
GNQ,2016,2.33223920932761,30.746730146949,7453.19797948517,1508186.0,0.0,0.0,1.88839087566802,31.048729384645,9068.91003238645,0.0,0.0,9.112717623808216,0.0,0
GNQ,2017,2.31546339686272,30.4483980867015,7809.10465655488,1562396.0,0.0,0.0,2.33223920932761,30.746730146949,7453.19797948517,0.0,0.0,8.916532639853536,0.0,0
GNQ,2018,2.25797968820385,30.1603376333825,8102.47084834031,1616422.0,0.0,0.0,2.31546339686272,30.4483980867015,7809.10465655488,0.0,0.0,8.963173643071077,0.0,0
GNQ,2019,2.43787857420381,29.8824580452707,6804.14923073888,1670177.0,0.0,0.0,2.25797968820385,30.1603376333825,8102.47084834031,0.0,0.0,9.00004774867581,0.0,0
GNQ,2020,3.15157383866339,29.6146685806753,5764.05502912947,1716468.0,0.0,0.0,2.43787857420381,29.8824580452707,6804.14923073888,0.0,0.0,8.825434844417325,0.0,0
GNQ,2021,2.8263690019315,29.3568784979408,6945.63069794539,1758786.0,0.0,0.0,3.15157383866339,29.6146685806753,5764.05502912947,0.0,0.0,8.659569978039992,0.0,0
GNQ,2022,2.48978303214525,29.1089970554533,7589.29964909381,1803545.0,0.0,0.0,2.8263690019315,29.3568784979408,6945.63069794539,0.0,0.0,8.846012029346833,0.0,0
GNQ,2023,2.76906225778674,28.8709335116483,6788.35271638376,1847549.0,0.0,0.0,2.48978303214525,29.1089970554533,7589.29964909381,0.0,0.0,8.934626349069383,0.0,0
GRC,2011,3.0618456010827,23.3647390070593,25504.7866510124,11104899.0,0.0,0.0,2.9142102078812,23.6368523016923,26653.0488008626,0.0,0.0,10.190696343040022,0.0,0
GRC,2012,3.41908207828197,23.1320202550678,21624.346052551,11045011.0,0.0,0.0,3.0618456010827,23.3647390070593,25504.7866510124,0.0,0.0,10.14666063289305,0.0,0
GRC,2013,3.35146223879432,22.9048000349829,21573.3449762805,10965211.0,60.0,0.5471850929270764,3.41908207828197,23.1320202550678,21624.346052551,0.0,0.0,9.981621334102147,0.436437210799146,0
GRC,2014,3.53346105430384,22.6869513724134,21474.7257123892,10892413.0,0.0,0.0,3.35146223879432,22.9048000349829,21573.3449762805,0.5471850929270764,0.18239503097569212,9.979260155179297,0.0,0
GRC,2015,3.82153798821664,22.4805573682455,17980.7298238137,10820883.0,270.0,2.4951753013132105,3.53346105430384,22.6869513724134,21474.7257123892,0.0,0.18239503097569212,9.974678539640692,1.2513835321713238,0
GRC,2016,3.45812941533327,22.2877011233652,17919.2426377048,10775971.0,2921.0,27.10660598474142,3.82153798821664,22.4805573682455,17980.7298238137,2.4951753013132105,1.014120131413429,9.797111511618905,3.336004637135708,0
GRC,2017,3.7522702094539,22.1104657386589,18631.9930129293,10754679.0,0.0,0.0,3.45812941533327,22.2877011233652,17919.2426377048,27.10660598474142,9.867260428684878,9.793686226487747,0.0,0
GRC,2018,3.52573090341626,21.9509343150126,19873.4015238771,10732882.0,9212.0,85.82969606858624,3.7522702094539,22.1104657386589,18631.9930129293,0.0,9.867260428684878,9.832689106243674,4.463948683762227,0
GRC,2019,3.66151933931312,21.8111899533125,19335.3602002969,10721582.0,2800.0,26.115548992676644,3.52573090341626,21.9509343150126,19873.4015238771,85.82969606858624,37.64543401777589,9.897187827062973,3.300107326913678,0
GRC,2020,3.9238294812332,21.6933157544448,17886.733165236,10698599.0,11947.0,111.66882691836567,3.66151933931312,21.8111899533125,19335.3602002969,26.115548992676644,37.31508168708763,9.869742550690205,4.724452780462742,0
GRC,2021,3.53173488105093,21.6115101352558,20652.89659591,10570130.0,58656.0,554.9222194996655,3.9238294812332,21.6933157544448,17886.733165236,111.66882691836567,74.53802399320952,9.791870458873307,6.320628391478433,1
GRC,2022,3.78490731948212,21.4497809019191,20884.6773436263,10437805.0,710.0,6.80219643881065,3.53173488105093,21.6115101352558,20652.89659591,554.9222194996655,230.90219847023596,9.935659277726613,2.054405288774509,0
GRC,2023,3.74222017907683,21.2253696157912,23343.7103964562,10407351.0,125838.0,1209.1261263312826,3.78490731948212,21.4497809019191,20884.6773436263,6.80219643881065,224.46441428561397,9.946818908467915,7.098479869795949,1
GRD,2011,4.4473617869357,64.1398908907674,6947.38136096464,112079.0,0.0,0.0,4.5130515818498,64.1256640518557,6909.60169568597,0.0,0.0,8.840811989046932,0.0,0
GRD,2012,4.83219736257223,64.1347244226868,7092.71985352677,112775.0,0.0,0.0,4.4473617869357,64.1398908907674,6947.38136096464,0.0,0.0,8.846264013731027,0.0,0
GRD,2013,4.83545561235478,64.1207757376222,7424.80212287327,113487.0,0.0,0.0,4.83219736257223,64.1347244226868,7092.71985352677,0.0,0.0,8.866965143931685,0.0,0
GRD,2014,6.10189188310633,64.0985375653438,7986.33421210788,114132.0,0.0,0.0,4.83545561235478,64.1207757376222,7424.80212287327,0.0,0.0,8.91271598785268,0.0,0
GRD,2015,7.42852685072365,64.0680508888292,8694.12438005692,114676.0,0.0,0.0,6.10189188310633,64.0985375653438,7986.33421210788,0.0,0.0,8.985612342552747,0.0,0
GRD,2016,6.20632633624404,64.0293985818117,9221.23461079424,115130.0,0.0,0.0,7.42852685072365,64.0680508888292,8694.12438005692,0.0,0.0,9.070517731465475,0.0,0
GRD,2017,5.37154325760442,63.9826703583421,9751.42661155932,115438.0,146.0,126.47481765103346,6.20632633624404,64.0293985818117,9221.23461079424,0.0,0.0,9.129372652780747,4.84791883647174,0
GRD,2018,5.20543943814909,63.9279578575468,10083.021279225,115691.0,27.0,23.338029751666078,5.37154325760442,63.9826703583421,9751.42661155932,126.47481765103346,42.158272550344485,9.18527141626245,3.19204013735063,0
GRD,2019,4.67951202688308,63.8653534320096,10462.7929159533,115981.0,26.0,22.417464929600538,5.20543943814909,63.9279578575468,10083.021279225,23.338029751666078,49.93761580089984,9.218707398502431,3.1534821084850186,0
GRD,2020,4.90307786781958,63.7949497484212,8968.55890108484,116341.0,0.0,0.0,4.67951202688308,63.8653534320096,10462.7929159533,22.417464929600538,57.410104110766696,9.255676283359074,0.0,0
GRD,2021,5.34059405940594,63.7168396293092,9617.28902905373,116688.0,0.0,0.0,4.90307786781958,63.7949497484212,8968.55890108484,0.0,15.251831560422204,9.101591778936786,0.0,0
GRD,2022,4.12004284650904,63.6311159816513,10469.3867012856,116913.0,0.0,0.0,5.34059405940594,63.7168396293092,9617.28902905373,0.0,7.472488309866846,9.171421672233848,0.0,0
GRD,2023,3.10780887557402,63.537871761416,11414.4781691181,117081.0,0.0,0.0,4.12004284650904,63.6311159816513,10469.3867012856,0.0,0.0,9.256306237402741,0.0,0
GRL,2011,14.5808036302829,15.4713973999023,47186.8759969388,56890.0,0.0,0.0,13.3982099730075,15.7215118408203,44277.1993400972,0.0,0.0,10.69824772068626,0.0,0
GRL,2012,16.1929017960507,15.1135406494141,45936.9562817724,56810.0,0.0,0.0,14.5808036302829,15.4713973999023,47186.8759969388,0.0,0.0,10.761892274106682,0.0,0
GRL,2013,15.0270234424218,14.6274108886719,47535.4883792376,56483.0,0.0,0.0,16.1929017960507,15.1135406494141,45936.9562817724,0.0,0.0,10.735046988570296,0.0,0
GRL,2014,17.3355902451257,14.3227615356445,50485.2244135291,56295.0,0.0,0.0,15.0270234424218,14.6274108886719,47535.4883792376,0.0,0.0,10.769252871531252,0.0,0
GRL,2015,17.0377903864683,13.953742980957,44536.3549705377,56114.0,0.0,0.0,17.3355902451257,14.3227615356445,50485.2244135291,0.0,0.0,10.829455794160646,0.0,0
GRL,2016,18.4117385602265,13.7738952636719,48181.7453541266,56186.0,0.0,0.0,17.0377903864683,13.953742980957,44536.3549705377,0.0,0.0,10.70408355356386,0.0,0
GRL,2017,19.0568753352559,13.6084442138672,50765.7494665372,56172.0,0.0,0.0,18.4117385602265,13.7738952636719,48181.7453541266,0.0,0.0,10.78275625574364,0.0,0
GRL,2018,18.430149097486,13.27490234375,54545.135857765,56023.0,170.0,303.4467986362744,19.0568753352559,13.6084442138672,50765.7494665372,0.0,0.0,10.834996881202727,5.718496354762886,0
GRL,2019,18.4763686569553,12.9782104492188,53309.2035905065,56225.0,0.0,0.0,18.430149097486,13.27490234375,54545.135857765,303.4467986362744,101.14893287875815,10.906802152047597,0.0,0
GRL,2020,15.7316156099106,12.7159118021885,54812.6661771023,56367.0,0.0,0.0,18.4763686569553,12.9782104492188,53309.2035905065,0.0,101.14893287875815,10.883883028802321,0.0,0
GRL,2021,15.2368028357423,12.4547982386322,58135.9939910203,56653.0,0.0,0.0,15.7316156099106,12.7159118021885,54812.6661771023,0.0,101.14893287875815,10.911694824639225,0.0,0
GRL,2022,16.0258939138543,12.1950594743168,55635.0006491223,56661.0,0.0,0.0,15.2368028357423,12.4547982386322,58135.9939910203,0.0,0.0,10.970557469835397,0.0,0
GRL,2023,16.5579499888738,11.9368852250092,58498.9707973609,56865.0,0.0,0.0,16.0258939138543,12.1950594743168,55635.0006491223,0.0,0.0,10.926585764394328,0.0,0
GTM,2011,11.2587427520036,48.1342530100577,3168.98370607705,14792126.0,29100.0,196.72628532233972,11.2341516901897,48.6729619407294,2805.25960237322,1124.1292481051182,1124.1292481051182,7.939607773265813,5.28688367693987,0
GTM,2012,10.7227497533367,47.6476614824,3286.61959336267,15089647.0,0.0,0.0,11.2587427520036,48.1342530100577,3168.98370607705,196.72628532233972,660.4277667137289,8.06148172681933,0.0,0
GTM,2013,10.3562262011186,47.2190177233755,3444.15802275864,15387337.0,0.0,0.0,10.7227497533367,47.6476614824,3286.61959336267,0.0,440.28517780915263,8.097919054033525,0.0,0
GTM,2014,10.0744824629421,46.8541520986036,3689.14510410202,15681725.0,480.0,3.0608877531011416,10.3562262011186,47.2190177233755,3444.15802275864,0.0,65.5754284407799,8.144725052572428,1.4014016081106737,0
GTM,2015,9.96700294850351,46.5588949737039,3893.50533299068,15971743.0,2850.0,17.844013643345,10.0744824629421,46.8541520986036,3689.14510410202,3.0608877531011416,1.0202959177003805,8.213421059866304,2.936195284852869,0
GTM,2016,9.66139477990376,46.3390767142957,4060.13784737643,16268760.0,1710.0,10.510942444292004,9.96700294850351,46.5588949737039,3893.50533299068,17.844013643345,6.968300465482048,8.267321949723728,2.4432980998589184,0
GTM,2017,9.69628321231672,46.2005276859983,4324.99768915601,16567357.0,44920.0,271.1355830625247,9.66139477990376,46.3390767142957,4060.13784737643,10.510942444292004,10.471947946912715,8.30921847130534,5.606300409244156,0
GTM,2018,9.43550881537545,46.154037696458,4352.94593289707,16845685.0,9820.0,58.29385982226309,9.69628321231672,46.2005276859983,4324.99768915601,271.1355830625247,99.83017971672056,8.372398072337182,4.082505756330002,0
GTM,2019,9.40872375710839,45.8117732732026,4511.99839552697,17103803.0,20500.0,119.85638515597964,9.43550881537545,46.154037696458,4352.94593289707,58.29385982226309,113.31346177635992,8.378837823916994,4.79460294113629,0
GTM,2020,9.9263191804303,45.4516832088372,4477.61785000665,17357325.0,338510.0,1950.242908973589,9.40872375710839,45.8117732732026,4511.99839552697,119.85638515597964,149.7619426802558,8.41471704430444,7.576221837728785,1
GTM,2021,9.17348943872533,45.0952928446242,4912.62240414681,17598650.0,15384.0,87.41579609799615,9.9263191804303,45.4516832088372,4477.61785000665,1950.242908973589,709.4643846506106,8.40706976218478,4.482050642571998,0
GTM,2022,9.07942583528994,44.7418771784735,5356.92435887895,17847877.0,73139.0,409.79103565090685,9.17348943872533,45.0952928446242,4912.62240414681,87.41579609799615,719.1716967425215,8.499766709295752,6.018084656129128,1
GTM,2023,9.62190880667852,44.3917680434461,5754.42833909847,18124838.0,46941.0,258.9871423954245,9.07942583528994,44.7418771784735,5356.92435887895,409.79103565090685,815.8165802408307,8.58633193258776,5.560632177467431,0
GUM,2011,,5.9228945563502,29926.2052442913,166543.0,0.0,0.0,,5.92348267326921,29719.7967836082,0.0,0.0,10.299602308149584,0.0,0
GUM,2012,,5.92227232958849,31653.7506538168,166331.0,0.0,0.0,,5.9228945563502,29926.2052442913,0.0,0.0,10.306523220085003,0.0,0
GUM,2013,,5.9217248596138,32530.7593121483,165966.0,0.0,0.0,,5.92227232958849,31653.7506538168,0.0,0.0,10.362643515955158,0.0,0
GUM,2014,,5.9212523217443,33900.1486530583,165486.0,0.0,0.0,,5.9217248596138,32530.7593121483,0.0,0.0,10.389972100763917,0.0,0
GUM,2015,,5.92085489129801,35165.7014644795,164905.0,0.0,0.0,,5.9212523217443,33900.1486530583,0.0,0.0,10.431204176365547,0.0,0
GUM,2016,,5.920532743593,35930.6594898711,164233.0,0.0,0.0,,5.92085489129801,35165.7014644795,0.0,0.0,10.467854932740924,0.0,0
GUM,2017,,5.92028605394729,36779.0078903909,163490.0,0.0,0.0,,5.920532743593,35930.6594898711,0.0,0.0,10.48937406578942,0.0,0
GUM,2018,,5.92011499767899,37195.9503070464,162679.0,2390.0,1469.1509045420737,,5.92028605394729,36779.0078903909,0.0,0.0,10.512709712687677,7.2931203306550705,1
GUM,2019,,5.92001975010611,39274.9431424899,161808.0,449.0,277.4893701176703,,5.92011499767899,37195.9503070464,1469.1509045420737,489.71696818069125,10.523982055907236,5.629379890300203,0
GUM,2020,,5.9195008912199,36482.9363953675,162158.0,0.0,0.0,,5.92001975010611,39274.9431424899,277.4893701176703,582.2134248865814,10.578367476648095,0.0,0
GUM,2021,,5.9115672305925,38074.8793745801,163730.0,0.0,0.0,,5.9195008912199,36482.9363953675,0.0,582.2134248865814,10.504627343941648,0.0,0
GUM,2022,,5.89317381579539,41833.1517132825,165180.0,0.0,0.0,,5.9115672305925,38074.8793745801,0.0,92.49645670589011,10.547336273349057,0.0,0
GUM,2023,,5.8650658361079,,166506.0,1540.0,924.8915954980602,,5.89317381579539,41833.1517132825,0.0,0.0,10.641468311561827,6.83075716029655,1
GUY,2011,25.6836014005978,73.6000003814697,4947.22170589917,746153.0,0.0,0.0,28.5284323037662,73.5407814862632,4581.76179693492,0.0,0.0,8.430057107800497,0.0,0
GUY,2012,25.4400079005114,73.6000003814697,5444.39751913913,746288.0,0.0,0.0,25.6836014005978,73.6000003814697,4947.22170589917,0.0,0.0,8.506783539683015,0.0,0
GUY,2013,25.6475733667273,73.5996108646331,5556.91231156932,750021.0,0.0,0.0,25.4400079005114,73.6000003814697,5444.39751913913,0.0,0.0,8.602526038972046,0.0,0
GUY,2014,24.5940865009998,73.5981847983843,5472.68820452237,754229.0,0.0,0.0,25.6475733667273,73.5996108646331,5556.91231156932,0.0,0.0,8.622977833202338,0.0,0
GUY,2015,25.4431214761023,73.5956081702421,5640.41560569466,758781.0,0.0,0.0,24.5940865009998,73.5981847983843,5472.68820452237,0.0,0.0,8.607707928629159,0.0,0
GUY,2016,20.3872409058451,73.5919107117101,5870.87823759835,763548.0,0.0,0.0,25.4431214761023,73.5956081702421,5640.41560569466,0.0,0.0,8.637890306915894,0.0,0
GUY,2017,22.7580270434004,73.587094453427,6178.6650437298,768479.0,195.0,25.374798790858303,20.3872409058451,73.5919107117101,5870.87823759835,0.0,0.0,8.677929833975533,3.2724089629845077,0
GUY,2018,19.5356933126322,73.5811621482116,6048.38697180418,791556.0,168.0,21.224019526097962,22.7580270434004,73.587094453427,6178.6650437298,25.374798790858303,8.458266263619434,8.72901934893914,3.1011736646157217,0
GUY,2019,17.5953367342493,73.5741165226942,6405.82443444562,807665.0,0.0,0.0,19.5356933126322,73.5811621482116,6048.38697180418,21.224019526097962,15.532939438985423,8.707712218916447,0.0,0
GUY,2020,16.8510033249851,73.5659602646324,6775.70939096303,807481.0,0.0,0.0,17.5953367342493,73.5741165226942,6405.82443444562,0.0,15.532939438985423,8.765119019116803,0.0,0
GUY,2021,13.4551932931892,73.556696038053,9860.87014834386,815482.0,220.0,26.977909996787176,16.8510033249851,73.5659602646324,6775.70939096303,0.0,7.074673175365987,8.821246922552662,3.33141527012102,0
GUY,2022,10.0298359219808,73.5463264931817,17913.4928066879,821637.0,120.0,14.604989794763382,13.4551932931892,73.556696038053,9860.87014834386,26.977909996787176,8.992636665595725,9.19643109982899,2.747590721750301,0
GUY,2023,9.74362070901044,73.5348542720122,20473.7002190617,826353.0,40.0,4.840546352466803,10.0298359219808,73.5463264931817,17913.4928066879,14.604989794763382,13.86096659718352,9.793365318240767,1.764824345968869,0
HKG,2011,0.0487999048815413,0.0,35142.4879344543,7071600.0,0.0,0.0,0.0533684018528068,0.0,32550.136489179,0.0,0.0,10.390567562209345,0.0,0
HKG,2012,0.0546866831053985,0.0,36730.796195815,7150100.0,0.0,0.0,0.0487999048815413,0.0,35142.4879344543,0.0,0.0,10.46719461505249,0.0,0
HKG,2013,0.0572883662527095,0.0,38403.7777145477,7178900.0,0.0,0.0,0.0546866831053985,0.0,36730.796195815,0.0,0.0,10.511398040308324,0.0,0
HKG,2014,0.0661945438173809,0.0,40315.3739510191,7229500.0,0.0,0.0,0.0572883662527095,0.0,38403.7777145477,0.0,0.0,10.555937150486015,0.0,0
HKG,2015,0.0679653751855497,0.0,42432.1619740441,7291300.0,0.0,0.0,0.0661945438173809,0.0,40315.3739510191,0.0,0.0,10.604512966930786,0.0,0
HKG,2016,0.0762065977729043,0.0,43734.1980702999,7336600.0,220.0,2.998664231387836,0.0679653751855497,0.0,42432.1619740441,0.0,0.0,10.655685457551343,1.3859603631957522,0
HKG,2017,0.0652727034141459,0.0,46160.429791493,7393200.0,3290.0,44.50035167451171,0.0762065977729043,0.0,43734.1980702999,2.998664231387836,0.9995547437959454,10.685908504717597,3.817720055037183,0
HKG,2018,0.0621422719454446,0.0,48537.5668888343,7452600.0,1400.0,18.78539033357486,0.0652727034141459,0.0,46160.429791493,44.50035167451171,15.833005301966516,10.739899875388,2.9849438034057227,0
HKG,2019,0.0723017256105577,0.0,48359.0011950597,7507900.0,200.0,2.66386073336086,0.0621422719454446,0.0,48537.5668888343,18.78539033357486,22.094802079824802,10.790113954510877,1.2985174366355925,0
HKG,2020,0.098961317261836,0.0,46109.2299946609,7481000.0,160.0,2.1387515038096514,0.0723017256105577,0.0,48359.0011950597,2.66386073336086,21.98320091381581,10.786428329440469,1.143825110600543,0
HKG,2021,0.0755934592131795,0.0,49770.5642374739,7413100.0,400.0,5.395853286749133,0.098961317261836,0.0,46109.2299946609,2.1387515038096514,7.86266752358179,10.738790113144523,1.8556498564267472,0
HKG,2022,0.0529028573951146,0.0,48825.0272275805,7346100.0,328.0,4.464954193381522,0.0755934592131795,0.0,49770.5642374739,5.395853286749133,3.399488507973215,10.81519910068308,1.6983557397784652,0
HKG,2023,0.0379376159344696,0.0,50525.1119312663,7536100.0,1260.0,16.719523360889585,0.0529028573951146,0.0,48825.0272275805,4.464954193381522,3.999852994646769,10.796018794490907,2.874667046445505,0
HND,2011,14.2196558016976,48.0091107695049,2073.66121088074,8540583.0,12000.0,140.50563058751376,11.5912204379757,48.6726266838902,1893.32722662035,95.62654392043488,95.62654392043488,7.546619028949885,4.952339508429513,0
HND,2012,13.5662940347061,47.3358442890969,2126.03474686503,8715076.0,0.0,0.0,14.2196558016976,48.0091107695049,2073.66121088074,140.50563058751376,118.06608725397433,7.637553147469793,0.0,0
HND,2013,12.1911279403961,46.643620866747,2081.12843527945,8889278.0,0.0,0.0,13.5662940347061,47.3358442890969,2126.03474686503,0.0,78.71072483598287,7.662484151157557,0.0,0
HND,2014,12.5383501333105,46.1231910875751,2179.88171977271,9063122.0,2500.0,27.58431366145132,12.1911279403961,46.643620866747,2081.12843527945,0.0,46.83521019583791,7.641145935686984,3.3528580939834365,0
HND,2015,12.2159784468116,45.6171526248566,2271.20265980349,9237305.0,2020.0,21.867849984383973,12.5383501333105,46.1231910875751,2179.88171977271,27.58431366145132,9.194771220483773,7.687484532623134,3.129731993313038,0
HND,2016,12.0499014058464,45.1131585421143,2307.34468351082,9412380.0,739.0,7.851361717227737,12.2159784468116,45.6171526248566,2271.20265980349,21.867849984383973,16.484054548611763,7.72850497472023,2.1805713135370413,0
HND,2017,12.6697681094878,44.6122677660085,2413.0076562942,9588137.0,0.0,0.0,12.0499014058464,45.1131585421143,2307.34468351082,7.851361717227737,19.10117512102101,7.74428595941974,0.0,0
HND,2018,11.6101604613644,44.1147422283753,2464.64241531918,9765210.0,17450.0,178.69559384795616,12.6697681094878,44.6122677660085,2413.0076562942,0.0,9.906403900537237,7.789043573273905,5.191264274000626,0
HND,2019,10.6380334094751,43.6208438610234,2502.32744328073,9943633.0,386.0,3.881880998624949,11.6101604613644,44.1147422283753,2464.64241531918,178.69559384795616,62.18231852172797,7.810207667256617,1.58553059613598,0
HND,2020,12.1880671407553,43.1308345957315,2307.61494319511,10119640.0,937280.0,9261.989556940762,10.6380334094751,43.6208438610234,2502.32744328073,3.881880998624949,60.859158282193704,7.82537610320344,9.133782121858461,1
HND,2021,10.8930519266193,42.6449763642453,2735.14751503977,10289877.0,267.0,2.594783202947907,12.1880671407553,43.1308345957315,2307.61494319511,9261.989556940762,3148.189010595781,7.744403031998427,1.2794836841940542,0
HND,2022,12.4732730244455,42.1635310982746,3003.28996826399,10463872.0,45529.0,435.1066220993529,10.8930519266193,42.6449763642453,2735.14751503977,2.594783202947907,3089.4887403807784,7.914306193604714,6.077886759551944,1
HND,2023,11.9787948406632,41.6867607294898,3227.45762509776,10644851.0,5556.0,52.1942486559934,12.4732730244455,42.1635310982746,3003.28996826399,435.1066220993529,3233.2303207476875,8.007796535610375,3.973950282533462,0
HRV,2011,3.62557825538414,44.7226206718752,14691.591757962,4280622.0,0.0,0.0,3.64384300678865,44.7175020672114,13729.7472872883,0.0,0.0,9.527392924614356,0.0,0
HRV,2012,3.2841419035074,44.6957111375127,13507.6349882758,4260368.0,0.0,0.0,3.62557825538414,44.7226206718752,14691.591757962,0.0,0.0,9.595098683691875,0.0,0
HRV,2013,3.43748613022059,44.6340520312567,14135.0903485872,4233922.0,0.0,0.0,3.2841419035074,44.6957111375127,13507.6349882758,0.0,0.0,9.511084388712403,0.0,0
HRV,2014,2.93973433181778,44.5408165073156,14186.7712230471,4201598.0,18000.0,428.4084293642561,3.43748613022059,44.6340520312567,14135.0903485872,0.0,0.0,9.556486405361904,6.062408515816177,1
HRV,2015,2.96305965278684,44.4187405490996,12283.8750299177,4151725.0,1010.0,24.327237473580258,2.93973433181778,44.5408165073156,14186.7712230471,428.4084293642561,142.80280978808537,9.560135691083998,3.2318803966202454,0
HRV,2016,3.05890762309212,44.2705601400192,12820.1872746645,4106867.0,0.0,0.0,2.96305965278684,44.4187405490996,12283.8750299177,24.327237473580258,150.91188894594546,9.416124112328667,0.0,0
HRV,2017,2.8894876538245,44.0990112634845,13901.6498657787,4041407.0,233.0,5.765318860485965,3.05890762309212,44.2705601400192,12820.1872746645,0.0,150.91188894594546,9.458854337314792,1.9118093943606138,0
HRV,2018,2.95114617844763,43.906829902906,15460.4560798984,3988775.0,139.0,3.484779161522021,2.8894876538245,44.0990112634845,13901.6498657787,5.765318860485965,10.030852111355408,9.539834738775507,1.5006892549499726,0
HRV,2019,2.85761119003388,43.696752041694,15563.7354996625,3949390.0,0.0,0.0,2.95114617844763,43.906829902906,15460.4560798984,3.484779161522021,3.083366007335995,9.646105501399706,0.0,0
HRV,2020,3.12943402175627,43.4715136632589,14807.5559227544,3914206.0,0.0,0.0,2.85761119003388,43.696752041694,15563.7354996625,0.0,3.083366007335995,9.652763089455542,0.0,0
HRV,2021,3.35944329225443,43.2316497439829,17788.7601163765,3878981.0,0.0,0.0,3.12943402175627,43.4715136632589,14807.5559227544,0.0,1.1615930538406738,9.602960395603915,0.0,0
HRV,2022,3.39283865528818,43.0022428266395,18465.531473659,3855641.0,100.0,2.593602464544806,3.35944329225443,43.2316497439829,17788.7601163765,0.0,0.0,9.786378296385523,1.279155171376758,0
HRV,2023,2.68355517389438,42.7568439327802,22183.4982258492,3859686.0,86.0,2.2281605291207627,3.39283865528818,43.0022428266395,18465.531473659,2.593602464544806,0.8645341548482687,9.823715263119475,1.1719124793820894,0
HTI,2011,20.0431188990154,53.2476250480015,1312.03953552013,9914904.0,500.0,5.042913173945003,20.2326950876929,53.9320258161249,1209.72733503094,744.6476663864207,744.6476663864207,7.0989765613319,1.7988862092379747,0
HTI,2012,19.4699035948555,52.5685156504221,1361.39396587374,10069771.0,86100.0,855.0343399070347,20.0431188990154,53.2476250480015,1312.03953552013,5.042913173945003,374.84528978018284,7.1800999846797335,6.752310492050913,1
HTI,2013,19.3274999569264,51.8950569776952,1457.83221179626,10222362.0,1100.0,10.76072242403468,19.4699035948555,52.5685156504221,1361.39396587374,855.0343399070347,534.9083064891335,7.216998700297082,2.464765371198892,0
HTI,2014,17.8297636475726,51.2276083841313,1460.18898613914,10373235.0,6500.0,62.66126237379178,19.3274999569264,51.8950569776952,1457.83221179626,10.76072242403468,290.2793251683381,7.28539153971368,4.153576251594373,0
HTI,2015,17.2198989989619,50.5665292240428,1411.12684746796,10523242.0,1500.0,14.254162357950145,17.8297636475726,51.2276083841313,1460.18898613914,62.66126237379178,309.48544156828706,7.287005757347647,2.724852407316592,0
HTI,2016,17.9835139851461,49.912178851744,1318.40268167953,10671457.0,355708.0,3333.265551273833,17.2198989989619,50.5665292240428,1411.12684746796,14.254162357950145,29.225382385258868,7.252852249335489,8.112007709591149,1
HTI,2017,18.8264709950195,49.264916621551,1395.23945184461,10817754.0,15040.0,139.03070822279744,17.9835139851461,49.912178851744,1318.40268167953,3333.265551273833,1136.7269920018582,7.18493439928597,4.941861743005381,0
HTI,2018,18.7060141160075,48.625101887781,1496.38048970156,10962362.0,225.0,2.052477376682142,18.8264709950195,49.264916621551,1395.23945184461,139.03070822279744,1162.1834739515268,7.241537795722545,1.1159535155689164,0
HTI,2019,19.1874037315046,47.9930940047525,1352.17204191532,11105163.0,1207.0,10.868818404556512,18.7060141160075,48.625101887781,1496.38048970156,2.052477376682142,1158.1162456244376,7.311472520261694,2.4739146589789343,0
HTI,2020,20.362493732044,47.3692523267849,1290.32538667383,11243848.0,12960.0,115.26303094812381,19.1874037315046,47.9930940047525,1352.17204191532,10.868818404556512,50.650668001345366,7.210206775974318,4.755855132362792,0
HTI,2021,20.8736635722952,46.7539362081974,1824.6798742577,11374586.0,560.0,4.923256107958567,20.362493732044,47.3692523267849,1290.32538667383,115.26303094812381,42.72810890978749,7.16342440143929,1.7788863159275696,0
HTI,2022,20.41702851414,46.1475050033093,1748.40890116803,11503606.0,11267.0,97.94320146221976,20.8736635722952,46.7539362081974,1824.6798742577,4.923256107958567,43.685035153546295,7.509707730482925,4.594545962888961,0
HTI,2023,17.7053514644328,45.5503180664382,1681.84407667059,11637398.0,9600.0,82.49266717525687,20.41702851414,46.1475050033093,1748.40890116803,97.94320146221976,72.70982950610072,7.467033239099042,4.424758809740164,0
HUN,2011,3.97302154410133,30.5220065917969,14211.460557822,9971727.0,0.0,0.0,3.00710894106453,30.4694519042969,13189.8433874768,0.0,0.0,9.487278185098338,0.0,0
HUN,2012,3.88850753892061,30.4227673339844,12950.1594488143,9920362.0,0.0,0.0,3.97302154410133,30.5220065917969,14211.460557822,0.0,0.0,9.561874362879708,0.0,0
HUN,2013,3.92253734459854,30.0722363733362,13739.4620151401,9872734.0,1300.0,13.1675785045966,3.88850753892061,30.4227673339844,12950.1594488143,0.0,0.0,9.468940595846842,2.65095615022127,0
HUN,2014,3.94529830379291,29.6928946487992,14352.501883174,9833038.0,296.0,3.010259901365173,3.92253734459854,30.0722363733362,13739.4620151401,13.1675785045966,4.389192834865534,9.528100190767063,1.3888560525262093,0
HUN,2015,3.76135548183773,29.5152282714844,12782.9412577973,9797755.0,0.0,0.0,3.94529830379291,29.6928946487992,14352.501883174,3.010259901365173,5.392612801987258,9.571749225087057,0.0,0
HUN,2016,3.8677257212942,29.5266189575195,13215.8605277789,9759755.0,0.0,0.0,3.76135548183773,29.5152282714844,12782.9412577973,0.0,5.392612801987258,9.45594507301719,0.0,0
HUN,2017,3.74894666908719,29.5457458496094,14736.1668157258,9726756.0,96.0,0.9869683170833113,3.8677257212942,29.5266189575195,13215.8605277789,0.0,1.0034199671217243,9.489248606215098,0.6866100183410513,0
HUN,2018,3.47162730279737,29.5288238525391,16605.0570511887,9706964.0,0.0,0.0,3.74894666908719,29.5457458496094,14736.1668157258,0.9869683170833113,0.32898943902777045,9.598127936666453,0.0,0
HUN,2019,3.32505112170721,29.5434722900391,17012.8598553199,9694824.0,110.0,1.1346260643823962,3.47162730279737,29.5288238525391,16605.0570511887,0.0,0.32898943902777045,9.717522790392897,0.7582914858524866,0
HUN,2020,3.36254685371176,29.7082672119141,16386.9308821258,9670419.0,14.0,0.14477138994701264,3.32505112170721,29.5434722900391,17012.8598553199,1.1346260643823962,0.7071981271552358,9.741783576480623,0.13520495763668106,0
HUN,2021,3.45755919325803,29.7940724668587,19030.628130329,9630932.0,0.0,0.0,3.36254685371176,29.7082672119141,16386.9308821258,0.14477138994701264,0.42646581810980294,9.704300421067302,0.0,0
HUN,2022,3.14401314538933,29.8414935756555,18428.028825614,9605074.0,0.0,0.0,3.45755919325803,29.7940724668587,19030.628130329,0.0,0.4264658181098029,9.853857512612047,0.0,0
HUN,2023,2.92753080419927,29.7076973108569,22208.6509820466,9592186.0,66.0,0.6880600522133328,3.14401314538933,29.8414935756555,18428.028825614,0.0,0.04825712998233747,9.821682353975044,0.5235799714967219,0
IDN,2011,13.5122870743946,49.5169982910156,3579.46442466152,249470032.0,2000.0,0.8016995003231491,13.929212707137,50.1478624851112,3065.68348377765,0.0933800366684728,0.0933800366684728,8.028351958194524,0.5887303863031572,0
IDN,2012,13.3739742350727,48.8406066894531,3632.27254030331,252698525.0,103230.0,40.85104968459947,13.5122870743946,49.5169982910156,3579.46442466152,0.8016995003231491,0.44753976849581095,8.183247798539938,3.734116878690217,0
IDN,2013,13.3566991621949,48.1692504882812,3566.60284506078,255852467.0,316987.0,123.89444734179561,13.3739742350727,48.8406066894531,3632.27254030331,40.85104968459947,13.91537640719703,8.197889047382532,4.827468959312198,0
IDN,2014,13.3367549992146,47.4997863769531,3441.06808464008,258877399.0,764284.0,295.2300984760744,13.3566991621949,48.1692504882812,3566.60284506078,123.89444734179561,55.182398842239415,8.179649177263643,5.691136512052955,0
IDN,2015,13.4926435578886,46.8279228210449,3288.22269725538,261799249.0,169683.0,64.81416606355506,13.3367549992146,47.4997863769531,3441.06808464008,295.2300984760744,153.32519850082315,8.14382775712207,4.186835104879448,0
IDN,2016,13.4787485470271,46.187442779541,3521.46943457574,264627418.0,1186612.0,448.4085621090102,13.4926435578886,46.8279228210449,3288.22269725538,64.81416606355506,161.31290396047504,8.098406553612692,6.1079324118817295,1
IDN,2017,13.1566308462661,45.5458984375,3798.88326174526,267346658.0,210270.0,78.65069328826246,13.4787485470271,46.187442779541,3521.46943457574,448.4085621090102,269.48427554954657,8.166917566538805,4.377650740502262,0
IDN,2018,12.8084975586902,44.9043159484863,3860.95353090726,269951846.0,80916.0,29.974234738146595,13.1566308462661,45.5458984375,3798.88326174526,78.65069328826246,197.2911404869426,8.242725624649237,3.43315572141975,0
IDN,2019,12.7126026577522,44.2617950439453,4106.94856160358,272489381.0,168808.0,61.95030403771955,12.8084975586902,44.9043159484863,3860.95353090726,29.974234738146595,185.67783004513979,8.258928430525406,4.142345590307438,0
IDN,2020,13.6984142796138,43.7214712351232,3853.70288774146,274814866.0,691472.0,251.6137536751742,12.7126026577522,44.2617950439453,4106.94856160358,61.95030403771955,56.85841068804291,8.320679049451938,5.531861656871081,0
IDN,2021,13.2801691376596,43.1238297535973,4287.17313995098,276758053.0,625045.0,225.84528010102744,13.6984142796138,43.7214712351232,3853.70288774146,251.6137536751742,114.51276415034681,8.257049211105436,5.424268199638406,0
IDN,2022,12.3996501634108,42.5065295773401,4730.83484836107,278830529.0,139789.0,50.13403679336706,13.2801691376596,43.1238297535973,4287.17313995098,225.84528010102744,179.80311260464043,8.363616079722552,3.9344503575374365,0
IDN,2023,12.5294431866213,41.8820646602122,4876.2992959843,281190067.0,202947.0,72.17431332665105,12.3996501634108,42.5065295773401,4730.83484836107,50.13403679336706,175.86435685652293,8.462068323466625,4.29284444854555,0
IMN,2011,,47.9753675902473,77808.8579649376,84382.0,0.0,0.0,,48.0603829699083,70587.3140283741,0.0,0.0,11.164619886103356,0.0,0
IMN,2012,0.642657103075182,47.9444682677371,79329.2034347434,84335.0,0.0,0.0,,47.9753675902473,77808.8579649376,0.0,0.0,11.262023411200463,0.0,0
IMN,2013,0.596599796488864,47.9195892907074,83207.6588430451,84141.0,0.0,0.0,0.642657103075182,47.9444682677371,79329.2034347434,0.0,0.0,11.281374210703998,0.0,0
IMN,2014,0.446094368875088,47.9002086596101,91885.4528718026,83892.0,0.0,0.0,0.596599796488864,47.9195892907074,83207.6588430451,0.0,0.0,11.329106694026873,0.0,0
IMN,2015,0.472320117585132,47.8835159525474,84753.5187422732,83593.0,0.0,0.0,0.446094368875088,47.9002086596101,91885.4528718026,0.0,0.0,11.428308885854142,0.0,0
IMN,2016,0.590100696950693,47.8668467830525,82025.9454509241,83466.0,0.0,0.0,0.472320117585132,47.8835159525474,84753.5187422732,0.0,0.0,11.347514342314215,0.0,0
IMN,2017,0.400506349187324,47.8501584255691,83481.3038489014,83609.0,0.0,0.0,0.590100696950693,47.8668467830525,82025.9454509241,0.0,0.0,11.31480307532828,0.0,0
IMN,2018,0.410935899164255,47.8348106135462,89393.8244248812,83805.0,0.0,0.0,0.400506349187324,47.8501584255691,83481.3038489014,0.0,0.0,11.332389958425344,0.0,0
IMN,2019,0.316670665474295,47.8210101752422,87127.5517977404,83957.0,0.0,0.0,0.410935899164255,47.8348106135462,89393.8244248812,0.0,0.0,11.400818067146643,0.0,0
IMN,2020,0.372633924187371,47.8090480213134,79513.5330346598,84064.0,0.0,0.0,0.316670665474295,47.8210101752422,87127.5517977404,0.0,0.0,11.375139913920442,0.0,0
IMN,2021,0.337744275420086,47.8000440339366,94299.969348965,84106.0,0.0,0.0,0.372633924187371,47.8090480213134,79513.5330346598,0.0,0.0,11.28369508940296,0.0,0
IMN,2022,0.372466783015541,47.8044390837338,88328.548125887,84132.0,0.0,0.0,0.337744275420086,47.8000440339366,94299.969348965,0.0,0.0,11.4542467479851,0.0,0
IMN,2023,0.372599048577164,47.8167428269818,90015.2074234398,84165.0,5.0,5.940711697261332,0.372466783015541,47.8044390837338,88328.548125887,0.0,0.0,11.388829963977049,1.9374043192984733,0
IND,2011,17.191973558015,68.7253497146691,1445.46127486037,1261224954.0,1428000.0,113.22325929811883,17.0265090136912,69.0957809189906,1347.51939071367,113.47172654985981,113.47172654985981,7.206762521945196,4.738154948095912,0
IND,2012,16.8453770661356,68.4101064395601,1429.32199520032,1278674502.0,9110000.0,712.4565310210588,17.191973558015,68.7253497146691,1445.46127486037,113.22325929811883,113.34749292398932,7.276875352443838,6.570121511474511,1
IND,2013,17.1484235433697,68.0903210764763,1432.84397512195,1295829511.0,2088000.0,161.13230809110658,16.8453770661356,68.4101064395601,1429.32199520032,712.4565310210588,313.0505056230125,7.265654869375418,5.08841271851262,0
IND,2014,16.7919345145039,67.7711766591179,1553.88396075118,1312277191.0,3426770.0,261.131567591195,17.1484235433697,68.0903210764763,1432.84397512195,161.13230809110658,328.9373661367614,7.268114211280397,5.568846544096362,0
IND,2015,16.1745081068401,67.4527009977701,1583.99815907985,1328024498.0,3629931.0,273.3331354554575,16.7919345145039,67.7711766591179,1553.88396075118,261.131567591195,378.2401355677868,7.349156198517738,5.6143431907041705,0
IND,2016,16.3638005616331,67.1349219027177,1707.50892912243,1343944296.0,2389540.0,177.80052395862097,16.1745081068401,67.4527009977701,1583.99815907985,273.3331354554575,231.86567037925303,7.368338524846889,5.186270793152463,0
IND,2017,16.5583314049368,66.8178671842461,1950.10468280866,1359657400.0,1346140.0,99.00582308455057,16.3638005616331,67.1349219027177,1707.50892912243,177.80052395862097,237.42174233509115,7.443376297835181,4.605228415138247,0
IND,2018,16.031630686449,66.5015646526402,1966.25455171679,1374659064.0,2675129.0,194.60308887178735,16.5583314049368,66.8178671842461,1950.10468280866,99.00582308455057,183.379827499543,7.576150995159416,5.276087549254082,0
IND,2019,16.7555683032837,66.1860421181853,2041.42863698585,1389030312.0,5016410.0,361.14474656619296,16.031630686449,66.5015646526402,1966.25455171679,194.60308887178735,157.13647863831963,7.5843942211584015,5.892043984298905,0
IND,2020,18.6685376603727,65.8713273911667,1907.04251637669,1402617695.0,3856784.0,274.9704366163725,16.7555683032837,66.1860421181853,2041.42863698585,361.14474656619296,218.2512195075103,7.6218948870715595,5.620293746271272,0
IND,2021,17.3725615260314,65.5574482818696,2239.61384367482,1414203896.0,4902636.0,346.6710856805616,18.6685376603727,65.8713273911667,1907.04251637669,274.9704366163725,276.90609068478426,7.5538331349762595,5.851256876742474,0
IND,2022,18.2106659929942,65.2444326005794,2279.98145719369,1425423212.0,2505930.0,175.80252509596426,17.3725615260314,65.5574482818696,2239.61384367482,346.6710856805616,327.5954229543757,7.714505144662539,5.175033432318545,0
IND,2023,17.6565389328245,64.9323081575814,2434.44826340989,1438069596.0,523176.0,36.38043676434141,18.2106659929942,65.2444326005794,2279.98145719369,175.80252509596426,265.81468246429944,7.732361093007018,3.6211474863984643,0
IRL,2011,1.20481169133057,37.9127264179723,52613.8540355689,4580084.0,0.0,0.0,0.955429971049666,38.1089310651488,48623.9666422487,0.0,0.0,10.79189239489992,0.0,0
IRL,2012,0.98628534243733,37.7470681488962,49335.8408099555,4599533.0,0.0,0.0,1.20481169133057,37.9127264179723,52613.8540355689,0.0,0.0,10.870753754973,0.0,0
IRL,2013,1.07000530417849,37.5952842243882,52537.6108648692,4623816.0,0.0,0.0,0.98628534243733,37.7470681488962,49335.8408099555,0.0,0.0,10.806426359049933,0.0,0
IRL,2014,1.21732475012945,37.464598269423,57214.5379785709,4657740.0,0.0,0.0,1.07000530417849,37.5952842243882,52537.6108648692,0.0,0.0,10.869303623317657,0.0,0
IRL,2015,0.86869465225802,37.3607876507236,64250.1385181257,4701957.0,1600.0,34.02838435145196,1.21732475012945,37.464598269423,57214.5379785709,0.0,0.0,10.954580783461623,3.556158714291681,0
IRL,2016,0.925941331563359,37.2770600876266,64129.5571542383,4762722.0,0.0,0.0,0.86869465225802,37.3607876507236,64250.1385181257,34.02838435145196,11.34279478381732,11.070554722726937,0.0,0
IRL,2017,1.11981590911886,37.0964803478768,72161.4047531385,4827445.0,62.0,1.284323280741676,0.925941331563359,37.2770600876266,64129.5571542383,0.0,11.34279478381732,11.06867623999287,0.8260698232583072,0
IRL,2018,0.928168981879793,36.9155496523221,80804.1123164826,4898022.0,0.0,0.0,1.11981590911886,37.0964803478768,72161.4047531385,1.284323280741676,11.770902544064546,11.186674479474169,0.0,0
IRL,2019,0.953896616119834,36.7262990845873,81827.6688873996,4976456.0,0.0,0.0,0.928168981879793,36.9155496523221,80804.1123164826,0.0,0.42810776024722536,11.299795513751242,0.0,0
IRL,2020,1.00897235932956,36.5286633275085,86514.0706108754,5039747.0,51.0,1.0119555604676187,0.953896616119834,36.7262990845873,81827.6688873996,0.0,0.42810776024722536,11.312382936584767,0.6991071647508318,0
IRL,2021,1.03312440304987,36.3225770643015,103783.446284479,5110585.0,25.0,0.4891807885007294,1.00897235932956,36.5286633275085,86514.0706108754,1.0119555604676187,0.3373185201558729,11.368073904459582,0.39822616238307057,0
IRL,2022,1.17281530326124,36.1079749784941,105190.685952731,5212836.0,26.0,0.4987688083799298,1.03312440304987,36.3225770643015,103783.446284479,0.4891807885007294,0.5003787829894494,11.550071395369551,0.4046439766586122,0
IRL,2023,0.846910710164401,35.8847917538732,106818.917130804,5311538.0,17.0,0.32005795684790356,1.17281530326124,36.1079749784941,105190.685952731,0.4987688083799298,0.666635052449426,11.563539545295066,0.27767564233736564,0
IRN,2011,4.64211620456629,28.795949055483,8025.68743364356,78383598.0,0.0,0.0,6.49939072557201,29.3907373225614,6291.19443655454,0.0,0.0,8.747065165886742,0.0,0
IRN,2012,6.79693716710654,28.2366365958706,8114.08099831877,79370580.0,0.0,0.0,4.64211620456629,28.795949055483,8025.68743364356,0.0,0.0,8.990527197999253,0.0,0
IRN,2013,8.77490977276026,27.6969126484588,6222.74194840326,80414686.0,2200.0,2.735818678692596,6.79693716710654,28.2366365958706,8114.08099831877,0.0,0.0,9.001479461207415,1.31796698564828,0
IRN,2014,9.37842415684426,27.1675929614777,5672.06372896319,81502045.0,0.0,0.0,8.77490977276026,27.6969126484588,6222.74194840326,2.735818678692596,0.9119395595641987,8.736126604266584,0.0,0
IRN,2015,10.0916014141126,26.6438596424051,4952.73355532178,82619362.0,5400.0,6.53599818405763,9.37842415684426,27.1675929614777,5672.06372896319,0.0,0.9119395595641987,8.643484590995744,2.0196912963050346,0
IRN,2016,8.44788029281743,26.1203899903405,5710.59947089104,83812228.0,78.0,0.09306517898557715,10.0916014141126,26.6438596424051,4952.73355532178,6.53599818405763,3.090605620916742,8.507896824856799,0.08898584052307644,0
IRN,2017,8.49044927227644,25.5988159179688,6000.93346404409,85026754.0,21012.0,24.712221755519447,8.44788029281743,26.1203899903405,5710.59947089104,0.09306517898557715,2.209687787681069,8.650254380918529,3.246966433550352,0
IRN,2018,9.63092024660805,25.1965713500977,4783.01067340237,86117998.0,25546.0,29.663950153602038,8.49044927227644,25.5988159179688,6000.93346404409,24.712221755519447,10.447095039520883,8.699836940308092,3.4230877025095587,0
IRN,2019,11.8081014676882,24.7961120605469,3997.4935449585,87051648.0,505120.0,580.2532308176405,9.63092024660805,25.1965713500977,4783.01067340237,29.663950153602038,18.156412362702355,8.473034526690347,6.365186515282059,1
IRN,2020,11.6933506979702,24.4013595581055,3202.50003502169,87723443.0,37397.0,42.63056569724469,11.8081014676882,24.7961120605469,3997.4935449585,580.2532308176405,211.543134242254,8.29367295540488,3.775757952837498,0
IRN,2021,10.6344854027271,24.0073623657227,4605.14881318992,88455488.0,16230.0,18.348211475584197,11.6933506979702,24.4013595581055,3202.50003502169,42.63056569724469,217.51591555616244,8.071999252011397,2.9625999850014892,0
IRN,2022,10.6950417706195,23.6657791137695,4721.20437099984,89524246.0,30300.0,33.84557966564723,10.6344854027271,24.0073623657227,4605.14881318992,18.348211475584197,213.74400266348982,8.435147388410591,3.550926290299458,0
IRN,2023,10.750872506583,23.3240432739258,5049.29931642754,90608707.0,18611.0,20.539968636788956,10.6950417706195,23.6657791137695,4721.20437099984,33.84557966564723,31.608118946158708,8.460030997310286,3.0699102156821017,0
IRQ,2011,4.56377343749618,30.8747766130084,5775.54229080293,32161424.0,2000.0,6.2186301203578545,5.16228354680036,30.9417046621526,4461.75196161555,0.0,0.0,8.403520886480655,1.9766652008805004,0
IRQ,2012,4.12427143758484,30.7777786254883,6477.59618450955,33654842.0,0.0,0.0,4.56377343749618,30.8747766130084,5775.54229080293,6.2186301203578545,3.1093150601789272,8.661560563077426,0.0,0
IRQ,2013,4.76843971585529,30.555549621582,6650.35282247395,35281989.0,7900.0,22.391027898115382,4.12427143758484,30.7777786254883,6477.59618450955,0.0,2.0728767067859515,8.776259127683907,3.15235252568074,0
IRQ,2014,4.92940777204755,30.3333358764648,6249.39226978969,36550059.0,0.0,0.0,4.76843971585529,30.555549621582,6650.35282247395,22.391027898115382,9.536552672824412,8.802575544911397,0.0,0
IRQ,2015,4.19186817517212,30.079475402832,4440.14189252367,37560535.0,22000.0,58.572115652772254,4.92940777204755,30.3333358764648,6249.39226978969,0.0,7.463675966038461,8.740399503927273,4.087187606416557,0
IRQ,2016,3.97718981146129,30.0876221740357,4334.42096404188,38469627.0,0.0,0.0,4.19186817517212,30.079475402832,4440.14189252367,58.572115652772254,26.987714516962544,8.398666805361218,0.0,0
IRQ,2017,2.97672780101335,30.1055488809247,4759.2846435467,39337353.0,0.0,0.0,3.97718981146129,30.0876221740357,4334.42096404188,0.0,19.524038550924086,8.374573992698766,0.0,0
IRQ,2018,2.81581764320492,30.1234851134158,5646.68932074742,40265624.0,63620.0,158.00078002019788,2.97672780101335,30.1055488809247,4759.2846435467,0.0,19.524038550924086,8.468062744502006,5.068909107995606,0
IRQ,2019,3.77000825306199,30.1316604614258,5671.8568632942,41192171.0,37000.0,89.82289377270259,2.81581764320492,30.1234851134158,5646.68932074742,158.00078002019788,52.666926673399296,8.63900177071032,4.508911387887398,0
IRQ,2020,6.08867414692412,30.1316833496094,4295.18945121228,42116605.0,1240.0,2.9442069226615013,3.77000825306199,30.1316604614258,5671.8568632942,89.82289377270259,82.60789126430016,8.643448125789181,1.3722479005420052,0
IRQ,2021,3.27919752953038,30.1317291259766,4868.49431080783,43071211.0,9500.0,22.056496159348757,6.08867414692412,30.1316833496094,4295.18945121228,2.9442069226615013,83.58929357185399,8.365483734660549,3.1379475587753056,0
IRQ,2022,2.05870621388374,30.1317138671875,6520.73154560584,44070551.0,51000.0,115.72353610918094,3.27919752953038,30.1317291259766,4868.49431080783,22.056496159348757,38.27453228490428,8.490745373068675,4.759808199413448,0
IRQ,2023,3.10603121448412,30.131721496582,5965.31835077761,45074049.0,36790.0,81.6212450760747,2.05870621388374,30.1317138671875,6520.73154560584,115.72353610918094,46.90807973039707,8.782895194141462,4.414266851766406,0
ISL,2011,6.80354686881859,6.58893887572999,48254.953927254,319014.0,0.0,0.0,6.30607576724851,6.5411651892114,43776.4677400475,0.0,0.0,10.68687452883864,0.0,0
ISL,2012,6.78778087975117,6.485107421875,46594.9869146614,320716.0,0.0,0.0,6.80354686881859,6.58893887572999,48254.953927254,0.0,0.0,10.784274496610333,0.0,0
ISL,2013,6.04859910943695,6.3833274841308,50173.3360061057,323764.0,0.0,0.0,6.78778087975117,6.485107421875,46594.9869146614,0.0,0.0,10.749269698694265,0.0,0
ISL,2014,5.2481645293506,6.3803283684195,55140.364935793,327386.0,0.0,0.0,6.04859910943695,6.3833274841308,50173.3360061057,0.0,0.0,10.82325894001655,0.0,0
ISL,2015,5.38208899929138,6.272080231434,53505.6964079339,330815.0,0.0,0.0,5.2481645293506,6.3803283684195,55140.364935793,0.0,0.0,10.917655438275638,0.0,0
ISL,2016,4.47135515188719,6.2177352905274,62854.0906407932,335439.0,0.0,0.0,5.38208899929138,6.272080231434,53505.6964079339,0.0,0.0,10.887562091554862,0.0,0
ISL,2017,3.75031988716598,6.2281017689908,72976.3729990975,343400.0,120.0,34.944670937682005,4.47135515188719,6.2177352905274,62854.0906407932,0.0,0.0,11.048587207409671,3.581980837787783,0
ISL,2018,4.16468316974913,6.1473332974513,75633.8651351915,352721.0,0.0,0.0,3.75031988716598,6.2281017689908,72976.3729990975,34.944670937682005,11.648223645894001,11.197904713166862,0.0,0
ISL,2019,4.42492787831943,6.0229152583869,69296.3144361601,360563.0,0.0,0.0,4.16468316974913,6.1473332974513,75633.8651351915,0.0,11.648223645894001,11.233672634894182,0.0,0
ISL,2020,4.79261696705132,5.8632897125278,60127.9393575616,366463.0,590.0,160.99851826787426,4.42492787831943,6.0229152583869,69296.3144361601,0.0,11.648223645894001,11.146161431702126,5.087587188695951,0
ISL,2021,4.41052130328966,5.7891793596159,70425.4064277273,372520.0,219.0,58.78878986363148,4.79261696705132,5.8632897125278,60127.9393575616,160.99851826787426,53.66617275595809,11.004246524722241,4.090818182909286,0
ISL,2022,4.20588929303782,5.82129287719719,76376.9599334915,382003.0,56.0,14.659570736355473,4.41052130328966,5.7891793596159,70425.4064277273,58.78878986363148,73.26243604383525,11.162323563119921,2.7510822787154026,0
ISL,2023,4.3005455805291,5.84817382151989,82201.2908518078,385663.0,920.0,238.55023686482758,4.20588929303782,5.82129287719719,76376.9599334915,14.659570736355473,78.14895962262041,11.243449450989594,5.478763152119407,0
ISR,2011,1.85284294203979,8.2695975326219,34476.7252065949,7765800.0,0.0,0.0,1.83828057709311,8.26835732960539,31398.9266927022,0.0,0.0,10.354560837266302,0.0,0
ISR,2012,1.49484781325948,8.2723497180485,33268.7066672115,7910500.0,0.0,0.0,1.85284294203979,8.2695975326219,34476.7252065949,0.0,0.0,10.44806874831454,0.0,0
ISR,2013,1.5233149487473,8.27721685345939,36980.622214228,8059500.0,200.0,2.4815435200694833,1.49484781325948,8.2723497180485,33268.7066672115,0.0,0.0,10.412402552238202,1.2474757357013337,0
ISR,2014,1.39092717696261,8.2848019064284,38265.3651949373,8215700.0,700.0,8.520272161836484,1.5233149487473,8.27721685345939,36980.622214228,2.4815435200694833,0.8271811733564944,10.518176371318832,2.2534234368228345,0
ISR,2015,1.42574237362895,8.2957078445295,36138.13561386,8380100.0,0.0,0.0,1.39092717696261,8.2848019064284,38265.3651949373,8.520272161836484,3.6672718939686555,10.55232659598738,0.0,0
ISR,2016,1.45872080858947,8.3105376353368,37571.2561196275,8546000.0,75210.0,880.0608471799671,1.42574237362895,8.2957078445295,36138.13561386,0.0,3.6672718939686555,10.495131646147403,6.781126689589786,1
ISR,2017,1.44031962010396,8.3298942464241,41013.2575323519,8713300.0,0.0,0.0,1.45872080858947,8.3105376353368,37571.2561196275,880.0608471799671,296.19370644726786,10.53402118785971,0.0,0
ISR,2018,1.39351241557999,8.3543806453654,42269.3770257585,8882800.0,80.0,0.9006169225919756,1.44031962010396,8.3298942464241,41013.2575323519,0.0,293.35361572665573,10.621675029928783,0.6421785295710634,0
ISR,2019,1.35332886174885,8.3845997997348,44091.8678022544,9054000.0,1230.0,13.58515573227303,1.39351241557999,8.3543806453654,42269.3770257585,0.9006169225919756,293.6538213675197,10.651841812985417,2.6800042808268234,0
ISR,2020,1.37217783069975,8.4211546771061,44590.8237253282,9215100.0,10394.0,112.79313300995106,1.35332886174885,8.3845997997348,44091.8678022544,13.58515573227303,4.828590884955002,10.694053320515543,4.734382177252482,0
ISR,2021,1.33051800415199,8.4646482450534,52258.4693499398,9371400.0,3870.0,41.29585760932198,1.37217783069975,8.4211546771061,44590.8237253282,112.79313300995106,42.42630188827202,10.705305796657946,3.744689152399252,0
ISR,2022,1.18596323576565,8.5020165726673,54947.2091250715,9557500.0,0.0,0.0,1.33051800415199,8.4646482450534,52258.4693499398,41.29585760932198,55.89138211718202,10.863976384984394,0.0,0
ISR,2023,1.39228590650126,8.4910430205495,52126.4489280033,9849000.0,42.0,0.42643923240938164,1.18596323576565,8.5020165726673,54947.2091250715,0.0,51.362996873091014,10.91414636831016,0.3551812916819491,0
ITA,2011,1.84910093882918,31.5984926110489,38432.3742820019,60026841.0,0.0,0.0,1.76928173132246,31.7836258170143,35856.8625485539,0.0,0.0,10.487318139932395,0.0,0
ITA,2012,1.90886941227517,31.2391205764741,34854.3949441965,60191247.0,800.0,1.3290969034085636,1.84910093882918,31.5984926110489,38432.3742820019,0.0,0.0,10.556681483035183,0.8454805973395911,0
ITA,2013,2.05779366637333,30.6926010083924,35701.6746002376,60311613.0,2700.0,4.476749776199818,1.90886941227517,31.2391205764741,34854.3949441965,1.3290969034085636,0.44303230113618786,10.458963208919178,1.700511818469787,0
ITA,2014,1.90848213125891,30.4192361385121,36028.3494022349,60320707.0,1600.0,2.652488804549323,2.05779366637333,30.6926010083924,35701.6746002376,4.476749776199818,1.9352822265361274,10.482980883735621,1.2954087994906751,0
ITA,2015,1.99152552817849,30.3899993896484,30639.8829751432,60229605.0,1321.0,2.1932735570821027,1.90848213125891,30.4192361385121,36028.3494022349,2.652488804549323,2.8194451613859015,10.49208914646656,1.1610465840628696,0
ITA,2016,1.84915248302101,30.4030767474714,31391.5692898108,60115223.0,950.0,1.5802985543279113,1.99152552817849,30.3899993896484,30639.8829751432,2.1932735570821027,3.1075040459437475,10.330090441165911,0.9479051109703787,0
ITA,2017,1.89343264776643,30.4819215740618,32844.115660604,60002252.0,2053.0,3.4215382449312073,1.84915248302101,30.4030767474714,31391.5692898108,1.5802985543279113,2.1420203053197793,10.354326497069755,1.4864876547601718,0
ITA,2018,1.85755612561626,30.5199966430664,35062.3364176949,59877221.0,2684.0,4.482505959987688,1.89343264776643,30.4819215740618,32844.115660604,3.4215382449312073,2.398370118780407,10.399558326727101,1.701562288402373,0
ITA,2019,1.81866879873849,30.4949989318847,33812.788724868,59729081.0,3100.0,5.19010161900867,1.85755612561626,30.5199966430664,35062.3364176949,4.482505959987688,3.1614475864156026,10.464911317030648,1.8229515032028953,0
ITA,2020,1.9280162015612,30.4812507629394,32091.4866621366,59438851.0,1948.0,3.2773177260778477,1.81866879873849,30.4949989318847,33812.788724868,5.19010161900867,4.3647152746425215,10.428623948721835,1.4533261136209585,0
ITA,2021,1.83339290794707,30.5187492370606,36852.5425414951,59133173.0,2344.0,3.9639340848494635,1.9280162015612,30.4812507629394,32091.4866621366,3.2773177260778477,4.3166417683580685,10.376377221352127,1.6021985886179104,0
ITA,2022,1.89037175125669,30.5160220233461,35653.9042103495,59013667.0,3953.0,6.6984483441776295,1.83339290794707,30.5187492370606,36852.5425414951,3.9639340848494635,4.143784476645327,10.514707027094456,2.0410187948098506,0
ITA,2023,1.8596431753596,30.4618459876699,39279.699782164,58984216.0,42176.0,71.50387486713394,1.89037175125669,30.5160220233461,35653.9042103495,6.6984483441776295,4.646566718368313,10.481641981888876,4.283640006875646,0
JAM,2011,5.64728677796925,46.043413890872,5232.63644918132,2760494.0,0.0,0.0,5.26899732039303,46.2464320519194,4809.977380312,0.0,0.0,8.47865554002804,0.0,0
JAM,2012,5.77144048591992,45.7521182296268,5340.83333232158,2772430.0,2000.0,72.13888177519361,5.64728677796925,46.043413890872,5232.63644918132,0.0,0.0,8.562861621216708,4.292360123777365,0
JAM,2013,5.97047963265033,45.451180188017,5124.21301411137,2783687.0,0.0,0.0,5.77144048591992,45.7521182296268,5340.83333232158,72.13888177519361,24.046293925064536,8.583324193692661,0.0,0
JAM,2014,5.97248983885497,45.1339604329605,4975.11325459872,2793749.0,0.0,0.0,5.97047963265033,45.451180188017,5124.21301411137,0.0,24.046293925064536,8.541927366871908,0.0,0
JAM,2015,5.85612196392822,44.8004751985076,5339.30718256806,2802534.0,0.0,0.0,5.97248983885497,45.1339604329605,4975.11325459872,0.0,24.046293925064536,8.51240439432856,0.0,0
JAM,2016,6.09832325620201,44.450740722385,5302.29553353854,2809915.0,7024.0,249.9719742412137,5.85612196392822,44.8004751985076,5339.30718256806,0.0,0.0,8.58303845512523,5.525341276488236,0
JAM,2017,5.91066469479472,44.0847732451693,5605.43541173019,2815764.0,29.0,1.029915859425719,6.09832325620201,44.450740722385,5302.29553353854,249.9719742412137,83.3239914137379,8.576083705084306,0.7079943436359216,0
JAM,2018,5.90087317528371,43.702589009675,5976.90362644337,2820097.0,7.0,0.24821841234539097,5.91066469479472,44.0847732451693,5605.43541173019,1.029915859425719,83.66729670021314,8.631670397586685,0.22171726452693147,0
JAM,2019,6.30529102020964,43.3042042604926,6030.68896415921,2823271.0,0.0,0.0,5.90087317528371,43.702589009675,5976.90362644337,0.24821841234539097,83.75003617099493,8.6958252213428,0.0,0
JAM,2020,7.72056947491963,42.8896352436373,5299.04530804283,2830739.0,2.0,0.07065292844024122,6.30529102020964,43.3042042604926,6030.68896415921,0.0,0.42604475725703667,8.704782344061094,0.06826867586481743,0
JAM,2021,7.38278062941281,42.4588982062774,5625.67806271236,2837682.0,16.0,0.5638404867071082,7.72056947491963,42.8896352436373,5299.04530804283,0.07065292844024122,0.10629044692854406,8.575470648191,0.44714464632524664,0
JAM,2022,6.79979684725228,42.0120093965225,6626.47502388538,2839144.0,0.0,0.0,7.38278062941281,42.4588982062774,5625.67806271236,0.5638404867071082,0.21149780504911644,8.635274504843359,0.0,0
JAM,2023,7.78255886920727,41.5489850632571,7542.39855849054,2839786.0,0.0,0.0,6.79979684725228,42.0120093965225,6626.47502388538,0.0,0.21149780504911644,8.798979169598612,0.0,0
JOR,2011,4.59269751586294,16.4494956174936,4363.42800211536,7480424.0,0.0,0.0,4.97053082877959,17.7398916112916,4139.04283161368,0.0,0.0,8.328461412566249,0.0,0
JOR,2012,3.97973556725392,15.0407370360577,4593.83609729005,7587127.0,0.0,0.0,4.59269751586294,16.4494956174936,4363.42800211536,0.0,0.0,8.381242417788993,0.0,0
JOR,2013,3.97733734427352,13.5372889811665,4739.02253641778,7991809.0,420.0,5.255380853070938,3.97973556725392,15.0407370360577,4593.83609729005,0.0,0.0,8.432688364358187,1.833442029846414,0
JOR,2014,4.24636795376777,11.9628245670022,4610.60460269382,8791710.0,0.0,0.0,3.97733734427352,13.5372889811665,4739.02253641778,5.255380853070938,1.7517936176903126,8.463797169196338,0.0,0
JOR,2015,4.43181485575889,10.1118608060867,4441.61896013754,9544729.0,0.0,0.0,4.24636795376777,11.9628245670022,4610.60460269382,0.0,1.7517936176903126,8.436331145427044,0.0,0
JOR,2016,4.64825852368191,9.43727205293,4366.06999647268,10006367.0,0.0,0.0,4.43181485575889,10.1118608060867,4441.61896013754,0.0,1.7517936176903126,8.3989993374165,0.0,0
JOR,2017,4.56751477814013,9.1235390285572,4449.34618076611,10234226.0,160.0,1.5633815395516963,4.64825852368191,9.43727205293,4366.06999647268,0.0,0.0,8.381847581860123,0.9413273007395927,0
JOR,2018,4.46958792425547,8.7991140900271,4533.97658437205,10462306.0,2000.0,19.116244544940667,4.56751477814013,9.1235390285572,4449.34618076611,1.5633815395516963,0.5211271798505654,8.40073716556512,3.001527674973779,0
JOR,2019,4.39686183197217,8.484033507493,4557.79334729121,10671891.0,46.0,0.43103888523599054,4.46958792425547,8.7991140900271,4533.97658437205,19.116244544940667,6.893208694830787,8.419575199222136,0.35840067367541567,0
JOR,2020,4.73287537525391,8.17832770076809,4411.48321838396,10865228.0,140.0,1.2885141480694193,4.39686183197217,8.484033507493,4557.79334729121,0.43103888523599054,7.036888323242785,8.42481325066912,0.8279027633382087,0
JOR,2021,4.82885342865116,7.88202708954699,4581.71967230365,11066356.0,0.0,0.0,4.73287537525391,8.17832770076809,4411.48321838396,1.2885141480694193,6.9452658594153585,8.392192898035217,0.0,0
JOR,2022,4.76761883150185,7.59516209338371,4754.41362207378,11256263.0,0.0,0.0,4.82885342865116,7.88202708954699,4581.71967230365,0.0,0.5731843444351367,8.430047915783382,0.0,0
JOR,2023,4.95629590864962,7.31776313166399,4906.23543006639,11439213.0,339.0,2.96349058278747,4.76761883150185,7.59516209338371,4754.41362207378,0.0,0.4295047160231398,8.467038957962666,1.3771250973082645,0
JPN,2011,1.10595400106158,9.1368345565749,49122.077634247,127833000.0,400000.0,312.9082474791329,1.11140166338783,9.37714131593511,45378.1378109399,66.36995393144375,66.36995393144375,10.72280775883514,5.749100737727445,0
JPN,2012,1.13661659778411,8.9734722673348,49626.6830327571,127629000.0,308000.0,241.3244638757649,1.10595400106158,9.1368345565749,49122.077634247,312.9082474791329,189.63910070528834,10.802084216278594,5.490277587958046,0
JPN,2013,1.07559314069116,8.8483404345683,41369.1948479498,127445000.0,638613.0,501.0890972576405,1.13661659778411,8.9734722673348,49626.6830327571,241.3244638757649,206.8675550954472,10.812304082679246,6.218777588520179,1
JPN,2014,0.991053653091654,8.7451054867667,39172.8471161948,127276000.0,707014.0,555.4967157987367,1.07559314069116,8.8483404345683,41369.1948479498,501.0890972576405,351.7739362041795,10.630315969329544,6.321661269168512,1
JPN,2015,1.0203205987902,8.6467355896375,35664.6446110613,127141000.0,484926.0,381.4080430388309,0.991053653091654,8.7451054867667,39172.8471161948,555.4967157987367,432.6367589773807,10.575764637721486,5.946488214007391,1
JPN,2016,1.10437494356716,8.54587451478579,40214.9688631562,127076000.0,663444.0,522.0844219207404,1.0203205987902,8.6467355896375,35664.6446110613,381.4080430388309,479.3312853650694,10.481943168600713,6.259742869624846,1
JPN,2017,1.10813828591854,8.4501580314117,39679.8635262948,126972000.0,20770.0,16.357937183000978,1.10437494356716,8.54587451478579,40214.9688631562,522.0844219207404,486.32972691943604,10.602019431131913,2.854049876307853,0
JPN,2018,1.01125619011391,8.36226813902719,40645.478086519,126811000.0,130107.0,102.59914360741577,1.10813828591854,8.4501580314117,39679.8635262948,16.357937183000978,306.6168007141908,10.588624323417427,4.64052906345353,0
JPN,2019,0.981152004588712,8.2835792101893,41424.8655601543,126633000.0,263641.0,208.19296707809178,1.01125619011391,8.36226813902719,40645.478086519,102.59914360741577,213.68050090371904,10.612667471284468,5.343257113452107,0
JPN,2020,1.00457628073053,8.2190073732111,41098.9739004553,126261000.0,186000.0,147.31389740299855,0.981152004588712,8.2835792101893,41424.8655601543,208.19296707809178,109.0500159561695,10.631660736709046,4.999330956169285,0
JPN,2021,0.938649382602401,8.1258950720473,41580.739040705,125681593.0,13035.0,10.371447153761013,1.00457628073053,8.2190073732111,41098.9739004553,147.31389740299855,152.7020026961687,10.623762765458705,2.431105577918401,0
JPN,2022,0.848657019671377,8.0223467571594,35548.2645222433,125124989.0,48721.0,38.9378655609712,0.938649382602401,8.1258950720473,41580.739040705,10.371447153761013,121.95943721161711,10.635416384508185,3.6873248854222145,0
JPN,2023,0.825345395457711,7.9173096108527,35215.003535366,124516650.0,8430.0,6.7701789278783195,0.848657019671377,8.0223467571594,35548.2645222433,38.9378655609712,65.54107003924359,10.478674746472883,2.0502931921553826,0
KAZ,2011,4.9889741557576,45.6003913574482,11287.1464926039,17066002.0,9000.0,52.73642883670118,4.51052752955614,45.7945872502898,8793.07589980782,29.696836871117508,29.696836871117508,9.08183358056635,3.9840911483685764,0
KAZ,2012,4.28833015629833,45.30791807162,12018.7966527993,17306106.0,5100.0,29.469367632441408,4.9889741557576,45.6003913574482,11287.1464926039,52.73642883670118,41.216632853909346,9.331508471177347,3.416721839006128,0
KAZ,2013,4.50354556962711,44.9220235178748,13478.459627612,17556502.0,330.0,1.8796455011368438,4.28833015629833,45.30791807162,12018.7966527993,29.469367632441408,37.3008777800867,9.394310290541712,1.0576671966886328,0
KAZ,2014,4.32955246164473,44.4475638212822,12427.7094576939,17816285.0,0.0,0.0,4.50354556962711,44.9220235178748,13478.459627612,1.8796455011368438,28.02848065675981,9.50892229669039,0.0,0
KAZ,2015,4.71054741881579,43.8893951069118,10196.1226255982,18084169.0,19000.0,105.06426919589173,4.32955246164473,44.4475638212822,12427.7094576939,0.0,10.449671044526083,9.427764354311202,4.664045223547291,0
KAZ,2016,4.55600427070659,43.2523734998333,7475.56688689424,18363600.0,1000.0,5.445555337733341,4.71054741881579,43.8893951069118,10196.1226255982,105.06426919589173,35.64797156567619,9.229860863946346,1.8633907983475808,0
KAZ,2017,4.51698454026741,42.5413551251163,8943.08416791984,18651931.0,7100.0,38.0657638075114,4.55600427070659,43.2523734998333,7475.56688689424,5.445555337733341,36.83660817787502,8.919528993268136,3.665246477478515,0
KAZ,2018,4.39585810287636,41.7611961078305,9472.48527327758,18932727.0,400.0,2.1127437162116163,4.51698454026741,42.5413551251163,8943.08416791984,38.0657638075114,49.525196113712155,9.0987476058962,1.1355045611226597,0
KAZ,2019,4.46633595812751,40.9167525730454,9457.12614657136,19209555.0,0.0,0.0,4.39585810287636,41.7611961078305,9472.48527327758,2.1127437162116163,15.208020953818787,9.156252151553616,0.0,0
KAZ,2020,5.3912826934481,40.0128806458308,8781.50797787648,19482117.0,32000.0,164.25319691900012,4.46633595812751,40.9167525730454,9457.12614657136,0.0,13.392835841241007,9.154629560667358,5.10747882449928,0
KAZ,2021,5.03000193996331,38.969745719733,9983.60103576902,19743603.0,141.0,0.714155364651528,5.3912826934481,40.0128806458308,8781.50797787648,164.25319691900012,55.455313545070574,9.080517292522886,0.5389204605550972,0
KAZ,2022,5.24714480730074,38.555842672752,11255.3396437881,20034609.0,3971.0,19.820701267491668,5.03000193996331,38.969745719733,9983.60103576902,0.714155364651528,54.98911742788388,9.208799288694005,3.035947745015917,0
KAZ,2023,3.82500311361663,38.2439080500819,12879.4275257974,20330104.0,1751.0,8.612843298784895,5.24714480730074,38.555842672752,11255.3396437881,19.820701267491668,61.59601785038111,9.328686772804879,2.2631000479818058,0
KEN,2011,18.8947112249953,68.1326050974591,1096.14499807675,42758461.0,19000.0,44.43564982378575,17.5677598863696,68.1286712293542,1091.51873101194,128.6101994811504,128.6101994811504,6.99624107191379,3.8162970353182977,0
KEN,2012,18.8297259329446,68.1441869857239,1285.00536171512,43888303.0,97910.0,223.08905404704302,18.8947112249953,68.1326050974591,1096.14499807675,44.43564982378575,86.52292465246808,7.000466628456539,5.412043535557939,0
KEN,2013,18.6165515854622,68.1675545566012,1370.87885214659,44986791.0,180600.0,401.45117263420724,18.8297259329446,68.1441869857239,1285.00536171512,223.08905404704302,132.04496778399306,7.159296074085234,5.997573779274365,1
KEN,2014,18.3478393393556,68.2068454725437,1482.81566253497,46051440.0,1400.0,3.040078659863839,18.6165515854622,68.1675545566012,1370.87885214659,401.45117263420724,222.991958835012,7.223936504202438,1.3962641620468421,0
KEN,2015,19.4696147780528,68.2661973960042,1489.11959777284,47088526.0,105590.0,224.23721651427357,18.3478393393556,68.2068454725437,1482.81566253497,3.040078659863839,209.1934351137047,7.302372199391162,5.417154142444109,0
KEN,2016,20.0345164328349,68.3497479894353,1554.12610314423,48139687.0,49000.0,101.78711797606827,19.4696147780528,68.2661973960042,1489.11959777284,224.23721651427357,209.5761559361149,7.306611662679923,4.632660033652075,0
KEN,2017,20.8936374065292,68.4616349152898,1667.48447230835,49197766.0,35616.0,72.39353103960046,20.0345164328349,68.3497479894353,1554.12610314423,101.78711797606827,109.68813771673523,7.349311916594893,4.29583579876106,0
KEN,2018,20.314910419968,68.6059958360204,1836.45275528993,50207107.0,336758.0,670.7377104998302,20.8936374065292,68.4616349152898,1667.48447230835,72.39353103960046,132.80595517664742,7.4196709917701495,6.509867952575485,1
KEN,2019,20.8611638110686,68.8104433578865,1960.40808854893,51202827.0,74048.0,144.6170149941135,20.314910419968,68.6059958360204,1836.45275528993,670.7377104998302,281.63945317183294,7.516135519349607,4.9809799901581515,0
KEN,2020,22.7027261604451,68.7936505367384,1927.66459027849,52217334.0,335326.0,642.1737272147981,20.8611638110686,68.8104433578865,1960.40808854893,144.6170149941135,295.91608551118134,7.581417906814777,6.4664148700385775,1
KEN,2021,21.4770750957252,68.7120665978029,2061.35622089594,53219166.0,36202.0,68.02436550771952,22.7027261604451,68.7936505367384,1927.66459027849,642.1737272147981,485.8428175695806,7.564583120274835,4.234459565564183,0
KEN,2022,21.0361920649933,68.5692179933054,2109.56288513137,54252461.0,316298.0,583.0113402597534,21.4770750957252,68.7120665978029,2061.35622089594,68.02436550771952,284.938369238877,7.631604404698149,6.369920400892697,1
KEN,2023,21.4522060902205,68.3669659183571,1942.58802756191,55339003.0,641004.0,1158.3222776890289,21.0361920649933,68.5692179933054,2109.56288513137,583.0113402597534,431.06981099409023,7.654709961097709,7.05559086999222,1
KGZ,2011,16.56531665018,64.7533492038016,1117.40174350185,5546587.0,0.0,0.0,17.4482561772443,64.732231759602,876.954476440354,0.0,0.0,6.777594743134131,0.0,0
KGZ,2012,16.654196378216,64.781083778082,1168.62244675446,5652076.0,0.0,0.0,16.56531665018,64.7533492038016,1117.40174350185,0.0,0.0,7.019655930403447,0.0,0
KGZ,2013,14.6378725497812,64.8149470774895,1269.66303464348,5777150.0,0.0,0.0,16.654196378216,64.781083778082,1168.62244675446,0.0,0.0,7.064436280632882,0.0,0
KGZ,2014,14.7186631194877,64.8544506970703,1264.52668823891,5905848.0,0.0,0.0,14.6378725497812,64.8149470774895,1269.66303464348,0.0,0.0,7.1472941177415725,0.0,0
KGZ,2015,14.0607643300857,64.8991062318709,1105.65193844261,6040036.0,121.0,2.0032993180835343,14.7186631194877,64.8544506970703,1264.52668823891,0.0,0.0,7.143243668849263,1.0997114570556576,0
KGZ,2016,12.8344731564928,64.9484252769373,1103.27489428412,6175338.0,39.0,0.6315443786234859,14.0607643300857,64.8991062318709,1105.65193844261,2.0032993180835343,0.6677664393611781,7.009094464517668,0.489527037798969,0
KGZ,2017,12.5145788958853,65.0019194273161,1221.39046807082,6306696.0,220.0,3.488355868112241,12.8344731564928,64.9484252769373,1103.27489428412,0.6315443786234859,0.8782812322356733,7.006944194287834,1.5014864583282421,0
KGZ,2018,11.6752864842384,65.0591002780534,1283.5203037417,6444079.0,4710.0,73.09035162356017,12.5145788958853,65.0019194273161,1221.39046807082,3.488355868112241,2.0410665216064205,7.10856362066492,4.305285316314998,0
KGZ,2019,10.3739026248931,65.1194794241956,1421.99927504102,6590211.0,0.0,0.0,11.6752864842384,65.0591002780534,1283.5203037417,73.09035162356017,25.736750623431963,7.158140623152689,0.0,0
KGZ,2020,12.1696556730884,65.1825684607889,1229.51766602907,6726596.0,0.0,0.0,10.3739026248931,65.1194794241956,1421.99927504102,0.0,25.526235830557468,7.26052208863155,0.0,0
KGZ,2021,12.4122330298243,65.2478789828796,1349.99730650542,6851224.0,116.0,1.6931281184208835,12.1696556730884,65.1825684607889,1229.51766602907,0.0,24.363450541186722,7.11519022651722,0.9907033873063977,0
KGZ,2022,10.9968056651977,65.2996946502257,1739.72018344174,6975220.0,1720.0,24.658720441792518,12.4122330298243,65.2478789828796,1349.99730650542,1.6931281184208835,0.5643760394736278,7.2085983442538595,3.244883492074798,0
KGZ,2023,9.49216108207808,65.293560824638,2138.22210211478,7099750.0,47.0,0.6619951406739675,10.9968056651977,65.2996946502257,1739.72018344174,24.658720441792518,8.783949520071134,7.462054205105941,0.5080187726467725,0
KHM,2011,28.0358544598065,77.6175211468724,1088.98152823081,14722584.0,214000.0,1453.5491867460223,27.8742916555508,78.8767748831238,952.274616324008,220.6786060228984,220.6786060228984,6.859903021980445,7.282451294308146,1
KHM,2012,26.7953499375283,76.0588952417651,1192.80263041673,14945085.0,0.0,0.0,28.0358544598065,77.6175211468724,1088.98152823081,1453.5491867460223,837.1138963844603,6.993916028502356,0.0,0
KHM,2013,24.447155140413,74.2355264909729,1305.6600972686,15170208.0,144450.0,952.1952500585359,26.7953499375283,76.0588952417651,1192.80263041673,0.0,558.0759309229735,7.084898979130288,6.8598197620591455,1
KHM,2014,22.1938152404445,72.1820442176669,1431.56396469993,15396772.0,148910.0,967.1507767991889,24.447155140413,74.2355264909729,1305.6600972686,952.1952500585359,801.914812268186,7.175229616503199,6.875387836303254,1
KHM,2015,20.1408488554582,69.9330777450181,1547.32010444393,15623251.0,8802.0,56.339106374211106,22.1938152404445,72.1820442176669,1431.56396469993,967.1507767991889,639.7820089525749,7.26722110008759,4.048982875649636,0
KHM,2016,18.9079815555917,67.5232563961976,1675.19555711109,15852803.0,8250.0,52.041269925577204,20.1408488554582,69.9330777450181,1547.32010444393,56.339106374211106,658.561711077312,7.344925818588925,3.9710702883809,0
KHM,2017,17.8681771583586,64.9872094943765,1826.35391688754,16073372.0,15093.0,93.90064511665629,18.9079815555917,67.5232563961976,1675.19555711109,52.041269925577204,358.51038436632575,7.424281955089219,4.552830503450061,0
KHM,2018,16.4979479082228,62.3595663627258,2036.67377566578,16274522.0,37169.0,228.387660172139,17.8681771583586,64.9872094943765,1826.35391688754,93.90064511665629,67.42700713881487,7.510624252389229,5.435413411496651,0
KHM,2019,15.4385065177157,60.4169758743974,2225.87705485686,16481304.0,69878.0,423.983442086864,16.4979479082228,62.3595663627258,2036.67377566578,228.387660172139,124.7765250714575,7.619564130148468,6.05205020836985,1
KHM,2020,17.0396522911435,60.167341969078,2081.73914242939,16725474.0,66480.0,397.4775244037927,15.4385065177157,60.4169758743974,2225.87705485686,423.983442086864,248.75724912521977,7.708355459113246,5.987651096147338,1
KHM,2021,16.9044143710096,59.8908141871153,2167.40324198499,16974305.0,14653.0,86.32459473303915,17.0396522911435,60.167341969078,2081.73914242939,397.4775244037927,349.94954222093185,7.641439201747872,4.469632149777908,0
KHM,2022,16.5440859884848,59.625383812632,2325.03050040841,17201724.0,28631.0,166.44261935605988,16.9044143710096,59.8908141871153,2167.40324198499,86.32459473303915,302.5951870745653,7.681746342489746,5.120640721565671,0
KHM,2023,17.0784472455351,59.3709211927492,2429.74853452838,17423880.0,46188.0,265.0844702787209,16.5440859884848,59.625383812632,2325.03050040841,166.44261935605988,216.74824616429723,7.751918445807947,5.583813815809808,0
KIR,2011,25.7140796838501,50.8771830463205,1771.12926848792,110647.0,0.0,0.0,24.656994278618,51.5396160435282,1522.10068744154,0.0,0.0,7.328503461965024,0.0,0
KIR,2012,25.2322527301857,50.4199213304452,1843.55336349889,112284.0,0.0,0.0,25.7140796838501,50.8771830463205,1771.12926848792,0.0,0.0,7.47993707911821,0.0,0
KIR,2013,23.6658906066429,50.0312956741205,1772.08718317132,113838.0,0.0,0.0,25.2322527301857,50.4199213304452,1843.55336349889,0.0,0.0,7.519992447764283,0.0,0
KIR,2014,25.295949931433,49.6090691077615,1736.70535682101,115326.0,0.0,0.0,23.6658906066429,50.0312956741205,1772.08718317132,0.0,0.0,7.480477477550731,0.0,0
KIR,2015,22.919663600839,49.0458029597936,1639.85274740652,116815.0,2500.0,2140.136112656765,25.295949931433,49.6090691077615,1736.70535682101,0.0,0.0,7.460320761431065,7.669091860906503,1
KIR,2016,27.0676818963115,48.2289446997679,1742.66799324117,118478.0,0.0,0.0,22.919663600839,49.0458029597936,1639.85274740652,2140.136112656765,713.3787042189216,7.402971353612567,0.0,0
KIR,2017,31.0106872852234,47.0265302724549,1854.3326920967,120275.0,0.0,0.0,27.0676818963115,48.2289446997679,1742.66799324117,0.0,713.3787042189216,7.463746215498142,0.0,0
KIR,2018,26.7699361022364,45.4995976857503,1915.56002581991,122084.0,0.0,0.0,31.0106872852234,47.0265302724549,1854.3326920967,0.0,713.3787042189216,7.5258193077996465,0.0,0
KIR,2019,26.9900320512821,43.7153272854511,1750.24040333237,123921.0,0.0,0.0,26.7699361022364,45.4995976857503,1915.56002581991,0.0,0.0,7.558287204872741,0.0,0
KIR,2020,26.9632710280374,41.5876285887252,1751.87199542272,126099.0,0.0,0.0,26.9900320512821,43.7153272854511,1750.24040333237,0.0,0.0,7.468079617740339,0.0,0
KIR,2021,24.6990263157895,40.3635354698015,2223.54147866465,128377.0,0.0,0.0,26.9632710280374,41.5876285887252,1751.87199542272,0.0,0.0,7.46901086196004,0.0,0
KIR,2022,27.9577956877189,39.4260873440581,2078.7648751855,130469.0,0.0,0.0,24.6990263157895,40.3635354698015,2223.54147866465,0.0,0.0,7.707306096358906,0.0,0
KIR,2023,26.9850960163305,38.4755323805592,2200.68918614289,132530.0,0.0,0.0,27.9577956877189,39.4260873440581,2078.7648751855,0.0,0.0,7.640010125529572,0.0,0
KOR,2011,2.10765665250747,18.0384591913624,26175.2398553363,49936638.0,5500.0,11.013957327283427,2.0444228836758,18.0314924013514,24071.2620526362,0.0,0.0,10.088815504451865,2.486069084505849,0
KOR,2012,2.08215187594443,18.0912101799622,26600.5477433903,50199853.0,0.0,0.0,2.10765665250747,18.0384591913624,26175.2398553363,11.013957327283427,5.506978663641713,10.17260740253807,0.0,0
KOR,2013,1.99508166521127,18.1730616497297,28449.3591104972,50428893.0,4225.0,8.378133543403383,2.08215187594443,18.0912101799622,26600.5477433903,0.0,3.6713191090944757,10.1887246789188,2.2383807606388766,0
KOR,2014,1.95176665660859,18.2684317183046,30667.0912467447,50746659.0,0.0,0.0,1.99508166521127,18.1730616497297,28449.3591104972,8.378133543403383,6.464030290228936,10.255916061987897,0.0,0
KOR,2015,1.89858430952633,18.360510139322,30171.7906545222,51014947.0,0.0,0.0,1.95176665660859,18.2684317183046,30667.0912467447,0.0,2.792711181134461,10.330978019982325,0.0,0
KOR,2016,1.73945648142804,18.4440758202943,30832.0628072516,51217803.0,7456.0,14.55743816266387,1.89858430952633,18.360510139322,30171.7906545222,0.0,2.792711181134461,10.31469582553944,2.744538862692859,0
KOR,2017,1.71494254133381,18.528969570016,33296.9845439195,51361911.0,3020.0,5.879843528407656,1.73945648142804,18.4440758202943,30832.0628072516,14.55743816266387,4.852479387554623,10.33634286097505,1.9285959087226237,0
KOR,2018,1.59932774432361,18.6176476964804,35363.9508228687,51585058.0,1084.0,2.1013836991324117,1.71494254133381,18.528969570016,33296.9845439195,5.879843528407656,6.812427230357176,10.41325214993025,1.1318483664633798,0
KOR,2019,1.50689433955588,18.7098936464381,33826.9443301597,51764822.0,5590.0,10.798839412603408,1.59932774432361,18.6176476964804,35363.9508228687,2.1013836991324117,7.512888463401313,10.473476518909777,2.4680011717703443,0
KOR,2020,1.57795135359259,18.8240404377087,33645.7719545073,51836239.0,19245.0,37.12653612851812,1.50689433955588,18.7098936464381,33826.9443301597,10.798839412603408,6.260022213381158,10.429042495227343,3.6409105260114365,0
KOR,2021,1.66515978191584,18.8383473492215,37518.4635305697,51769539.0,2774.0,5.358363341809939,1.57795135359259,18.8240404377087,33645.7719545073,37.12653612851812,16.675586413417978,10.423672400441793,1.8497710080419854,0
KOR,2022,1.4483461547482,18.8375058373127,34822.4048404971,51672569.0,30556.0,59.13388978202341,1.66515978191584,18.8383473492215,37518.4635305697,5.358363341809939,17.76124629431049,10.532615104792185,4.09657357249892,0
KOR,2023,1.44773871445502,18.8354448279579,35674.095995632,51712619.0,40313.0,77.95582737745308,1.4483461547482,18.8375058373127,34822.4048404971,59.13388978202341,33.87292975078382,10.458044992588073,4.368888548965127,0
KWT,2011,0.438835825324165,0.0,49169.6063813095,3132814.0,0.0,0.0,0.451728985475114,0.0,39212.252220155,0.0,0.0,10.576770035487524,0.0,0
KWT,2012,0.359874300848834,0.0,52155.2225833921,3337109.0,0.0,0.0,0.438835825324165,0.0,49169.6063813095,0.0,0.0,10.803051292673027,0.0,0
KWT,2013,0.355177608949371,0.0,49651.0439275077,3507844.0,0.0,0.0,0.359874300848834,0.0,52155.2225833921,0.0,0.0,10.861998774181163,0.0,0
KWT,2014,0.450636106109894,0.0,44368.7813457751,3665876.0,0.0,0.0,0.355177608949371,0.0,49651.0439275077,0.0,0.0,10.812794835343167,0.0,0
KWT,2015,0.537729008869637,0.0,29882.2126495698,3834574.0,0.0,0.0,0.450636106109894,0.0,44368.7813457751,0.0,0.0,10.700313916386396,0.0,0
KWT,2016,0.518592131185869,0.0,27323.6890735517,4004096.0,0.0,0.0,0.537729008869637,0.0,29882.2126495698,0.0,0.0,10.305052151859629,0.0,0
KWT,2017,0.525092139249465,0.0,29047.6536135703,4154812.0,0.0,0.0,0.518592131185869,0.0,27323.6890735517,0.0,0.0,10.215545934152981,0.0,0
KWT,2018,0.44590687116951,0.0,32067.9623756889,4323515.0,0.0,0.0,0.525092139249465,0.0,29047.6536135703,0.0,0.0,10.276727413996708,0.0,0
KWT,2019,0.370434138380291,0.0,31707.8737443551,4442316.0,0.0,0.0,0.44590687116951,0.0,32067.9623756889,0.0,0.0,10.375643937180572,0.0,0
KWT,2020,0.496326689989677,0.0,25236.0755848941,4400267.0,0.0,0.0,0.370434138380291,0.0,31707.8737443551,0.0,0.0,10.364351849536613,0.0,0
KWT,2021,0.473024818982534,0.0,34018.6342592913,4360865.0,0.0,0.0,0.496326689989677,0.0,25236.0755848941,0.0,0.0,10.136069445635473,0.0,0
KWT,2022,0.402460238899801,0.0,39981.7691035833,4589643.0,14.0,0.3050346181609332,0.473024818982534,0.0,34018.6342592913,0.0,0.0,10.434693115136369,0.26622956774919904,0
KWT,2023,0.468514016254576,0.0,34091.9714813002,4853420.0,0.0,0.0,0.402460238899801,0.0,39981.7691035833,0.3050346181609332,0.1016782060536444,10.596203867876566,0.0,0
LAO,2011,20.7912551864005,68.7853122871332,1361.54704394913,6426590.0,50000.0,778.0175800852396,22.5957941345194,69.3531399109828,1125.91610151261,0.0,0.0,7.027240067180488,6.658033613119623,1
LAO,2012,18.5484865737637,68.2577198959128,1563.5650771337,6518978.0,0.0,0.0,20.7912551864005,68.7853122871332,1361.54704394913,778.0175800852396,389.0087900426198,7.217111053610419,0.0,0
LAO,2013,17.9304984280697,67.7735966551659,1812.51774424651,6611385.0,9950.0,150.4979667649063,18.5484865737637,68.2577198959128,1563.5650771337,0.0,259.33919336174654,7.355363158366373,5.020572204165678,0
LAO,2014,17.8487917824206,67.3361764827365,1981.03910900473,6703172.0,790.0,11.785465149932003,17.9304984280697,67.7735966551659,1812.51774424651,150.4979667649063,309.505182283382,7.503023743205836,2.548308990555473,0
LAO,2015,17.5877596970627,66.8759795567801,2121.01339097363,6801645.0,12049.0,177.14832220734837,17.8487917824206,67.3361764827365,1981.03910900473,11.785465149932003,54.0944773049461,7.591881446786444,5.1826164741424865,0
LAO,2016,17.2301765948066,66.1732544466526,2303.22156035363,6908802.0,660.0,9.553031046482444,17.5877596970627,66.8759795567801,2121.01339097363,177.14832220734837,113.1439180407289,7.660120629697669,2.356413121642594,0
LAO,2017,16.1997598561979,65.4884653555784,2432.43059478511,7018147.0,190.0,2.70726731714226,17.2301765948066,66.1732544466526,2303.22156035363,9.553031046482444,66.16227280125428,7.742498180540314,1.31029503301791,0
LAO,2018,15.7091868201084,64.7949929967987,2545.1075420815,7128045.0,19020.0,266.8333322811514,16.1997598561979,65.4884653555784,2432.43059478511,2.70726731714226,63.13620685699103,7.79705730812921,5.590364892580962,0
LAO,2019,16.0503390570341,64.0927119120549,2589.32081035237,7237636.0,102000.0,1409.299942688469,15.7091868201084,64.7949929967987,2545.1075420815,266.8333322811514,93.03121021492537,7.842321017848811,7.251557686060364,1
LAO,2020,16.3377623592616,63.3814966430889,2583.77730696131,7346533.0,12004.0,163.39680227394336,16.0503390570341,64.0927119120549,2589.32081035237,1409.299942688469,559.6135140955876,7.859537012023862,5.102283031544486,0
LAO,2021,16.0676970155249,62.661221731643,2526.05105018529,7453194.0,5.0,0.06708533281167779,16.3377623592616,63.3814966430889,2583.77730696131,163.39680227394336,613.1766924145213,7.857394635054119,0.06493094364073573,0
LAO,2022,14.8688822282276,61.9317617194603,2046.40440255621,7559007.0,560.0,7.408380492305405,16.0676970155249,62.661221731643,2526.05105018529,0.06708533281167779,524.254610098408,7.834808309077803,2.12922888615509,0
LAO,2023,16.1390568351887,61.1929911482844,2066.94979776957,7664993.0,1100.0,14.350958963693769,14.8688822282276,61.9317617194603,2046.40440255621,7.408380492305405,56.957422699686816,7.624328124798983,2.7311779452866425,0
LBN,2011,3.80460970714467,12.1729186346921,7834.96257108993,5096020.0,0.0,0.0,3.86195936751946,12.3607807189321,7625.81051551165,0.0,0.0,8.939425017947357,0.0,0
LBN,2012,3.76453077704882,11.9804933191925,8406.98405608118,5235742.0,0.0,0.0,3.80460970714467,12.1729186346921,7834.96257108993,0.0,0.0,8.966479002520344,0.0,0
LBN,2013,3.9553991560217,11.7834521535337,8162.37929361396,5743436.0,0.0,0.0,3.76453077704882,11.9804933191925,8406.98405608118,0.0,0.0,9.036937016275395,0.0,0
LBN,2014,4.02280590517852,11.5817425188158,7577.6413302369,6346990.0,1300.0,20.482149806443683,3.9553991560217,11.7834521535337,8162.37929361396,0.0,0.0,9.007413491349714,3.0672223487314527,0
LBN,2015,3.28466326670943,11.3753117961392,7714.1099998804,6472469.0,110.0,1.6995060154015416,4.02280590517852,11.5817425188158,7577.6413302369,20.482149806443683,6.827383268814561,8.933089218538214,0.9930687990128741,0
LBN,2016,2.72714945763945,11.164107366604,8089.012088155,6323060.0,0.0,0.0,3.28466326670943,11.3753117961392,7714.1099998804,1.6995060154015416,7.393885273948409,8.950936022619196,0.0,0
LBN,2017,2.79291148520091,10.9480766113105,8608.21084982387,6160128.0,0.0,0.0,2.72714945763945,11.164107366604,8089.012088155,0.0,7.393885273948409,8.99838550426094,0.0,0
LBN,2018,3.23189728304163,10.727166911359,9174.53666204759,5984119.0,0.0,0.0,2.79291148520091,10.9480766113105,8608.21084982387,0.0,0.5665020051338472,9.060587938148473,0.0,0
LBN,2019,3.16909985150245,10.5013256478497,8905.88005497437,5794594.0,4300.0,74.20709716677302,3.23189728304163,10.727166911359,9174.53666204759,0.0,0.0,9.124296162988498,4.320245603720271,0
LBN,2020,3.07825000560689,10.270500201883,5561.19166950397,5702398.0,0.0,0.0,3.16909985150245,10.5013256478497,8905.88005497437,74.20709716677302,24.73569905559101,9.094579296963557,0.0,0
LBN,2021,1.40016561487545,10.034637954559,4045.37391066234,5718122.0,847.0,14.812555590804113,3.07825000560689,10.270500201883,5561.19166950397,0.0,24.73569905559101,8.623747494736651,2.7608042821055347,0
LBN,2022,1.1895732629522,9.793686286978,3654.35845534878,5744489.0,35.0,0.6092796069415399,1.40016561487545,10.034637954559,4045.37391066234,14.812555590804113,29.673217585859046,8.305576428351998,0.47578662975651603,0
LBN,2023,0.966455367369224,9.54759258024021,3477.72489842684,5773493.0,172.0,2.979132390045333,1.1895732629522,9.793686286978,3654.35845534878,0.6092796069415399,5.140611732581884,8.203949439973922,1.381063803081617,0
LBR,2011,35.9187155963303,51.3416697229151,568.087865520004,4221178.0,0.0,0.0,35.9187137137137,51.8592482942093,492.252808033724,0.0,0.0,6.201021837808414,0.0,0
LBR,2012,35.918715839654,50.8226752360474,638.368751462083,4373043.0,0.0,0.0,35.9187155963303,51.3416697229151,568.087865520004,0.0,0.0,6.3440348431536835,0.0,0
LBR,2013,35.9187140392662,50.3022013757923,710.744570927863,4470239.0,0.0,0.0,35.918715839654,50.8226752360474,638.368751462083,0.0,0.0,6.460481363773808,0.0,0
LBR,2014,35.9187165881502,49.7801846843358,706.714490064507,4564293.0,650.0,14.240978832866338,35.9187140392662,50.3022013757923,710.744570927863,0.0,0.0,6.567719098349446,2.723987776074347,0
LBR,2015,35.9187142712518,49.2565617038637,692.590082351257,4659431.0,0.0,0.0,35.9187165881502,49.7801846843358,706.714490064507,14.240978832866338,4.746992944288779,6.5620407497407305,0.0,0
LBR,2016,35.9187135102446,48.7312689765616,714.613063145659,4755608.0,10000.0,210.27805487752565,35.9187142712518,49.2565617038637,692.590082351257,0.0,4.746992944288779,6.541881126562571,5.35317506157356,0
LBR,2017,35.9426159185731,48.2042430446151,699.269095727404,4848925.0,970.0,20.004433972478434,35.9187135102446,48.7312689765616,714.613063145659,210.27805487752565,74.839677903464,6.57313960628301,3.044733556982776,0
LBR,2018,35.4966999096751,47.6754204502094,692.203127129794,4944726.0,15100.0,305.375869158372,35.9426159185731,48.2042430446151,699.269095727404,20.004433972478434,76.76082961666803,6.551464683639739,5.724812678754484,0
LBR,2019,36.4371513224574,47.14473773553,658.164180770507,5043721.0,600.0,11.895979178864176,35.4966999096751,47.6754204502094,692.203127129794,305.375869158372,178.55278600279203,6.5413230689821615,2.556915571220799,0
LBR,2020,39.2922850706535,46.6121314427619,616.787867006715,5149463.0,3710.0,72.04634735699625,36.4371513224574,47.14473773553,658.164180770507,11.895979178864176,112.42542743657155,6.490972639695549,4.291094134988954,0
LBR,2021,37.4176168027237,46.0775381140902,667.96610514319,5259323.0,0.0,0.0,39.2922850706535,46.6121314427619,616.787867006715,72.04634735699625,129.77273189807747,6.426145141260741,0.0,0
LBR,2022,36.2030463526172,45.5408942917,744.617175237387,5373294.0,0.0,0.0,37.4176168027237,46.0775381140902,667.96610514319,0.0,27.98077551195348,6.505733393886854,0.0,0
LBR,2023,34.5650022779043,45.002136517776,799.194470229642,5493031.0,14320.0,260.6939593095324,36.2030463526172,45.5408942917,744.617175237387,0.0,24.01544911899875,6.614212298563938,5.5671757267688635,0
LBY,2011,3.05766833710666,11.9029541015625,7593.8391525702,6343203.0,0.0,0.0,1.79953001101668,11.8822860717773,11600.9068649472,0.0,0.0,9.358924748493978,0.0,0
LBY,2012,1.81559365235981,11.9272079467773,14975.8902795144,6179328.0,0.0,0.0,3.05766833710666,11.9029541015625,7593.8391525702,0.0,0.0,8.935224236737175,0.0,0
LBY,2013,2.41548515289585,11.9548568725586,11951.7134126011,6304628.0,3000.0,47.5840921938614,1.81559365235981,11.9272079467773,14975.8902795144,0.0,0.0,9.614263644033425,3.883296156211237,0
LBY,2014,3.51667860719144,11.9857940673828,8926.42074591474,6427252.0,0.0,0.0,2.41548515289585,11.9548568725586,11951.7134126011,47.5840921938614,15.861364064620467,9.388713595400562,0.0,0
LBY,2015,4.3862973349324,12.1840896606445,7458.48917756374,6531819.0,0.0,0.0,3.51667860719144,11.9857940673828,8926.42074591474,0.0,15.861364064620467,9.096882801906347,0.0,0
LBY,2016,4.61177989572916,12.1839943296823,7525.80299308216,6632126.0,0.0,0.0,4.3862973349324,12.1840896606445,7458.48917756374,0.0,15.861364064620467,8.91724221599589,0.0,0
LBY,2017,3.87477645520451,12.1833270129472,9965.83236729757,6738770.0,0.0,0.0,4.61177989572916,12.1839943296823,7525.80299308216,0.0,0.0,8.926225661327072,0.0,0
LBY,2018,3.66012922036917,12.181515724666,11196.5854810844,6849055.0,0.0,0.0,3.87477645520451,12.1833270129472,9965.83236729757,0.0,0.0,9.207018096053828,0.0,0
LBY,2019,2.04201619232517,12.1779884790658,9963.19489084483,6951033.0,4600.0,66.17721423563951,3.66012922036917,12.181515724666,11196.5854810844,0.0,0.0,9.323453451996,4.207334116156148,0
LBY,2020,4.326770152924,12.1721732903737,6650.33810585348,7045399.0,0.0,0.0,2.04201619232517,12.1779884790658,9963.19489084483,66.17721423563951,22.059071411879838,9.206753435689464,0.0,0
LBY,2021,1.9292341608539,12.1634981728165,4935.82787349801,7135175.0,1200.0,16.818087853486425,4.326770152924,12.1721732903737,6650.33810585348,0.0,22.059071411879838,8.802573332333422,2.8802141128894183,0
LBY,2022,1.68643769937353,12.1513911406214,5986.63694851258,7223805.0,0.0,0.0,1.9292341608539,12.1634981728165,4935.82787349801,16.818087853486425,27.665100696375315,8.504478273056792,0.0,0
LBY,2023,1.7692779613025,12.1352802080152,6026.51518708812,7305659.0,52470.0,718.2103626791231,1.68643769937353,12.1513911406214,5986.63694851258,0.0,5.606029284495475,8.697452113860537,6.578153891673078,1
LCA,2011,2.34543994710244,81.5256520442686,9128.99442011613,171801.0,0.0,0.0,2.69060872867551,81.4874929028687,8673.68720340529,0.0,0.0,9.068164546920634,0.0,0
LCA,2012,2.36885770168429,81.3806918724823,9260.30006551714,172587.0,0.0,0.0,2.34543994710244,81.5256520442686,9128.99442011613,0.0,0.0,9.119320362429587,0.0,0
LCA,2013,2.62387744085513,81.0741629000052,9577.21733754358,173369.0,1200.0,692.1652659933436,2.36885770168429,81.3806918724823,9260.30006551714,0.0,0.0,9.133599713629835,6.541268449825164,1
LCA,2014,2.21690522571356,80.6084554095274,10044.8218377677,174138.0,0.0,0.0,2.62387744085513,81.0741629000052,9577.21733754358,692.1652659933436,230.72175533111454,9.167246771973527,0.0,0
LCA,2015,2.15259095649537,79.9795711823927,10334.9860823918,174905.0,0.0,0.0,2.21690522571356,80.6084554095274,10044.8218377677,0.0,230.72175533111454,9.21491208950886,0.0,0
LCA,2016,2.07707722588586,79.1835119999449,10638.1269396653,175646.0,260.0,148.025004839279,2.15259095649537,79.9795711823927,10334.9860823918,0.0,230.72175533111454,9.243386879503655,5.004114109578924,0
LCA,2017,1.56172395644149,78.216279643528,11333.1123822102,176342.0,0.0,0.0,2.07707722588586,79.1835119999449,10638.1269396653,148.025004839279,49.341668279759666,9.272293704986243,0.0,0
LCA,2018,1.62887405698184,77.0738758944856,11642.6984727769,177017.0,0.0,0.0,1.56172395644149,78.216279643528,11333.1123822102,0.0,49.341668279759666,9.335572252174513,0.0,0
LCA,2019,1.73660334561951,75.7523025341618,11764.3944032403,177661.0,25.0,14.071743376430394,1.62887405698184,77.0738758944856,11642.6984727769,0.0,49.341668279759666,9.362520409028408,2.7128216911783323,0
LCA,2020,1.95682332611288,74.2475613439002,8537.11495506727,178250.0,0.0,0.0,1.73660334561951,75.7523025341618,11764.3944032403,14.071743376430394,4.690581125476798,9.372917824036904,0.0,0
LCA,2021,1.63301662707838,72.5556541050449,10481.1233971786,178522.0,0.0,0.0,1.95682332611288,74.2475613439002,8537.11495506727,0.0,4.690581125476798,9.052295531161127,0.0,0
LCA,2022,1.60927247473538,70.902321473324,12976.1489693474,178781.0,560.0,313.23239046654845,1.63301662707838,72.5556541050449,10481.1233971786,0.0,4.690581125476798,9.257426551586141,5.750132809198726,0
LCA,2023,1.25466516976667,70.9023686751964,13616.6397593734,179285.0,0.0,0.0,1.60927247473538,70.902321473324,12976.1489693474,313.23239046654845,104.41079682218282,9.470945318161778,0.0,0
LKA,2011,9.53315934995748,82.2118807182036,3224.95745082305,21009048.0,684810.0,3259.595579961548,9.04833700695796,82.7513790619307,2808.36245207687,677.1368233546972,677.1368233546972,7.940712851203513,8.089665150914115,1
LKA,2012,7.91028886801456,81.7382313251716,3327.77612404326,21169458.0,129300.0,610.785594983112,9.53315934995748,82.2118807182036,3224.95745082305,3259.595579961548,1968.3662016581227,8.078985069144686,6.41638188613577,1
LKA,2013,7.9246041166418,81.5676863519084,3739.43182292825,20585000.0,323965.0,1573.7915958222006,7.91028886801456,81.7382313251716,3327.77612404326,610.785594983112,1515.8393327664526,8.11035998510133,7.361878222391766,1
LKA,2014,8.08070792377259,81.3846122796276,3972.04377042271,20778000.0,151800.0,730.580421599769,7.9246041166418,81.5676863519084,3739.43182292825,1573.7915958222006,1814.724256922287,8.22695634441951,6.595207155086687,1
LKA,2015,8.21693887934065,81.203743387869,4057.71582716521,20970000.0,65570.0,312.6847877920839,8.08070792377259,81.3846122796276,3972.04377042271,730.580421599769,971.7192041350272,8.28728777272414,5.748388621168039,0
LKA,2016,7.26171847766503,81.0252320631838,4149.19189391879,21209000.0,500200.0,2358.4327408175773,8.21693887934065,81.203743387869,4057.71582716521,312.6847877920839,872.3522684046844,8.308621903835004,7.766176505067237,1
LKA,2017,7.43067877940601,80.8492306921912,4398.88828786059,21453000.0,135320.0,630.7742506875495,7.26171847766503,81.0252320631838,4149.19189391879,2358.4327408175773,1133.8993167364767,8.330909851654235,6.448532132057163,1
LKA,2018,7.5920639513666,80.6758916615873,4358.56095905888,21670000.0,112831.0,520.6783571758191,7.43067877940601,80.8492306921912,4398.88828786059,630.7742506875495,1100.6305930990702,8.38933443046145,6.2570512239767435,1
LKA,2019,7.2562466999024,80.5053673581563,4081.94772178134,21803000.0,86853.0,398.35343760033027,7.5920639513666,80.6758916615873,4358.56095905888,520.6783571758191,1169.9617828936487,8.38012663380919,5.989846833315157,1
LKA,2020,8.25132326034921,80.3378101687839,3847.60136741182,21919000.0,19347.0,88.2658880423377,7.2562466999024,80.5053673581563,4081.94772178134,398.35343760033027,516.6020151545663,8.314574487363332,4.4916194220976475,0
LKA,2021,8.78994016441411,80.1733724804731,3996.96240531688,22156000.0,121240.0,547.2106878497924,8.25132326034921,80.3378101687839,3847.60136741182,88.2658880423377,335.76589427282903,8.255465080087497,6.306659679938746,1
LKA,2022,8.4479528697634,80.0122066803633,3342.63650438046,22181000.0,10874.0,49.023939407601105,8.78994016441411,80.1733724804731,3996.96240531688,547.2106878497924,344.6100044974867,8.293540111643667,3.9125016789976934,0
LKA,2023,8.04312180256758,79.8544651557537,3815.41531767474,22037000.0,16406.0,74.44752007986568,8.4479528697634,80.0122066803633,3342.63650438046,49.023939407601105,228.16683843324373,8.114814267453063,4.323437316282238,0
LSO,2011,4.54395157549887,71.3849644824079,1280.73390931581,2014009.0,3400.0,168.81751769728933,4.86217527655246,72.5995184992005,1119.47557793042,250.4695050872861,250.4695050872861,7.021508497314403,5.134724435206637,0
LSO,2012,4.89530867188129,70.1029659944547,1217.93071228944,2034354.0,0.0,0.0,4.54395157549887,71.3849644824079,1280.73390931581,168.81751769728933,209.64351139228773,7.1559690569012275,0.0,0
LSO,2013,5.06436346227762,68.7592539066593,1151.03735837227,2056504.0,0.0,0.0,4.89530867188129,70.1029659944547,1217.93071228944,0.0,139.76234092819183,7.105729288070456,0.0,0
LSO,2014,3.9607145663379,67.3595590903396,1173.5377928819,2080089.0,2600.0,124.99465167115444,5.06436346227762,68.7592539066593,1151.03735837227,0.0,56.272505899096444,7.049287269872619,4.836239458996246,0
LSO,2015,3.78190344669127,65.9096124168139,1121.19851342518,2104611.0,0.0,0.0,3.9607145663379,67.3595590903396,1173.5377928819,124.99465167115444,41.664883890384814,7.068629981428781,0.0,0
LSO,2016,4.92411763358152,64.4922049290559,992.491840678465,2130422.0,0.0,0.0,3.78190344669127,65.9096124168139,1121.19851342518,0.0,41.664883890384814,7.023044998619131,0.0,0
LSO,2017,4.9636238571378,63.4716351931154,1069.36673247542,2157110.0,0.0,0.0,4.92411763358152,64.4922049290559,992.491840678465,0.0,41.664883890384814,6.901225849254035,0.0,0
LSO,2018,4.24977543430507,62.430907252585,1170.65569702819,2183603.0,1400.0,64.11421856445517,4.9636238571378,63.4716351931154,1069.36673247542,0.0,0.0,6.975756609365033,4.176142936494629,0
LSO,2019,4.46380208822172,61.3959079553741,1082.05706777516,2209405.0,0.0,0.0,4.24977543430507,62.430907252585,1170.65569702819,64.11421856445517,21.371406188151724,7.06617315311023,0.0,0
LSO,2020,5.30771204408517,60.3670694574468,918.582574704447,2235727.0,0.0,0.0,4.46380208822172,61.3959079553741,1082.05706777516,0.0,21.371406188151724,6.987542939772592,0.0,0
LSO,2021,5.95625262808585,59.3448239148003,1066.58645143823,2261542.0,730.0,32.278861060285415,5.30771204408517,60.3670694574468,918.582574704447,0.0,21.371406188151724,6.823919843932253,3.504922392419235,0
LSO,2022,5.95085393730342,58.3296034834678,1030.12582947757,2286110.0,0.0,0.0,5.95625262808585,59.3448239148003,1066.58645143823,32.278861060285415,10.759620353428472,6.973155726777521,0.0,0
LSO,2023,6.66144889853683,57.3218403195215,921.435141557056,2311472.0,770.0,33.31210587885123,5.95085393730342,58.3296034834678,1030.12582947757,0.0,10.759620353428472,6.9384065226199665,3.535498232977224,0
LTU,2011,3.51897129368263,33.2481659944244,14261.8433787325,3028115.0,0.0,0.0,3.06871518554059,33.2287139892578,11829.122609457,0.0,0.0,9.378404321200803,0.0,0
LTU,2012,4.00007448760216,33.1463241577148,14288.1853493139,2989139.0,0.0,0.0,3.51897129368263,33.2481659944244,14261.8433787325,0.0,0.0,9.565413069514697,0.0,0
LTU,2013,3.53435810553224,32.9907913208008,15636.5252586048,2961250.0,0.0,0.0,4.00007448760216,33.1463241577148,14288.1853493139,0.0,0.0,9.567258260853377,0.0,0
LTU,2014,3.4401608409572,32.8485062371977,16446.1647181663,2937253.0,0.0,0.0,3.53435810553224,32.9907913208008,15636.5252586048,0.0,0.0,9.657428770032363,0.0,0
LTU,2015,3.43671864804715,32.7717514038086,14269.8039878287,2911109.0,0.0,0.0,3.4401608409572,32.8485062371977,16446.1647181663,0.0,0.0,9.707908383779968,0.0,0
LTU,2016,3.12061896056681,32.8105773925781,14934.2702840428,2877325.0,0.0,0.0,3.43671864804715,32.7717514038086,14269.8039878287,0.0,0.0,9.565971050007025,0.0,0
LTU,2017,3.54933633712632,32.8987045288086,16800.1510246099,2842639.0,0.0,0.0,3.12061896056681,32.8105773925781,14934.2702840428,0.0,0.0,9.611480827844527,0.0,0
LTU,2018,2.88685726647675,32.8535257989543,19247.2315367967,2819200.0,0.0,0.0,3.54933633712632,32.8987045288086,16800.1510246099,0.0,0.0,9.729202676414053,0.0,0
LTU,2019,3.12404744403716,32.754264831543,19608.7943945553,2811089.0,0.0,0.0,2.88685726647675,32.8535257989543,19247.2315367967,0.0,0.0,9.865174467277434,0.0,0
LTU,2020,3.53241993914326,32.5745391845703,20428.6478157394,2810369.0,0.0,0.0,3.12404744403716,32.754264831543,19608.7943945553,0.0,0.0,9.883784434411067,0.0,0
LTU,2021,3.39405707261599,31.8087882995605,23882.8668916753,2808380.0,0.0,0.0,3.53241993914326,32.5745391845703,20428.6478157394,0.0,0.0,9.924742449079597,0.0,0
LTU,2022,3.94942094367082,31.7133547573187,24946.5724005188,2831639.0,0.0,0.0,3.39405707261599,31.8087882995605,23882.8668916753,0.0,0.0,10.080958484534426,0.0,0
LTU,2023,2.49720067319748,31.424545416801,27983.3658256887,2871585.0,0.0,0.0,3.94942094367082,31.7133547573187,24946.5724005188,0.0,0.0,10.12453179786945,0.0,0
LUX,2011,0.25111528958498,11.0437185162746,119025.057203467,518347.0,0.0,0.0,0.268409699709087,11.51208318342,110885.991378721,0.0,0.0,11.616266865995831,0.0,0
LUX,2012,0.28795364886368,10.5594231982708,112584.676270958,530946.0,0.0,0.0,0.25111528958498,11.0437185162746,119025.057203467,0.0,0.0,11.687097716220013,0.0,0
LUX,2013,0.261907196956465,10.0586253320295,120000.140729859,543360.0,0.0,0.0,0.28795364886368,10.5594231982708,112584.676270958,0.0,0.0,11.631469777634685,0.0,0
LUX,2014,0.289554289054283,9.5422192323141,123678.706919314,556319.0,0.0,0.0,0.261907196956465,10.0586253320295,120000.140729859,0.0,0.0,11.69525652780116,0.0,0
LUX,2015,0.223728934771597,9.0106320646932,105462.012584423,569604.0,0.0,0.0,0.289554289054283,9.5422192323141,123678.706919314,0.0,0.0,11.725450494149246,0.0,0
LUX,2016,0.214197008159042,8.46429099473509,106899.293549552,582014.0,0.0,0.0,0.223728934771597,9.0106320646932,105462.012584423,0.0,0.0,11.566115578809805,0.0,0
LUX,2017,0.23457255011554,7.9036231880084,110193.213797228,596336.0,0.0,0.0,0.214197008159042,8.46429099473509,106899.293549552,0.0,0.0,11.579651843029497,0.0,0
LUX,2018,0.233738394048527,7.3290558100816,116926.759593905,607950.0,0.0,0.0,0.23457255011554,7.9036231880084,110193.213797228,0.0,0.0,11.609999667945202,0.0,0
LUX,2019,0.214828063048275,6.7410160265233,112696.649059674,620001.0,190.0,30.6451118627228,0.233738394048527,7.3290558100816,116926.759593905,0.0,0.0,11.669311583717374,3.45458369314669,0
LUX,2020,0.20041631187567,6.1399310029019,116860.02817236,630419.0,2.0,0.31724932148301366,0.214828063048275,6.7410160265233,112696.649059674,30.6451118627228,10.215037287574267,11.632463839647682,0.2755457150059781,0
LUX,2021,0.194861687098922,5.4138256603467,134965.815442152,640064.0,560.0,87.49125087491251,0.20041631187567,6.1399310029019,116860.02817236,0.31724932148301366,10.320787061401939,11.668740714395582,4.482903686956415,0
LUX,2022,0.242167478298755,5.23945990598151,123719.658915996,653103.0,0.0,0.0,0.194861687098922,5.4138256603467,134965.815442152,87.49125087491251,39.48453735303944,11.812784215664344,0.0,0
LUX,2023,0.187250952835075,5.1984699679213,133230.619178899,666430.0,0.0,0.0,0.242167478298755,5.23945990598151,123719.658915996,0.0,29.269500065465177,11.725781552649646,0.0,0
LVA,2011,3.77780079362838,32.1733102991733,12902.574053337,2059709.0,0.0,0.0,4.11588497283241,32.1729318247547,11188.4191700977,0.0,0.0,9.32272389380131,0.0,0
LVA,2012,3.53285388028976,32.1668361057781,13329.3499931271,2034319.0,0.0,0.0,3.77780079362838,32.1733102991733,12902.574053337,0.0,0.0,9.46525961037439,0.0,0
LVA,2013,3.2120869041368,32.152665517067,14484.4715282132,2012647.0,0.0,0.0,3.53285388028976,32.1668361057781,13329.3499931271,0.0,0.0,9.497798668876616,0.0,0
LVA,2014,3.61639638963682,32.1313964635056,15185.814581236,1993782.0,0.0,0.0,3.2120869041368,32.152665517067,14484.4715282132,0.0,0.0,9.58090146253611,0.0,0
LVA,2015,3.55445018445087,32.1034604331741,13321.9753140616,1977527.0,0.0,0.0,3.61639638963682,32.1313964635056,15185.814581236,0.0,0.0,9.628182868610898,0.0,0
LVA,2016,3.32532538955761,32.0692889141528,13838.5266823272,1959537.0,0.0,0.0,3.55445018445087,32.1034604331741,13321.9753140616,0.0,0.0,9.497245291077132,0.0,0
LVA,2017,3.62476211824764,32.0293133945221,15132.4958333982,1942248.0,0.0,0.0,3.32532538955761,32.0692889141528,13838.5266823272,0.0,0.0,9.535284029333038,0.0,0
LVA,2018,3.66104778019513,31.9839653623624,17252.1710428626,1927174.0,24.0,1.2453468135207304,3.62476211824764,32.0293133945221,15132.4958333982,0.0,0.0,9.624665833193427,0.8088599919003001,0
LVA,2019,3.85343444199836,31.933676305754,17294.9751600969,1913822.0,0.0,0.0,3.66104778019513,31.9839653623624,17252.1710428626,1.2453468135207304,0.41511560450691015,9.755751234136849,0.0,0
LVA,2020,4.0791819421756,31.8788777127772,17564.2321549354,1900449.0,0.0,0.0,3.85343444199836,31.933676305754,17294.9751600969,0.0,0.41511560450691015,9.758229103713347,0.0,0
LVA,2021,4.20672251535361,31.8191208536307,20261.8887788916,1884490.0,0.0,0.0,4.0791819421756,31.8788777127772,17564.2321549354,0.0,0.41511560450691015,9.773676781517532,0.0,0
LVA,2022,5.11411038456871,31.7429781890966,20221.103686109,1879383.0,27.0,1.4366417063472428,4.20672251535361,31.8191208536307,20261.8887788916,0.0,0.0,9.916546352973574,0.8906207414079685,0
LVA,2023,3.93344279418518,31.6413683656939,22710.2637544197,1883710.0,0.0,0.0,5.11411038456871,31.7429781890966,20221.103686109,1.4366417063472428,0.47888056878241425,9.914531527029604,0.0,0
MAC,2011,,0.0,67046.7284292101,549600.0,0.0,0.0,,0.0,52596.2250160214,0.0,0.0,10.870418640984733,0.0,0
MAC,2012,,0.0,76058.0224963659,567900.0,0.0,0.0,,0.0,67046.7284292101,0.0,0.0,11.113160009376942,0.0,0
MAC,2013,,0.0,87107.8313063626,591900.0,0.0,0.0,,0.0,76058.0224963659,0.0,0.0,11.239264929655857,0.0,0
MAC,2014,,0.0,88355.3181764446,621700.0,0.0,0.0,,0.0,87107.8313063626,0.0,0.0,11.374913550425873,0.0,0
MAC,2015,,0.0,69902.9605741233,642900.0,0.0,0.0,,0.0,88355.3181764446,0.0,0.0,11.38913298822367,0.0,0
MAC,2016,,0.0,68911.6755919628,652500.0,0.0,0.0,,0.0,69902.9605741233,0.0,0.0,11.154877587190763,0.0,0
MAC,2017,,0.0,77570.9876166977,648400.0,0.0,0.0,,0.0,68911.6755919628,0.0,0.0,11.14059541093696,0.0,0
MAC,2018,,0.0,83588.2875009014,658900.0,5600.0,849.9013507360752,,0.0,77570.9876166977,0.0,0.0,11.25896165667988,6.746296200274719,1
MAC,2019,,0.0,81882.6964523869,672000.0,0.0,0.0,,0.0,83588.2875009014,849.9013507360752,283.3004502453584,11.333670650920798,0.0,0
MAC,2020,,0.0,36883.6652578543,685400.0,2823.0,411.8762766267873,,0.0,81882.6964523869,0.0,283.3004502453584,11.31305518350937,6.023147975748044,1
MAC,2021,,0.0,44884.8961602393,682500.0,37.0,5.421245421245421,,0.0,36883.6652578543,411.8762766267873,420.59254245428747,10.515551167985214,1.8596120897362747,0
MAC,2022,,0.0,36806.891255461,677300.0,0.0,0.0,,0.0,44884.8961602393,5.421245421245421,139.0991740160109,10.711878907686906,0.0,0
MAC,2023,,0.0,67216.3631112124,678800.0,3113.0,458.60341779611076,,0.0,36806.891255461,0.0,139.0991740160109,10.51346753745855,6.1303639824049805,1
MAR,2011,12.0819026098454,41.097423309588,3301.98876953125,32912588.0,0.0,0.0,11.9620812709231,41.6712483513354,3067.9853515625,46.20073492433059,46.20073492433059,8.029102281575598,0.0,0
MAR,2012,11.3297511522793,40.5651444020105,3164.17724609375,33355241.0,0.0,0.0,12.0819026098454,41.097423309588,3301.98876953125,0.0,23.100367462165295,8.102583025303645,0.0,0
MAR,2013,12.3583661932506,40.0916500697531,3379.7431640625,33787571.0,0.0,0.0,11.3297511522793,40.5651444020105,3164.17724609375,0.0,15.400244974776863,8.059964334935582,0.0,0
MAR,2014,10.3531465249527,39.6969513828346,3435.40698242188,34204780.0,1700.0,4.970065587324345,12.3583661932506,40.0916500697531,3379.7431640625,0.0,0.0,8.125850835333381,1.7867579134956448,0
MAR,2015,11.7961931846113,39.3582875262846,3146.24780273438,34607588.0,0.0,0.0,10.3531465249527,39.6969513828346,3435.40698242188,4.970065587324345,1.6566885291081148,8.142181722662047,0.0,0
MAR,2016,10.3219651103177,39.0342343462821,3140.85546875,35023457.0,0.0,0.0,11.7961931846113,39.3582875262846,3146.24780273438,0.0,1.6566885291081148,8.054283636491984,0.0,0
MAR,2017,11.1602887992375,38.7238942968158,3296.52661132813,35446392.0,0.0,0.0,10.3219651103177,39.0342343462821,3140.85546875,0.0,1.6566885291081148,8.052568817996246,0.0,0
MAR,2018,11.3055402401365,38.4304177246686,3501.69799804688,35839760.0,0.0,0.0,11.1602887992375,38.7238942968158,3296.52661132813,0.0,0.0,8.100927954711485,0.0,0
MAR,2019,10.8424017370039,38.1569549766235,3508.09765625,36210898.0,202.0,0.5578431112092277,11.3055402401365,38.4304177246686,3501.69799804688,0.0,0.0,8.161288807104988,0.44330224353933817,0
MAR,2020,10.6636401420592,37.9066563994634,3268.0302734375,36584208.0,340.0,0.9293627458055126,10.8424017370039,38.1569549766235,3508.09765625,0.5578431112092277,0.18594770373640923,8.163114205418248,0.6571897648737538,0
MAR,2021,11.9779439009277,37.6826723399711,3785.93627929688,36954442.0,10.0,0.027060346358362006,10.6636401420592,37.9066563994634,3268.0302734375,0.9293627458055126,0.49573528567158015,8.092248667445325,0.026700689062740746,0
MAR,2022,9.79618893785634,37.4881531449297,3463.1376953125,37329064.0,9500.0,25.449338885111075,11.9779439009277,37.6826723399711,3785.93627929688,0.027060346358362006,0.5047554011243675,8.239312601590939,3.2752311631001,0
MAR,2023,11.1311743840061,37.326249161122,3813.72607421875,37712505.0,310.0,0.8220085088487227,9.79618893785634,37.4881531449297,3463.1376953125,25.449338885111075,8.80192065909165,8.150219019271198,0.599939468886534,0
MDA,2011,11.3842525996445,60.6530838012695,2941.36224066021,2860699.0,0.0,0.0,11.1612572325879,60.7195053100586,2436.79935102421,0.0,0.0,7.798851006007988,0.0,0
MDA,2012,10.4481727207152,60.6385803222656,3044.8084324815,2860324.0,0.0,0.0,11.3842525996445,60.6530838012695,2941.36224066021,0.0,0.0,7.986968020930647,0.0,0
MDA,2013,11.550361937388,60.5724487304688,3321.04397795719,2859558.0,0.0,0.0,10.4481727207152,60.6385803222656,3044.8084324815,0.0,0.0,8.021521639974235,0.0,0
MDA,2014,14.0709569584487,60.3701515197754,3289.95758568777,2857815.0,0.0,0.0,11.550361937388,60.5724487304688,3321.04397795719,0.0,0.0,8.108335528483323,0.0,0
MDA,2015,12.8212557522034,60.3045959472656,2749.55137054338,2835978.0,0.0,0.0,14.0709569584487,60.3701515197754,3289.95758568777,0.0,0.0,8.09893386088939,0.0,0
MDA,2016,12.4797438509487,60.2626762390137,2847.08794770479,2803186.0,0.0,0.0,12.8212557522034,60.3045959472656,2749.55137054338,0.0,0.0,7.919556668942914,0.0,0
MDA,2017,12.1995910772854,60.0263442993164,3453.26727720294,2755189.0,0.0,0.0,12.4797438509487,60.2626762390137,2847.08794770479,0.0,0.0,7.9544031525693955,0.0,0
MDA,2018,10.1468784571365,59.6741905212402,4156.44981956646,2707203.0,0.0,0.0,12.1995910772854,60.0263442993164,3453.26727720294,0.0,0.0,8.147365637647637,0.0,0
MDA,2019,10.1608126286441,59.227710723877,4405.33418162155,2664224.0,0.0,0.0,10.1468784571365,59.6741905212402,4156.44981956646,0.0,0.0,8.332657141136504,0.0,0
MDA,2020,9.36669201380178,58.6631469726562,4375.7788930524,2635130.0,0.0,0.0,10.1608126286441,59.227710723877,4405.33418162155,0.0,0.0,8.390798371426943,0.0,0
MDA,2021,10.5865870134286,58.1884574890137,5274.60582195352,2595809.0,0.0,0.0,9.36669201380178,58.6631469726562,4375.7788930524,0.0,0.0,8.38406832027692,0.0,0
MDA,2022,8.11428000058421,57.5951156616211,5744.29618434435,2528654.0,0.0,0.0,10.5865870134286,58.1884574890137,5274.60582195352,0.0,0.0,8.570848799513469,0.0,0
MDA,2023,7.08454848490601,56.9988174438477,6799.58594644576,2457783.0,0.0,0.0,8.11428000058421,57.5951156616211,5744.29618434435,0.0,0.0,8.656136744105257,0.0,0
MDG,2011,29.0502057606452,71.8663192975037,506.163691559309,22822300.0,26000.0,113.92366238284484,29.0780963483597,72.1348315050897,450.009391645726,171.29972312555276,171.29972312555276,6.111488163334034,4.744268102580353,0
MDG,2012,28.0006123574142,71.6011967128919,493.511162904211,23462438.0,268000.0,1142.2512869293464,29.0502057606452,71.8663192975037,506.163691559309,113.92366238284484,142.6116927541988,6.228833814518241,7.041631488213758,1
MDG,2013,26.4930339794941,71.3395362894607,515.301589361832,24109290.0,20000.0,82.95557438647094,28.0006123574142,71.6011967128919,493.511162904211,1142.2512869293464,475.8248908125813,6.203569724931759,4.4302877825873495,0
MDG,2014,25.8453829296172,71.0814105654162,505.684922503435,24764348.0,2800.0,11.306576696467033,26.4930339794941,71.3395362894607,515.301589361832,82.95557438647094,446.37684123288733,6.246691070249705,2.510133810251874,0
MDG,2015,25.7433543337656,70.8268920789646,445.320069480568,25426702.0,86800.0,341.373411305957,25.8453829296172,71.0814105654162,505.684922503435,11.306576696467033,412.17114600409485,6.227889355779882,5.8359019873562135,0
MDG,2016,25.1334543599723,70.5760533683122,453.970714522463,26099952.0,51000.0,195.40265821178525,25.7433543337656,70.8268920789646,445.320069480568,341.373411305957,145.21185412963166,6.101036339211593,5.280166930511997,0
MDG,2017,24.5501377693098,70.328966971665,491.866848718929,26788375.0,248200.0,926.5212988843108,25.1334543599723,70.5760533683122,453.970714522463,195.40265821178525,182.6942154047364,6.120233053192625,6.832515757974597,1
MDG,2018,23.9733833005861,70.0818874653091,500.45718552916,27494926.0,76898.0,279.6806945397853,24.5501377693098,70.328966971665,491.866848718929,926.5212988843108,487.765789467351,6.200239053829086,5.6372177048707846,0
MDG,2019,22.9562520100657,69.6953027629796,499.818837622534,28219554.0,22737.0,80.57179075190203,23.9733833005861,70.0818874653091,500.45718552916,279.6806945397853,467.20155054529374,6.217518230934313,4.40148350063167,0
MDG,2020,24.6929443979329,69.2980525832452,450.771615205157,28953556.0,74380.0,256.89417907769257,22.9562520100657,69.6953027629796,499.818837622534,80.57179075190203,428.9245947253327,6.216244434139431,5.552549342169971,0
MDG,2021,22.5220913616157,68.8862876783964,483.469463351195,29691083.0,20840.0,70.18942353837345,24.6929443979329,69.2980525832452,450.771615205157,256.89417907769257,205.7155547897933,6.113176776042464,4.265344261574547,0
MDG,2022,21.608800850098,68.4602186534114,504.059106969168,30437261.0,290470.0,954.3237152646554,22.5220913616157,68.8862876783964,483.469463351195,70.18942353837345,135.88513112265602,6.183054402205611,6.862050251907278,1
MDG,2023,22.2232371808595,68.0200561139054,514.064076551927,31195932.0,117823.0,377.68706509553874,21.608800850098,68.4602186534114,504.059106969168,954.3237152646554,427.1357726269071,6.224675465929606,5.936710178252431,1
MDV,2011,5.385634653611,62.8725376482269,7424.520410971,373674.0,0.0,0.0,5.63412062612204,63.2353862237447,7173.59601844692,0.0,0.0,8.87830173499348,0.0,0
MDV,2012,5.19060478867434,62.524036566456,7461.29703686309,386818.0,0.0,0.0,5.385634653611,62.8725376482269,7424.520410971,0.0,0.0,8.912678050234444,0.0,0
MDV,2013,5.41343405241382,62.1742924844074,8236.08177944126,400070.0,0.0,0.0,5.19060478867434,62.524036566456,7461.29703686309,0.0,0.0,8.917618559590704,0.0,0
MDV,2014,5.30718633604263,61.8061140131893,8939.07416571472,413617.0,0.0,0.0,5.41343405241382,62.1742924844074,8236.08177944126,0.0,0.0,9.01640140719611,0.0,0
MDV,2015,5.53360361810085,61.4228489284709,9644.90655028145,428154.0,0.0,0.0,5.30718633604263,61.8061140131893,8939.07416571472,0.0,0.0,9.098299164074392,0.0,0
MDV,2016,5.62856345772863,61.0439127682185,9947.80744731739,443308.0,0.0,0.0,5.53360361810085,61.4228489284709,9644.90655028145,0.0,0.0,9.17428891265761,0.0,0
MDV,2017,5.27109968794242,60.67212280857,10509.628805812,458287.0,76.0,16.58349462236546,5.62856345772863,61.0439127682185,9947.80744731739,0.0,0.0,9.205207968428542,2.8669606564819463,0
MDV,2018,5.12400558285918,60.3076645571721,11423.2838427029,473099.0,20.0,4.227444995656301,5.27109968794242,60.67212280857,10509.628805812,16.58349462236546,5.527831540788487,9.260142291368831,1.653922630152678,0
MDV,2019,4.49402391073316,59.9507235216718,11740.2724029785,487731.0,294.0,60.279129274128564,5.12400558285918,60.3076645571721,11423.2838427029,4.227444995656301,6.936979872673921,9.343496530445679,4.115439316358289,0
MDV,2020,7.57494511363438,59.6014852097161,7393.8886543933,502118.0,0.0,0.0,4.49402391073316,59.9507235216718,11740.2724029785,60.279129274128564,27.030022964050108,9.370865469364267,0.0,0
MDV,2021,5.30620393459186,59.2601351289517,10176.143882547,516154.0,0.0,0.0,7.57494511363438,59.6014852097161,7393.8886543933,0.0,21.50219142326162,8.908544318154371,0.0,0
MDV,2022,5.06182473582962,58.9358230309337,11786.0191492983,524106.0,370.0,70.59640607052772,5.30620393459186,59.2601351289517,10176.143882547,0.0,20.093043091376188,9.22789968910388,4.271044878161109,0
MDV,2023,5.08184564628541,58.4903167066027,12587.6126038651,525994.0,54.0,10.26627680163652,5.06182473582962,58.9358230309337,11786.0191492983,70.59640607052772,23.532135356842574,9.374754132836966,2.421813909817109,0
MEX,2011,2.97569483968178,23.4332197720463,10664.4944032313,115243504.0,546800.0,474.4735980953859,3.09200838871919,23.4755558585287,9728.80078307432,792.3509399145311,792.3509399145311,9.182948700466264,6.164311355933673,1
MEX,2012,3.04872937167333,23.3414800859266,10744.1335236186,116818208.0,2500.0,2.14007734136788,2.97569483968178,23.4332197720463,10664.4944032313,474.4735980953859,633.4122690049585,9.274768987377273,1.1442474306257027,0
MEX,2013,3.02454277542456,23.2044231922048,11216.800851866,118343573.0,158330.0,133.78842296742215,3.04872937167333,23.3414800859266,10744.1335236186,2.14007734136788,422.988205117095,9.282208235580937,4.903706311759055,0
MEX,2014,3.02713651699048,23.0258632908234,11391.3773503964,119784261.0,18300.0,15.277466210690234,3.02454277542456,23.2044231922048,11216.800851866,133.78842296742215,203.46736613472532,9.325257157358198,2.789781710297528,0
MEX,2015,3.08518633863416,22.8096145817247,10021.2386113616,121072306.0,90460.0,74.71568270947115,3.02713651699048,23.0258632908234,11391.3773503964,15.277466210690234,50.40198883982675,9.340699757260152,4.326985308200446,0
MEX,2016,3.2462890783797,22.5594912648514,9097.92397674769,122251351.0,11516.0,9.419936798898853,3.08518633863416,22.8096145817247,10021.2386113616,74.71568270947115,74.59385729586118,9.212561763993142,2.3437209709420332,0
MEX,2017,3.29751177589907,22.2793075401459,9649.27816729586,123400057.0,2710.0,2.196109196286676,3.2462890783797,22.5594912648514,9097.92397674769,9.419936798898853,33.13769523968674,9.11591144120009,1.161934193868136,0
MEX,2018,3.29695945141921,21.9728776075506,10084.7937570364,124573711.0,20170.0,16.19121710197748,3.29751177589907,22.2793075401459,9649.27816729586,2.196109196286676,28.777242901552228,9.174742019544095,2.844398619795708,0
MEX,2019,3.31502440257968,21.644015667008,10369.5553593527,125762982.0,14383.0,11.436592685119379,3.29695945141921,21.9728776075506,10084.7937570364,16.19121710197748,9.269087699054337,9.21888315398782,2.5206431498835844,0
MEX,2020,3.71114888178603,21.322039397176,8841.27074929751,126799054.0,101191.0,79.80422314507173,3.31502440257968,21.644015667008,10369.5553593527,11.436592685119379,9.941306327794512,9.246725854211254,4.392029230808124,0
MEX,2021,3.78266528622109,21.0675992581943,10314.0506733708,127648148.0,18637.0,14.600290166372018,3.71114888178603,21.322039397176,8841.27074929751,79.80422314507173,35.8106776440562,9.08729899473818,2.7472895144909684,0
MEX,2022,3.89806571238006,20.800316784209,11405.7940469896,128613117.0,7704.0,5.990057763703837,3.78266528622109,21.0675992581943,10314.0506733708,14.600290166372018,35.28036866552104,9.241359338083765,1.944488819974641,0
MEX,2023,3.84569758598285,20.5265064251954,13830.843848864,129739759.0,195892.0,150.98841057659124,3.89806571238006,20.800316784209,11405.7940469896,5.990057763703837,33.46485702504919,9.341964425897745,5.02380427173275,0
MHL,2011,13.8842716192687,26.1446288827415,3319.39815439151,51907.0,0.0,0.0,10.5856610800745,26.5884341238191,3095.45768964722,0.0,0.0,8.03801405635685,0.0,0
MHL,2012,17.8198118428334,25.7294867481076,3514.26515490383,51419.0,0.0,0.0,13.8842716192687,26.1446288827415,3319.39815439151,0.0,0.0,8.107839980741524,0.0,0
MHL,2013,15.8570815450644,25.3209398193917,3677.90690791421,50681.0,0.0,0.0,17.8198118428334,25.7294867481076,3514.26515490383,0.0,0.0,8.164870236649692,0.0,0
MKD,2011,9.35099292094117,41.7590496073033,5416.86672931659,1937398.0,0.0,0.0,10.1206048077275,41.8793184458709,4833.36586759968,0.0,0.0,8.483505244704636,0.0,0
MKD,2012,9.10471970396591,41.6075782188271,5049.8265386157,1929821.0,0.0,0.0,9.35099292094117,41.7590496073033,5416.86672931659,0.0,0.0,8.597457424578868,0.0,0
MKD,2013,10.0274760854448,41.421305567201,5626.26115664893,1922716.0,1600.0,83.21561790716882,9.10471970396591,41.6075782188271,5049.8265386157,0.0,0.0,8.527307179889776,4.43338038988127,0
MKD,2014,10.1775672771312,41.1966329391838,5925.38592218015,1917557.0,0.0,0.0,10.0274760854448,41.421305567201,5626.26115664893,83.21561790716882,27.738539302389608,8.635378129703192,0.0,0
MKD,2015,9.72691849418736,40.9299616215341,5262.68671928674,1912430.0,0.0,0.0,10.1775672771312,41.1966329391838,5925.38592218015,0.0,27.738539302389608,8.68716984956692,0.0,0
MKD,2016,9.17290831294816,40.6176929010109,5598.48622617967,1906313.0,0.0,0.0,9.72691849418736,40.9299616215341,5262.68671928674,0.0,27.738539302389608,8.568586957420827,0.0,0
MKD,2017,7.87324504211252,40.2562280643727,5955.2973863451,1898657.0,0.0,0.0,9.17290831294816,40.6176929010109,5598.48622617967,0.0,0.0,8.630430127189323,0.0,0
MKD,2018,8.47039846991427,39.8419683983784,6713.98925398989,1889051.0,50.0,2.6468316630943263,7.87324504211252,40.2562280643727,5955.2973863451,0.0,0.0,8.692204323105615,1.2938587531232775,0
MKD,2019,8.13229139447626,39.3713151897868,6718.85826635458,1876262.0,0.0,0.0,8.47039846991427,39.8419683983784,6713.98925398989,2.6468316630943263,0.8822772210314421,8.812097508656711,0.0,0
MKD,2020,8.56905928759264,38.8406697253565,6659.59651070776,1856124.0,0.0,0.0,8.13229139447626,39.3713151897868,6718.85826635458,0.0,0.8822772210314421,8.812822341978487,0.0,0
MKD,2021,7.14748884425831,38.3158024371861,7620.80296977508,1837114.0,80.0,4.3546562706505965,8.56905928759264,38.8406697253565,6659.59651070776,0.0,0.8822772210314421,8.803964325695961,1.6779665133522594,0
MKD,2022,7.27988785468163,38.0469433392733,7606.2375253797,1831712.0,0.0,0.0,7.14748884425831,38.3158024371861,7620.80296977508,4.3546562706505965,1.4515520902168655,8.938768230899615,0.0,0
MKD,2023,6.2308866977397,37.7481677454221,8674.35846327485,1827816.0,0.0,0.0,7.27988785468163,38.0469433392733,7606.2375253797,0.0,1.4515520902168655,8.936855379089776,0.0,0
MLI,2011,27.5615497300786,76.3620325960696,938.292902579598,16469049.0,18000.0,109.29592838056405,25.9857196705545,76.8640538175106,797.151541141189,36.37458750904191,36.37458750904191,6.682298480600297,4.703167011530646,0
MLI,2012,30.7772665368303,75.8393831151412,872.506092463946,16957033.0,9000.0,53.075322787895736,27.5615497300786,76.3620325960696,938.292902579598,109.29592838056405,72.83525794480298,6.8451273608978225,3.9903779410842883,0
MLI,2013,28.4968116057941,75.2966373145117,901.920957649814,17459615.0,23500.0,134.59632414575006,30.7772665368303,75.8393831151412,872.506092463946,53.075322787895736,66.24861289250056,6.772515104322479,4.909682267069175,0
MLI,2014,29.3244531264164,74.7343271339675,947.915033293219,18020267.0,0.0,0.0,28.4968116057941,75.2966373145117,901.920957649814,134.59632414575006,98.98919177140328,6.8056350165290596,0.0,0
MLI,2015,30.525122276133,74.152984513295,838.11986940103,18593022.0,400.0,2.151344735675567,29.3244531264164,74.7343271339675,947.915033293219,0.0,62.5572156445486,6.855319261717762,1.147829261956036,0
MLI,2016,30.9987192702461,73.5531413922805,872.468587171653,19191289.0,8000.0,41.68557932716244,30.525122276133,74.152984513295,838.11986940103,2.151344735675567,45.582556293808544,6.732353568015323,3.753861142518756,0
MLI,2017,31.4007766435761,72.9353297107104,924.057531692284,19813011.0,6800.0,34.32088136427119,30.9987192702461,73.5531413922805,872.468587171653,41.68557932716244,14.612308020946003,6.7724721669030234,3.564474329112733,0
MLI,2018,32.4975413984656,72.3000814083712,996.379292136901,20442030.0,19000.0,92.94575930081308,31.4007766435761,72.9353297107104,924.057531692284,34.32088136427119,26.0526018090364,6.829855932002399,4.5427175870101095,0
MLI,2019,32.2682205547332,71.6479284250491,971.949318638092,21068405.0,6690.0,31.75370893050518,32.4975413984656,72.3000814083712,996.379292136901,92.94575930081308,56.317406664082235,6.905131131052599,3.489016205455406,0
MLI,2020,32.2899608370191,70.9794027005307,953.242943290974,21713836.0,7400.0,34.07965317597499,32.2682205547332,71.6479284250491,971.949318638092,31.75370893050518,53.00678319852981,6.880331993098757,3.557621280795331,0
MLI,2021,32.0375587266747,70.2950361746022,1027.27345365357,22388630.0,6000.0,26.799317332056493,32.2899608370191,70.9794027005307,953.242943290974,34.07965317597499,52.92637380243108,6.860918296566268,3.3250114639942323,0
MLI,2022,32.7176729018653,69.5984294318101,976.914116406452,23072640.0,24000.0,104.01930598319049,32.0375587266747,70.2950361746022,1027.27345365357,26.799317332056493,30.87755981284555,6.935636416141502,4.654144199762725,0
MLI,2023,31.3747850068698,68.9968110976765,1042.44223444837,23769127.0,1260.0,5.300994016313683,32.7176729018653,69.5984294318101,976.914116406452,104.01930598319049,54.966092163740655,6.885421850643482,1.8407074013187252,0
MLT,2011,1.08713374993752,5.68440835771879,23516.972445816,416268.0,0.0,0.0,1.27165148764665,5.7587564379846,21946.6073066905,0.0,0.0,9.996413406032767,0.0,0
MLT,2012,1.0910541183165,5.6373743506347,22878.3095862582,420028.0,0.0,0.0,1.08713374993752,5.68440835771879,23516.972445816,0.0,0.0,10.06552019276162,0.0,0
MLT,2013,1.01983625203559,5.60934321437939,25415.5525389054,424810.0,0.0,0.0,1.0910541183165,5.6373743506347,22878.3095862582,0.0,0.0,10.037988269612669,0.0,0
MLT,2014,1.00159746008451,5.587487226102,27424.5693619702,433481.0,0.0,0.0,1.01983625203559,5.60934321437939,25415.5525389054,0.0,0.0,10.143155915518893,0.0,0
MLT,2015,0.941565497029315,5.5612303731989,25529.6693210673,444220.0,0.0,0.0,1.00159746008451,5.587487226102,27424.5693619702,0.0,0.0,10.219231045619642,0.0,0
MLT,2016,1.01031771377506,5.51999664306641,26459.0644285369,454505.0,0.0,0.0,0.941565497029315,5.5612303731989,25529.6693210673,0.0,0.0,10.147635726933283,0.0,0
MLT,2017,0.675890607316043,5.43081936696861,30317.2611769875,467106.0,0.0,0.0,1.01031771377506,5.51999664306641,26459.0644285369,0.0,0.0,10.183391872606908,0.0,0
MLT,2018,0.621888918723848,5.27576267382941,33382.280781103,483903.0,0.0,0.0,0.675890607316043,5.43081936696861,30317.2611769875,0.0,0.0,10.31950548906784,0.0,0
MLT,2019,0.471910717650196,5.06679674753561,32421.9087471186,503912.0,0.0,0.0,0.621888918723848,5.27576267382941,33382.280781103,0.0,0.0,10.415810478219013,0.0,0
MLT,2020,0.78562042891342,4.8158917719737,31823.422001724,515490.0,0.0,0.0,0.471910717650196,5.06679674753561,32421.9087471186,0.0,0.0,10.386620512027449,0.0,0
MLT,2021,0.886000827253817,4.48546563829549,38078.0064279067,518150.0,0.0,0.0,0.78562042891342,4.8158917719737,31823.422001724,0.0,0.0,10.367989261492385,0.0,0
MLT,2022,0.833481606690094,4.3996844867121,35658.8318250199,531113.0,0.0,0.0,0.886000827253817,4.48546563829549,38078.0064279067,0.0,0.0,10.547418396860776,0.0,0
MLT,2023,0.0444448692460621,4.3727722852035,40932.5238774461,552747.0,0.0,0.0,0.833481606690094,4.3996844867121,35658.8318250199,0.0,0.0,10.481780175338145,0.0,0
MMR,2011,32.4961825024034,70.7275234863787,1213.62898703376,49419820.0,10000.0,20.2347964844874,36.853075751266,70.8584670781976,1010.53417343401,216.4229219656456,216.4229219656456,6.919223440944676,3.0556411797535628,0
MMR,2012,30.5901997024538,70.6043710636655,1202.6658960055,49837446.0,48000.0,96.31312166357803,32.4961825024034,70.7275234863787,1213.62898703376,20.2347964844874,118.3288592250665,7.102193948676607,4.577933837895744,0
MMR,2013,29.5337253604993,70.4896053762761,1199.09561597055,50262658.0,223000.0,443.6693340013972,30.5901997024538,70.6043710636655,1202.6658960055,96.31312166357803,110.99028003790367,7.093127092347858,6.0973309362933605,1
MMR,2014,27.8298025759612,70.3835657883538,1293.00042298688,50681634.0,80822.0,159.46999656719828,29.5337253604993,70.4896053762761,1199.09561597055,443.6693340013972,186.7390840498209,7.090156512577269,5.078106987819097,0
MMR,2015,26.771778645598,70.2833178808318,1166.73305546337,51089056.0,1618500.0,3167.9974670113306,27.8298025759612,70.3835657883538,1293.00042298688,159.46999656719828,233.1508174107245,7.165493801944008,8.061170560388401,1
MMR,2016,25.6286228737595,70.1870834417906,1229.19713515893,51495696.0,508840.0,988.1214150402006,26.771778645598,70.2833178808318,1166.73305546337,3167.9974670113306,1257.0455991933088,7.062819588862356,6.8968170895479135,1
MMR,2017,23.4041280962744,70.0948272296563,1272.82241830603,51894938.0,351280.0,676.906098240256,25.6286228737595,70.1870834417906,1229.19713515893,988.1214150402006,1438.5296262062432,7.114929708011135,6.519008780177924,1
MMR,2018,22.0756064041111,70.006425949271,1298.21310320785,52272247.0,297586.0,569.30018715285,23.4041280962744,70.0948272296563,1272.82241830603,676.906098240256,1611.0083267639293,7.149777437331799,6.346162866328054,1
MMR,2019,20.8421577754282,69.9217563054768,1425.98954211903,52640713.0,269333.0,511.64390573509144,22.0756064041111,70.006425949271,1298.21310320785,569.30018715285,744.7759001444356,7.169514054953729,6.239581463276186,1
MMR,2020,22.4186525400503,69.8406950031158,1490.21683548367,53016522.0,49158.0,92.7220386127932,20.8421577754282,69.9217563054768,1425.98954211903,511.64390573509144,585.9500637093992,7.263322288871867,4.54033336556684,0
MMR,2021,22.7852901568211,69.7631187470302,1242.72134419599,53387102.0,158835.0,297.5156808474077,22.4186525400503,69.8406950031158,1490.21683548367,92.7220386127932,391.2220438335782,7.307347733757396,5.698822463605011,0
MMR,2022,22.3343500768495,69.688904242062,1158.05005034332,53756787.0,13236.0,24.6220072639386,22.7852901568211,69.7631187470302,1242.72134419599,297.5156808474077,300.6272083984308,7.125863248364961,3.2434516409381673,0
MMR,2023,22.7222309725462,69.6179281930534,1233.19666209269,54133798.0,995250.0,1838.5002286372,22.3343500768495,69.688904242062,1158.05005034332,24.6220072639386,138.28657557471317,7.055356026482687,7.517249198837945,1
MNE,2011,5.17096892815778,35.5789085164189,7265.51771176628,620345.0,0.0,0.0,5.46716738531637,35.6930374248707,6678.63939560908,226.01496864849508,226.01496864849508,8.806819282380323,0.0,0
MNE,2012,4.89539575741918,35.4755991341049,6552.47970337373,621418.0,800.0,128.73782220663063,5.17096892815778,35.5789085164189,7265.51771176628,0.0,113.00748432424754,8.891032461518188,4.865515661815682,0
MNE,2013,5.20960137991499,35.3747012040347,7102.7776714702,622587.0,0.0,0.0,4.89539575741918,35.4755991341049,6552.47970337373,128.73782220663063,118.25093028504189,8.787751439988158,0.0,0
MNE,2014,5.11569218646198,35.2767856227541,7342.17147363741,623744.0,0.0,0.0,5.20960137991499,35.3747012040347,7102.7776714702,0.0,42.912607402210206,8.86838198793652,0.0,0
MNE,2015,4.96369912493667,35.1818347062829,6421.00005731419,624651.0,0.0,0.0,5.11569218646198,35.2767856227541,7342.17147363741,0.0,42.912607402210206,8.90152610916553,0.0,0
MNE,2016,4.80607864194884,35.0898307706591,6968.01202883651,625353.0,400.0,63.96387320441414,4.96369912493667,35.1818347062829,6421.00005731419,0.0,0.0,8.767484883574122,4.173831318528143,0
MNE,2017,4.43612645373447,35.0007561319416,7674.2856571219,625982.0,2.0,0.31949800473496043,4.80607864194884,35.0898307706591,6968.01202883651,63.96387320441414,21.32129106813805,8.849228747486176,0.27725136482289525,0
MNE,2018,4.02702654709881,34.9145931062131,8673.59469069858,626438.0,0.0,0.0,4.43612645373447,35.0007561319416,7674.2856571219,0.31949800473496043,21.427790403049702,8.94576079093176,0.0,0
MNE,2019,3.70351082097405,34.8313240095841,8749.25629734676,626753.0,0.0,0.0,4.02702654709881,34.9145931062131,8673.59469069858,0.0,21.427790403049702,9.06815388219027,0.0,0
MNE,2020,4.18386978297396,34.7509311581973,7555.48699036321,626590.0,0.0,0.0,3.70351082097405,34.8313240095841,8749.25629734676,0.0,0.10649933491165348,9.076838270048027,0.0,0
MNE,2021,3.7713187551422,34.6733968682325,9315.86435643142,625053.0,0.0,0.0,4.18386978297396,34.7509311581973,7555.48699036321,0.0,0.0,8.930161677360207,0.0,0
MNE,2022,3.99672766573405,34.5987034559134,10038.1849482517,623591.0,0.0,0.0,3.7713187551422,34.6733968682325,9315.86435643142,0.0,0.0,9.1395814086272,0.0,0
MNE,2023,3.7692433716629,34.5268332375151,12258.1600477339,623529.0,1.0,0.16037746440021233,3.99672766573405,34.5987034559134,10038.1849482517,0.0,0.0,9.214251209497391,0.14874535253207388,0
MNG,2011,10.3073568180221,32.0803941201324,3736.04201455077,2786317.0,0.0,0.0,11.7325631980129,32.1701981686746,2625.21881402433,0.0,0.0,7.873300377371649,0.0,0
MNG,2012,11.2580245572127,32.0477217462215,4328.89001905655,2839705.0,0.0,0.0,10.3073568180221,32.0803941201324,3736.04201455077,0.0,0.0,8.226049672277721,0.0,0
MNG,2013,13.4140624660902,32.0223249944085,4340.14310544449,2899011.0,0.0,0.0,11.2580245572127,32.0477217462215,4328.89001905655,0.0,0.0,8.373297420917963,0.0,0
MNG,2014,13.3412210879498,32.0058642770374,4126.23975800524,2963113.0,0.0,0.0,13.4140624660902,32.0223249944085,4340.14310544449,0.0,0.0,8.375892980765093,0.0,0
MNG,2015,14.079203180176,32.0000000093905,3838.92126989984,3026864.0,810.0,26.76036980848826,13.3412210879498,32.0058642770374,4126.23975800524,0.0,0.0,8.325364123050653,3.323609457181293,0
MNG,2016,12.6278436864479,32.0223245179021,3619.90026383792,3088856.0,0.0,0.0,14.079203180176,32.0000000093905,3838.92126989984,26.76036980848826,8.920123269496086,8.25320714274134,0.0,0
MNG,2017,11.1372332713568,32.0739416776328,3645.96708669551,3148917.0,0.0,0.0,12.6278436864479,32.0223245179021,3619.90026383792,0.0,8.920123269496086,8.194477965569103,0.0,0
MNG,2018,11.4280045193059,32.1316555166628,4107.64288528468,3208189.0,5940.0,185.15118654169063,11.1372332713568,32.0739416776328,3645.96708669551,0.0,8.920123269496086,8.201651166006648,5.226559174414397,0
MNG,2019,11.5583828612266,32.1722700448443,4347.54610314873,3267673.0,13.0,0.3978366256354292,11.4280045193059,32.1316555166628,4107.64288528468,185.15118654169063,61.717062180563545,8.32084805473527,0.33492577406089075,0
MNG,2020,12.9656563031474,31.9105228229225,4001.25193077703,3327204.0,4200.0,126.23211561419137,11.5583828612266,32.1722700448443,4347.54610314873,0.3978366256354292,61.849674389108685,8.377596839054503,4.846013100281639,0
MNG,2021,13.1631741927742,30.7846755981445,4517.61578018785,3383741.0,6300.0,186.18446269971608,12.9656563031474,31.9105228229225,4001.25193077703,126.23211561419137,103.9270462605058,8.294612464380982,5.232094562199982,0
MNG,2022,13.0278534035361,30.216194152832,4993.51487463495,3433748.0,75.0,2.1842022186834913,13.1631741927742,30.7846755981445,4517.61578018785,186.18446269971608,104.27147164651429,8.415960982602943,1.1582017768584616,0
MNG,2023,9.92060281298024,29.5535507202148,5838.63108083902,3481145.0,3866.0,111.05541423870595,13.0278534035361,30.216194152832,4993.51487463495,2.1842022186834913,104.866926844197,8.516095564170783,4.7189935189252274,0
MNP,2011,,8.9746632098648,13598.7166094613,53608.0,0.0,0.0,,9.05118196718939,14771.4037455399,0.0,0.0,9.60051610741183,0.0,0
MNP,2012,,8.89880724407659,14013.6003306158,53234.0,0.0,0.0,,8.9746632098648,13598.7166094613,0.0,0.0,9.517804233967428,0.0,0
MNP,2013,,8.8235058127871,14632.8518897608,52758.0,0.0,0.0,,8.89880724407659,14013.6003306158,0.0,0.0,9.547854945933313,0.0,0
MNP,2014,,8.7487655648724,15945.417608954,52178.0,0.0,0.0,,8.8235058127871,14632.8518897608,0.0,0.0,9.591092746425202,0.0,0
MNP,2015,,8.6745931492085,17665.1007493109,51514.0,0.0,0.0,,8.7487655648724,15945.417608954,0.0,0.0,9.676989481666839,0.0,0
MNP,2016,,8.6009952146717,24225.474169342,50773.0,0.0,0.0,,8.6745931492085,17665.1007493109,0.0,0.0,9.779402870295206,0.0,0
MOZ,2011,26.4848729989708,68.7937769967206,618.17649286789,23649039.0,22000.0,93.02703589773775,27.3093770922399,69.0138220177079,496.185839392659,565.2361915515886,565.2361915515886,6.208963878524334,4.543582356849851,0
MOZ,2012,25.5177066547282,68.5684748264895,685.685748199513,24337846.0,10000.0,41.08827050676547,26.4848729989708,68.7937769967206,618.17649286789,93.02703589773775,329.13161372466317,6.42839035784023,3.7397690915786717,0
MOZ,2013,24.2529090836336,68.3380846023821,686.505672517351,25051611.0,186000.0,742.46722097034,25.5177066547282,68.5684748264895,685.685748199513,41.08827050676547,233.11716598536395,6.531876761369487,6.611324677464093,1
MOZ,2014,24.6554671607897,68.1027754197658,697.142680444123,25788475.0,21200.0,82.2072650670503,24.2529090836336,68.3380846023821,686.505672517351,742.46722097034,292.19417579161444,6.533070080441016,4.42133466453238,0
MOZ,2015,23.5663164946958,67.8627163740082,610.563774706589,26547572.0,61000.0,229.77619196211236,24.6554671607897,68.1027754197658,697.142680444123,82.2072650670503,288.5875855147186,6.548423495116562,5.441448374902904,0
MOZ,2016,23.6272810887625,67.6180765604766,441.489734819071,27337105.0,7000.0,25.606222751092332,23.5663164946958,67.8627163740082,610.563774706589,229.77619196211236,351.48355933316753,6.41601924193216,3.2811451264394136,0
MOZ,2017,26.0749604736416,67.3725588507325,470.93856305196,28166393.0,170100.0,603.9111930306448,23.6272810887625,67.6180765604766,441.489734819071,25.606222751092332,112.52989326008499,6.092417266029911,6.405081658877274,1
MOZ,2018,25.5425597958909,67.0097440926459,517.507260258101,29018644.0,30840.0,106.27650278903452,26.0749604736416,67.3725588507325,470.93856305196,603.9111930306448,286.4312025812831,6.1568488140881055,4.675409639532993,0
MOZ,2019,24.7697818145637,66.5822758482968,519.09255091362,29884380.0,505900.0,1692.8576065489733,25.5425597958909,67.0097440926459,517.507260258101,106.27650278903452,245.2646395235906,6.250954029997973,7.434763814151798,1
MOZ,2020,26.8819744087655,66.0955993583715,462.433876479921,30783688.0,48449.0,157.38530094249916,24.7697818145637,66.5822758482968,519.09255091362,1692.8576065489733,801.015100789551,6.254006778264655,5.065030677994228,0
MOZ,2021,26.8945913502365,65.5500740598446,509.907829475551,31707800.0,43180.0,136.18100278164994,26.8819744087655,66.0955993583715,462.433876479921,157.38530094249916,652.1731367601691,6.138663713512573,4.921301242014205,0
MOZ,2022,25.6382662600095,64.9463361952055,578.273222184503,32656246.0,113000.0,346.0287505183541,26.8945913502365,65.5500740598446,509.907829475551,136.18100278164994,662.1413034243741,6.236189201088286,5.8494076310343655,0
MOZ,2023,25.3638190039758,64.2850216851593,622.191133245967,33635160.0,655540.0,1948.9724443112505,25.6382662600095,64.9463361952055,578.273222184503,346.0287505183541,213.19835141416775,6.361774252598676,7.5755705203355115,1
MRT,2011,14.5158947387598,52.8649592976309,1931.19975525465,3502811.0,0.0,0.0,16.7330487035243,54.0458076890058,1659.96369705455,147.45065195305762,147.45065195305762,7.415153253296513,0.0,0
MRT,2012,16.0859607599369,51.7267552648475,1859.11733247641,3619034.0,0.0,0.0,14.5158947387598,52.8649592976309,1931.19975525465,0.0,73.72532597652881,7.566414402416726,0.0,0
MRT,2013,16.2826011052317,50.6446026774087,1936.26950446101,3734318.0,4620.0,123.71736954378282,16.0859607599369,51.7267552648475,1859.11733247641,0.0,49.15021731768587,7.528394846694227,4.826050133633767,0
MRT,2014,18.8142560652114,49.5305208773144,1718.97089374709,3848514.0,0.0,0.0,16.2826011052317,50.6446026774087,1936.26950446101,123.71736954378282,41.23912318126094,7.5690347887110745,0.0,0
MRT,2015,20.6295456111909,48.3319649950378,1558.84205473416,3965959.0,0.0,0.0,18.8142560652114,49.5305208773144,1718.97089374709,0.0,41.23912318126094,7.450062647424252,0.0,0
MRT,2016,21.7392133521855,47.0814372680054,1568.00551190332,4086657.0,0.0,0.0,20.6295456111909,48.3319649950378,1558.84205473416,0.0,41.23912318126094,7.35233984815248,0.0,0
MRT,2017,22.7188300742502,45.8029551497996,1617.93401542267,4210600.0,2900.0,68.8737947085926,21.7392133521855,47.0814372680054,1568.00551190332,0.0,0.0,7.35819726573089,4.246690682075582,0
MRT,2018,23.655966000294,44.8694922999919,1723.37809442655,4337685.0,440.0,10.143659578784536,22.7188300742502,45.8029551497996,1617.93401542267,68.8737947085926,22.957931569530867,7.389523196468239,2.410870688522096,0
MRT,2019,19.957882454072,43.9403784220854,1767.072710621,4467708.0,6600.0,147.72675385231085,23.655966000294,44.8694922999919,1723.37809442655,10.143659578784536,26.33915142912571,7.452621739490593,5.002110755590155,0
MRT,2020,19.1523401706647,43.0163298941107,1795.72437324423,4600131.0,1600.0,34.7816181756563,19.957882454072,43.9403784220854,1767.072710621,147.72675385231085,75.58140271322934,7.477645368268797,3.5774343027610045,0
MRT,2021,19.1485811289032,42.098464858359,1947.47413907209,4734874.0,0.0,0.0,19.1523401706647,43.0163298941107,1795.72437324423,34.7816181756563,64.21734386891723,7.49372049340795,0.0,0
MRT,2022,21.2302013888594,41.1879003802774,1961.28166648869,4875637.0,23000.0,471.73323198589225,19.1485811289032,42.098464858359,1947.47413907209,0.0,60.83612400932238,7.574801852466972,6.158531237815694,1
MRT,2023,19.1616076506323,40.2857535252942,2127.9576285973,5022441.0,1100.0,21.901700786529897,21.2302013888594,41.1879003802774,1961.28166648869,471.73323198589225,168.83828338718283,7.581863190722902,3.1312111779564464,0
MUS,2011,3.65312332199749,59.8334076771284,9324.24232310496,1252404.0,0.0,0.0,3.59110980182453,59.6953868172282,8113.17670740212,0.0,0.0,9.001368021616772,0.0,0
MUS,2012,3.6066947724863,59.9630488384915,9421.52514098225,1255882.0,0.0,0.0,3.65312332199749,59.8334076771284,9324.24232310496,0.0,0.0,9.140480230566329,0.0,0
MUS,2013,3.29265321839171,60.0891151441229,9877.13865958834,1258927.0,0.0,0.0,3.6066947724863,59.9630488384915,9421.52514098225,0.0,0.0,9.150858393323695,0.0,0
MUS,2014,3.15422608043165,60.2112428028265,10490.3315563853,1261208.0,0.0,0.0,3.29265321839171,60.0891151441229,9877.13865958834,0.0,0.0,9.19807937821488,0.0,0
MUS,2015,3.03283321645437,60.3290389382274,9630.5437837507,1262879.0,1400.0,110.85780981392517,3.15422608043165,60.2112428028265,10490.3315563853,0.0,0.0,9.25830462911974,4.717228509494312,0
MUS,2016,3.05756982303852,60.4421106739506,10095.1225574156,1263747.0,300.0,23.738928757100908,3.03283321645437,60.3290389382274,9630.5437837507,110.85780981392517,36.95260327130839,9.17279880178304,3.2083780659905266,0
MUS,2017,2.95521989373646,60.5500651336211,10986.7034093005,1264887.0,100.0,7.905844553703217,3.05756982303852,60.4421106739506,10095.1225574156,23.738928757100908,44.865579523675365,9.219906723912505,2.186707752637958,0
MUS,2018,2.52593212825691,60.6525094408641,11818.7480619272,1265577.0,3600.0,284.45523267252804,2.95521989373646,60.5500651336211,10986.7034093005,7.905844553703217,47.50086104157643,9.304532054613928,5.654085213552562,0
MUS,2019,2.66862745852887,60.7490507193045,11568.2533399824,1265985.0,1021.0,80.64866487359645,2.52593212825691,60.6525094408641,11818.7480619272,284.45523267252804,105.36666866111072,9.377526976175163,4.402425467459101,0
MUS,2020,3.09894065143015,60.8392960925675,9135.84773751062,1266014.0,113.0,8.925651691055549,2.66862745852887,60.7490507193045,11568.2533399824,80.64866487359645,124.33658069994256,9.356106283963767,2.2951224859849373,0
MUS,2021,3.2413713398879,60.922852684278,9177.71195973013,1266334.0,0.0,0.0,3.09894065143015,60.8392960925675,9135.84773751062,8.925651691055549,124.67651641239335,9.12007071847437,0.0,0
MUS,2022,3.55513254765837,60.9999874114216,10246.5017455553,1262523.0,140.0,11.088906895161514,3.2413713398879,60.922852684278,9177.71195973013,0.0,29.858105521550666,9.124642164372663,2.492288246573977,0
MUS,2023,4.01265286259242,60.9960098907774,11269.9684462139,1248647.0,2360.0,189.00457855582883,3.55513254765837,60.9999874114216,10246.5017455553,11.088906895161514,6.671519528739021,9.234789222718103,5.247048169532399,0
MWI,2011,23.9314133083531,84.4476846091277,763.061000394572,15265022.0,25000.0,163.77310166994846,24.6321400620979,84.5223030619482,683.124694716799,0.0,0.0,6.528140203225063,5.104569386131703,0
MWI,2012,23.5292854390256,84.3746866959536,558.46208832772,15709577.0,6200.0,39.46637137333487,23.9314133083531,84.4476846091277,763.061000394572,163.77310166994846,81.88655083497423,6.638647629427595,3.7004712927313603,0
MWI,2013,23.8492870296807,84.3033826535258,496.947368267313,16161816.0,33000.0,204.18497525278102,23.5292854390256,84.3746866959536,558.46208832772,39.46637137333487,67.74649101442778,6.326975765541464,5.323911890600211,0
MWI,2014,23.8734416539637,84.233845812944,529.5133440206,16621538.0,600.0,3.609774257953746,23.8492870296807,84.3033826535258,496.947368267313,204.18497525278102,135.80814943202145,6.210494385229257,1.5281788879036782,0
MWI,2015,22.9948363698368,84.1661495053082,539.605363240686,17085587.0,343000.0,2007.5400394496248,23.8734416539637,84.233845812944,529.5133440206,3.609774257953746,82.42037362802321,6.273845111405173,7.605163388601695,1
MWI,2016,22.1929077690151,84.100367061718,450.506105510719,17557739.0,9500.0,54.10719455392291,22.9948363698368,84.1661495053082,539.605363240686,2007.5400394496248,738.4449296534532,6.292689554697105,4.0092802803014775,0
MWI,2017,22.9262319821323,84.0365718132734,495.769683367165,18039715.0,84590.0,468.9098469682032,22.1929077690151,84.100367061718,450.506105510719,54.10719455392291,688.4190027538339,6.112588895491454,6.152540861343992,1
MWI,2018,21.632593506951,83.9778513445745,533.202567189331,18528081.0,20304.0,109.5850131484205,22.9262319821323,84.0365718132734,495.769683367165,468.9098469682032,843.5190269905837,6.208126504939134,4.705784574919448,0
MWI,2019,22.9473991790142,83.8616253380999,580.889139762475,19025752.0,116738.0,613.5789008497535,21.632593506951,83.9778513445745,533.202567189331,109.5850131484205,210.8673515568489,6.280775106335094,6.42093731921734,1
MWI,2020,25.0150110062267,83.7038528243591,602.507478176106,19533888.0,30412.0,155.68841185124026,22.9473991790142,83.8616253380999,580.889139762475,613.5789008497535,397.3579203221257,6.3662799480797565,5.054259195454767,0
MWI,2021,25.5328304255348,83.5118074199306,617.446994451007,20047258.0,600.0,2.9929280104042157,25.0150110062267,83.7038528243591,602.507478176106,155.68841185124026,292.95077528313806,6.402758431804817,1.3845247989689529,0
MWI,2022,27.5975518762201,83.2853968020564,604.269740360317,20568728.0,297000.0,1443.9395571763116,25.5328304255348,83.5118074199306,617.446994451007,2.9929280104042157,257.42008023713265,6.427211488000021,7.275822770727949,1
MWI,2023,28.869380408768,83.0251253334644,633.214767978695,21104482.0,659740.0,3126.0658281022957,27.5975518762201,83.2853968020564,604.269740360317,1443.9395571763116,534.2069656793187,6.40567421050368,8.047850408756023,1
MYS,2011,11.4533531198278,28.5754833318036,10217.1068585031,29162039.0,24000.0,82.29877204402615,10.0899159275121,29.1374685168975,8899.34505544675,226.83036048299653,226.83036048299653,9.0938453252436,4.422433807695908,0
MYS,2012,9.79375074645921,28.0319872073913,10600.5744240026,29662831.0,22000.0,74.16689256666028,11.4533531198278,28.5754833318036,10217.1068585031,82.29877204402615,154.56456626351132,9.23191660770483,4.3197108755915306,0
MYS,2013,9.11336384538206,27.5117282881922,10713.6407638899,30174265.0,43000.0,142.50554238852214,9.79375074645921,28.0319872073913,10600.5744240026,74.16689256666028,127.76534169789431,9.26875779963687,4.966373657370361,0
MYS,2014,8.87320901302643,27.0197793089227,11013.3107334403,30696137.0,255610.0,832.7106436878361,9.11336384538206,27.5117282881922,10713.6407638899,142.50554238852214,99.65706899973618,9.279366380877141,6.725886392143081,1
MYS,2015,8.2874950827938,26.5612130042994,9648.6797937523,31232798.0,21050.0,67.39709967707664,8.87320901302643,27.0197793089227,11013.3107334403,832.7106436878361,349.79435954767285,9.306950682012102,4.225330421347578,0
MYS,2016,8.46251885618027,26.1411021090386,9476.53409809923,31789685.0,18404.0,57.892992648401524,8.2874950827938,26.5612130042994,9648.6797937523,67.39709967707664,347.5377619178116,9.174680011787917,4.0757221132642485,0
MYS,2017,8.59827753533139,25.7645193578568,9862.54806612235,32355644.0,82088.0,253.70535044828657,8.46251885618027,26.1411021090386,9476.53409809923,57.892992648401524,319.33357867110476,9.156679445178714,5.540107388628871,0
MYS,2018,7.51205693063821,25.4365374854704,10901.8019954421,32910967.0,38625.0,117.36209391841935,8.59827753533139,25.7645193578568,9862.54806612235,253.70535044828657,126.33181425792156,9.196601227302516,4.773748518474031,0
MYS,2019,7.24131401562151,25.1622292265958,10920.191763972,33440596.0,63823.0,190.85485198888202,7.51205693063821,25.4365374854704,10901.8019954421,117.36209391841935,142.98681233836913,9.296775098984025,5.256739106906818,0
MYS,2020,8.16597089919598,24.9488104424328,9957.52626697613,33889558.0,23404.0,69.05962007530462,7.24131401562151,25.1622292265958,10920.191763972,190.85485198888202,187.3074321185293,9.298460379238879,4.249346594907144,0
MYS,2021,9.56621458844467,24.4911371808093,10903.1037480772,34282399.0,128228.0,374.0345009110943,8.16597089919598,24.9488104424328,9957.52626697613,69.05962007530462,125.75885532753533,9.20618437446768,5.9270180241680315,1
MYS,2022,8.96184922741417,24.0258642926997,11754.5678336248,34695493.0,156269.0,450.401439748961,9.56621458844467,24.4911371808093,10903.1037480772,374.0345009110943,211.31632432509366,9.296894488011699,6.112357053897536,1
MYS,2023,7.76530932127302,23.5565247894261,11386.0395636528,35126298.0,205686.0,585.5612794721493,8.96184922741417,24.0258642926997,11754.5678336248,450.401439748961,297.8318535784533,9.372082265517806,6.374277145964,1
NAM,2011,8.11362720295374,57.3723924378465,5834.7917675794,2146325.0,60000.0,2795.4759880260444,8.45536944089181,58.2053823438009,5418.21633365814,521.3737154655086,521.3737154655086,8.597706496093904,7.936115327786747,1
NAM,2012,8.05447519990682,56.6195920814306,5942.64680978673,2194654.0,400.0,18.226107623342905,8.11362720295374,57.3723924378465,5834.7917675794,2795.4759880260444,1658.4248517457766,8.671765228330884,2.9562691274300428,0
NAM,2013,7.82146490072164,55.8893230920868,5346.62131149967,2252508.0,18000.0,799.1092595453601,8.05447519990682,56.6195920814306,5942.64680978673,18.226107623342905,1111.6919370382986,8.690078165013528,6.684748292774189,1
NAM,2014,8.13893575439091,55.1785751789441,5378.32326241205,2312139.0,163.0,7.049749171654472,7.82146490072164,55.8893230920868,5346.62131149967,799.1092595453601,1204.2704517315826,8.584407126346683,2.0856409321443397,0
NAM,2015,6.65042679589334,54.4896445554675,4774.10650865775,2374300.0,8.0,0.3369414143115866,8.13893575439091,55.1785751789441,5378.32326241205,7.049749171654472,274.7950387801192,8.590317857588147,0.2903844783950289,0
NAM,2016,6.72011763526388,53.8248274351216,4395.68776162376,2439213.0,0.0,0.0,6.65042679589334,54.4896445554675,4774.10650865775,0.3369414143115866,268.83198337710877,8.47117155814413,0.0,0
NAM,2017,7.67615608936274,53.1864200313712,5143.96072323076,2506853.0,3330.0,132.83587031229993,6.72011763526388,53.8248274351216,4395.68776162376,0.0,2.4622301953220194,8.388606754974976,4.8966142007953275,0
NAM,2018,7.76829756756805,52.5767185576811,5308.60813408705,2577327.0,13.0,0.5043985493497721,7.67615608936274,53.1864200313712,5143.96072323076,132.83587031229993,44.39093724220384,8.545773014270257,0.4083931833419575,0
NAM,2019,7.08397673847435,51.9980192275161,4731.9210318831,2650494.0,2.0,0.07545763167168083,7.76829756756805,52.5767185576811,5308.60813408705,0.5043985493497721,44.446756287216566,8.577273313789078,0.07274627487407015,0
NAM,2020,9.15817808891199,51.452618254341,3878.58982993966,2728762.0,200.0,7.329331029968901,7.08397673847435,51.9980192275161,4731.9210318831,0.07545763167168083,44.47190883110713,8.46229784518711,2.119783144426706,0
NAM,2021,9.56300379482636,50.9428118516204,4412.8355693052,2810548.0,260.0,9.250864955873375,9.15817808891199,51.452618254341,3878.58982993966,7.329331029968901,2.6363957369967848,8.26348471309613,2.32736208796299,0
NAM,2022,8.75889366457648,50.4708962328193,4349.79908493314,2889662.0,0.0,0.0,9.56300379482636,50.9428118516204,4412.8355693052,9.250864955873375,5.5518845391713185,8.392499334039707,0.0,0
NAM,2023,7.60787868693767,50.0454162169179,4225.99102418102,2963095.0,588.0,19.84411569659427,8.75889366457648,50.4708962328193,4349.79908493314,0.0,5.526731995280758,8.378114804898155,3.037071687626184,0
NCL,2011,1.36822830098318,33.273790877787,38835.9401851385,266543.0,0.0,0.0,1.34474139086715,33.296163781993,35798.9084757829,0.0,0.0,10.485700615843147,0.0,0
NCL,2012,1.64443691439298,33.2582940085552,35559.5672006157,271633.0,0.0,0.0,1.36822830098318,33.273790877787,38835.9401851385,0.0,0.0,10.56712713931067,0.0,0
NCL,2013,1.71329146676256,33.2415872135075,36671.1566752621,276822.0,0.0,0.0,1.64443691439298,33.2582940085552,35559.5672006157,0.0,0.0,10.478992640024133,0.0,0
NCL,2014,1.77245534055282,33.2153612927231,37816.9558599295,281224.0,0.0,0.0,1.71329146676256,33.2415872135075,36671.1566752621,0.0,0.0,10.509773072405547,0.0,0
NCL,2015,1.91334103691976,33.1721954452197,30858.7237060533,283168.0,0.0,0.0,1.77245534055282,33.2153612927231,37816.9558599295,0.0,0.0,10.540539291569546,0.0,0
NCL,2016,1.92670811679751,33.1097945341594,30782.8544433514,283423.0,0.0,0.0,1.91334103691976,33.1721954452197,30858.7237060533,0.0,0.0,10.337207172735573,0.0,0
NCL,2017,2.01190197330879,33.0316606706906,32354.7102832901,283546.0,570.0,201.02558315052937,1.92670811679751,33.1097945341594,30782.8544433514,0.0,0.0,10.334745625132769,5.308394338641911,0
NCL,2018,,32.9411190242325,34902.8968780031,283541.0,48.0,16.92876867895648,2.01190197330879,33.0316606706906,32354.7102832901,201.02558315052937,67.00852771684312,10.384545800064195,2.8864066114695124,0
NCL,2019,1.78613861386139,32.8425326292168,33411.3358835672,283606.0,0.0,0.0,,32.9411190242325,34902.8968780031,16.92876867895648,72.65145060982861,10.460353760352689,0.0,0
NCL,2020,,32.7252738934067,33270.330597637,284176.0,31.0,10.908732616406734,1.78613861386139,32.8425326292168,33411.3358835672,0.0,72.65145060982861,10.416680448607718,2.477271964304963,0
NCL,2021,,32.5869223460354,35311.5543551452,285214.0,5498.0,1927.6753595545802,,32.7252738934067,33270.330597637,10.908732616406734,9.279167098454405,10.41245136213034,7.564588704058598,1
NCL,2022,,32.4279694978718,33516.363085906,287123.0,167.0,58.16322621315604,,32.5869223460354,35311.5543551452,1927.6753595545802,646.194697390329,10.471993827148362,4.080300170046632,0
NCL,2023,,32.248477688663,33701.8923322781,289870.0,0.0,0.0,,32.4279694978718,33516.363085906,58.16322621315604,665.582439461381,10.419818884613372,0.0,0
NER,2011,33.6467642815211,83.7696933946504,510.75956176268,17176283.0,28000.0,163.0154789601452,35.8213879566765,83.7583698720884,474.425692340831,1242.383527299656,1242.383527299656,6.164210597093957,5.099960807273643,0
NER,2012,33.6809938208632,83.7858715995645,528.510104469655,17836769.0,540000.0,3027.4541314068706,33.6467642815211,83.7696933946504,510.75956176268,163.0154789601452,702.6995031299006,6.237854908807844,8.015807580658912,1
NER,2013,32.2350107295479,83.7837404303936,552.103334363117,18519898.0,201000.0,1085.319152405699,33.6809938208632,83.7858715995645,528.510104469655,3027.4541314068706,1477.617712555557,6.271952247899335,6.990550336146567,1
NER,2014,33.4290442343639,83.7549575388335,565.30989731175,19215909.0,47000.0,244.58900174849913,32.2350107295479,83.7837404303936,552.103334363117,1085.319152405699,1425.2629209242384,6.31554484548204,5.503659414115962,0
NER,2015,32.4169952714448,83.6964393412507,485.662574175279,19939498.0,38000.0,190.57651300950508,33.4290442343639,83.7549575388335,565.30989731175,244.58900174849913,1452.4540951870229,6.339141450120047,5.255287274565096,0
NER,2016,37.2079514113705,83.6101719456764,499.910520068193,20685753.0,46000.0,222.37527442196566,32.4169952714448,83.6964393412507,485.662574175279,190.57651300950508,506.8282223879011,6.187571016770036,5.408853202004705,0
NER,2017,38.2607137093769,83.4963012093104,529.929418934868,21435446.0,188500.0,879.3845483784195,37.2079514113705,83.6101719456764,499.910520068193,222.37527442196566,219.18026305998993,6.216427482475213,6.780358798814988,1
NER,2018,37.6792191632916,83.3550988200779,576.927536415462,22188069.0,40000.0,180.27706692276826,38.2607137093769,83.4963012093104,529.929418934868,879.3845483784195,430.77877860329676,6.274629091380542,5.200026617331768,0
NER,2019,36.1554960959216,83.186853500315,541.265819870273,22947757.0,121000.0,527.2846492143001,37.6792191632916,83.3550988200779,576.927536415462,180.27706692276826,427.34562990771775,6.359448491289539,6.269635246799973,1
NER,2020,38.8344569845244,82.9918579996206,575.451340306915,23717613.0,276100.0,1164.1137748558424,36.1554960959216,83.186853500315,541.265819870273,527.2846492143001,528.9820881718293,6.295756323777079,7.060574022051759,1
NER,2021,38.1399427232346,82.7704063333314,609.585703670137,24502140.0,125000.0,510.15952076022745,38.8344569845244,82.9918579996206,575.451340306915,1164.1137748558424,623.8918303309703,6.356890930781499,6.236681715186709,1
NER,2022,41.4571749267894,82.522792992488,613.614736429298,25311973.0,248000.0,979.7734850617927,38.1399427232346,82.7704063333314,609.585703670137,510.15952076022745,733.8526482767899,6.41441866645009,6.888341530825691,1
NER,2023,43.9880889564123,82.2493126704763,647.930108509567,26159867.0,95400.0,364.68075315520525,41.4571749267894,82.522792992488,613.614736429298,979.7734850617927,884.6822602259541,6.420995626677561,5.90176069362322,0
NGA,2011,22.2347109931956,47.509647575921,2418.41316975875,171379598.0,6300.0,3.6760501678852116,23.8937040912791,48.3221811744554,2202.25672957344,336.04794866550736,336.04794866550736,7.697691876359964,1.5424537723557785,0
NGA,2012,21.8599586165277,46.697885097707,2633.19734671361,176200625.0,3894000.0,2209.9808102269785,22.2347109931956,47.509647575921,2418.41316975875,3.6760501678852116,169.86199941669628,7.791280297909606,7.701191501591821,1
NGA,2013,20.7586228322439,45.8869144807432,2872.79083379398,181049443.0,117000.0,64.6232311247707,21.8599586165277,46.697885097707,2633.19734671361,2209.9808102269785,849.9016030201237,7.876333802318827,4.183929766259306,0
NGA,2014,19.9902547680805,45.0767564659596,3088.72131316169,185896915.0,3010.0,1.619176950838587,20.7586228322439,45.8869144807432,2872.79083379398,64.6232311247707,759.4266971732117,7.9633872852131455,0.9628601275191138,0
NGA,2015,20.6318934800012,44.2674317942862,2585.73360671797,190671878.0,100600.0,52.76079569531486,19.9902547680805,45.0767564659596,3088.72131316169,1.619176950838587,758.7410727675292,8.035836175909125,3.984544496985475,0
NGA,2016,20.9831097083173,43.458961206653,2070.4127339595,195443700.0,78050.0,39.934774055137105,20.6318934800012,44.2674317942862,2585.73360671797,52.76079569531486,39.66773459030805,7.858151203060115,3.711979923212277,0
NGA,2017,20.8465714300542,42.6513654439899,1876.34027111773,200254579.0,122000.0,60.92245211531468,20.9831097083173,43.458961206653,2070.4127339595,39.934774055137105,31.43824890043018,7.6359861336494,4.1258828298428805,0
NGA,2018,21.203773720121,41.8446652472271,2057.87944554011,204938755.0,613330.0,299.27477601784005,20.8465714300542,42.6513654439899,1876.34027111773,60.92245211531468,51.206007288588886,7.537611304715708,5.704697975516839,0
NGA,2019,25.7349305728483,41.0388813572944,3189.81286496183,209485641.0,157092.0,74.98938793614022,21.203773720121,41.8446652472271,2057.87944554011,299.27477601784005,133.37733406276394,7.629917155308868,4.330593698117609,0
NGA,2020,28.3454204381389,40.2340345151219,2797.184580679,213996181.0,279934.0,130.81261482885998,25.7349305728483,41.0388813572944,3189.81286496183,74.98938793614022,145.06220535643163,8.068030979921108,4.881381329391653,0
NGA,2021,29.3882780434873,39.4301454616396,2787.48779220991,218529286.0,24000.0,10.982509685223608,28.3454204381389,40.2340345151219,2797.184580679,130.81261482885998,168.35892626094676,7.936726121841218,2.483448060332033,0
NGA,2022,28.5515522200407,38.6272349377775,2899.16047469267,223150896.0,2437000.0,1092.0861370863597,29.3882780434873,39.4301454616396,2787.48779220991,10.982509685223608,72.2615041500746,7.933254717914309,6.996760293018619,1
NGA,2023,27.7182912792899,37.8253236844657,2138.76383718757,227882945.0,164784.0,72.31080851618799,28.5515522200407,38.6272349377775,2899.16047469267,1092.0861370863597,411.2937538668145,7.9725213505445005,4.294708053904566,0
NIC,2011,18.8847883857771,42.9637574995816,1679.71192084633,5819051.0,10000.0,171.8493273215856,16.9826368007048,43.157688908027,1526.56706951408,1063.1900931598532,1063.1900931598532,7.331431598110679,5.15242027467123,0
NIC,2012,17.6115834733674,42.7683157773394,1784.69836017555,5901287.0,0.0,0.0,18.8847883857771,42.9637574995816,1679.71192084633,171.8493273215856,617.5197102407194,7.426972745043902,0.0,0
NIC,2013,16.4909112111851,42.5725720498701,1835.43996363715,5983845.0,160.0,2.6738660510090084,17.6115834733674,42.7683157773394,1784.69836017555,0.0,411.67980682714625,7.487564855893619,1.301244527502556,0
NIC,2014,16.7090173834472,42.3777346257436,1958.37047579547,6066492.0,32830.0,541.1694270758125,16.4909112111851,42.5725720498701,1835.43996363715,2.6738660510090084,58.17439779086487,7.515584174084015,6.2955785486725055,1
NIC,2015,16.1099292353151,42.1850118135295,2074.45620634731,6149417.0,1020.0,16.586938241462565,16.7090173834472,42.3777346257436,1958.37047579547,541.1694270758125,181.28109770894048,7.580378514814713,2.867156481146456,0
NIC,2016,14.9153392298097,41.9956119217977,2131.68704828322,6232666.0,17282.0,277.2810222784279,16.1099292353151,42.1850118135295,2074.45620634731,16.586938241462565,186.81007712276133,7.6379362669800965,5.628631474609236,0
NIC,2017,14.9964086019473,41.8107432591178,2182.61380995674,6316231.0,19590.0,310.1533176984819,14.9153392298097,41.9956119217977,2131.68704828322,277.2810222784279,278.3457958652343,7.665137988664968,5.740285773656378,0
NIC,2018,15.3222113237126,41.6316141340595,2035.16549390507,6400080.0,6940.0,108.43614454819316,14.9964086019473,41.8107432591178,2182.61380995674,310.1533176984819,201.3404260727908,7.688736494286184,4.695341224344634,0
NIC,2019,15.5297840677071,41.4594328551928,1958.62051528095,6483657.0,576.0,8.883875257435735,15.3222113237126,41.6316141340595,2035.16549390507,108.43614454819316,231.9568281750343,7.618823658210415,2.290904667390686,0
NIC,2020,15.9067799804023,41.2954077310872,1938.44704754382,6565267.0,392751.0,5982.2547963395855,15.5297840677071,41.4594328551928,1958.62051528095,8.883875257435735,142.49111250137025,7.58050611882625,8.69671997920221,1
NIC,2021,15.7299148913114,41.1407470703125,2138.38573878237,6644741.0,0.0,0.0,15.9067799804023,41.2954077310872,1938.44704754382,5982.2547963395855,2033.1916053817383,7.570158184390179,0.0,0
NIC,2022,16.803025682188,41.0045623779297,2322.89069619459,6730654.0,16000.0,237.71835545253109,15.7299148913114,41.1407470703125,2138.38573878237,0.0,1997.046223865674,7.668274028860456,5.475284427969092,0
NIC,2023,15.3285658671977,40.8749046325684,2609.44491147975,6823613.0,658.0,9.642985321705671,16.803025682188,41.0045623779297,2322.89069619459,237.71835545253109,2073.3243839307056,7.750998084247227,2.3649010199078737,0
NLD,2011,1.59844393327571,11.9940795027427,54701.7728030611,16693074.0,0.0,0.0,1.78780819318779,12.6497209752871,51305.7338533973,0.0,0.0,10.845577286743248,0.0,0
NLD,2012,1.69697006526574,11.4657537608667,50473.9442002689,16754962.0,0.0,0.0,1.59844393327571,11.9940795027427,54701.7728030611,0.0,0.0,10.909669678223331,0.0,0
NLD,2013,1.84474290341919,10.8250007629395,52602.2860520766,16804432.0,0.0,0.0,1.69697006526574,11.4657537608667,50473.9442002689,0.0,0.0,10.829232337687984,0.0,0
NLD,2014,1.80098935055634,10.1635212902835,53457.2234864322,16865008.0,0.0,0.0,1.84474290341919,10.8250007629395,52602.2860520766,0.0,0.0,10.870533869247417,0.0,0
NLD,2015,1.80598562591626,9.7212262785379,45793.8135434697,16939923.0,0.0,0.0,1.80098935055634,10.1635212902835,53457.2234864322,0.0,0.0,10.886655758434289,0.0,0
NLD,2016,1.86399139098136,9.4196760547223,46808.5291492503,17030314.0,0.0,0.0,1.80598562591626,9.7212262785379,45793.8135434697,0.0,0.0,10.731926122281026,0.0,0
NLD,2017,1.96787421373596,8.8780299323398,49513.6817346384,17131296.0,0.0,0.0,1.86399139098136,9.4196760547223,46808.5291492503,0.0,0.0,10.75384207547938,0.0,0
NLD,2018,1.75987236955923,7.39375275989561,53955.0770024266,17231624.0,0.0,0.0,1.96787421373596,8.8780299323398,49513.6817346384,0.0,0.0,10.810024505279255,0.0,0
NLD,2019,1.7588069903961,6.1101971143521,53554.9007491475,17344874.0,0.0,0.0,1.75987236955923,7.39375275989561,53955.0770024266,0.0,0.0,10.895925605722265,0.0,0
NLD,2020,1.73737205482673,5.7467722234065,53467.9277413737,17441500.0,4003.0,22.951007654158186,1.7588069903961,6.1101971143521,53554.9007491475,0.0,0.0,10.888481261199246,3.1760103962143833,0
NLD,2021,1.65464640233302,5.3705216779685,60141.9880911492,17533044.0,51000.0,290.8793247766902,1.73737205482673,5.7467722234065,53467.9277413737,22.951007654158186,7.650335884719396,10.886855974279458,5.676340445535453,0
NLD,2022,1.64194723390554,5.01438222658641,59123.318556487,17700982.0,0.0,0.0,1.65464640233302,5.3705216779685,60141.9880911492,290.8793247766902,104.61011081028279,11.004480140894351,0.0,0
NLD,2023,1.75149243000648,4.6778317907871,63515.6030780019,17877117.0,0.0,0.0,1.64194723390554,5.01438222658641,59123.318556487,0.0,104.61011081028279,10.987397600256136,0.0,0
NOR,2011,1.21405066122744,20.688379548537,103545.218988177,4953088.0,0.0,0.0,1.43735583964105,20.754997253418,90020.342257973,0.0,0.0,11.407802057399758,0.0,0
NOR,2012,0.991694683877473,20.5094074558383,104627.93694681,5018573.0,0.0,0.0,1.21405066122744,20.688379548537,103545.218988177,0.0,0.0,11.547773352281437,0.0,0
NOR,2013,1.15423267492879,20.0276019544641,106333.138368566,5079623.0,0.0,0.0,0.991694683877473,20.5094074558383,104627.93694681,0.0,0.0,11.558175436205062,0.0,0
NOR,2014,1.2824764519382,19.3882840464421,100410.020200979,5137232.0,680.0,13.236700230785761,1.15423267492879,20.0276019544641,106333.138368566,0.0,0.0,11.57434166393447,2.65582315376519,0
NOR,2015,1.36267847454537,18.7621759028647,77220.9524311414,5188607.0,220.0,4.240059037040192,1.2824764519382,19.3882840464421,100410.020200979,13.236700230785761,4.41223341026192,11.517027243174212,1.6563327648802066,0
NOR,2016,1.88806883866435,18.3199996948242,73222.4006864905,5234519.0,260.0,4.967027533952977,1.36267847454537,18.7621759028647,77220.9524311414,4.240059037040192,5.825586422608652,11.254439053507157,1.786248902900503,0
NOR,2017,1.77206243765106,18.0300254087625,78771.2151264554,5276968.0,220.0,4.169060718200299,1.88806883866435,18.3199996948242,73222.4006864905,4.967027533952977,7.481262267259644,11.201270330371589,1.6426909927497284,0
NOR,2018,1.66053367321766,17.7547887598277,85579.0776455494,5311916.0,0.0,0.0,1.77206243765106,18.0300254087625,78771.2151264554,4.169060718200299,4.45871576306449,11.274315613749923,0.0,0
NOR,2019,1.61597276444378,17.5064105121719,79329.3075190012,5347896.0,620.0,11.593344373189007,1.66053367321766,17.7547887598277,85579.0776455494,0.0,3.0453627507177585,11.357207797256555,2.5331684500477234,0
NOR,2020,1.66758075208392,17.2970114299468,71057.5879471399,5379475.0,1018.0,18.923779736870234,1.61597276444378,17.5064105121719,79329.3075190012,11.593344373189007,5.254135030463103,11.281375522741342,2.9919139799838086,0
NOR,2021,1.45805904148152,17.1387122773044,96442.5552173002,5408320.0,775.0,14.329773386190165,1.66758075208392,17.2970114299468,71057.5879471399,18.923779736870234,10.17237470335308,11.171259998101757,2.7297969103993918,0
NOR,2022,1.51756476583542,17.0436338183966,113122.130765691,5457127.0,169.0,3.096867637494967,1.45805904148152,17.1387122773044,96442.5552173002,14.329773386190165,14.948965832083138,11.476713196166644,1.410222690865635,0
NOR,2023,1.64416506232656,16.9281439297834,90984.4087141111,5519601.0,5803.0,105.13441098369248,1.51756476583542,17.0436338183966,113122.130765691,3.096867637494967,12.116806920185125,11.636232157247509,4.66470631899139,0
NPL,2011,30.805485476422,36.860050201416,785.518656222132,27464494.0,0.0,0.0,33.1793784908122,37.9843418421662,585.278491984574,0.0,0.0,6.373794918979654,0.0,0
NPL,2012,30.0760569589773,36.3441593805667,788.202937148377,27534915.0,600.0,2.179051578695631,30.805485476422,36.860050201416,785.518656222132,0.0,0.0,6.667616442779155,1.156582906614796,0
NPL,2013,28.6226575274714,35.8685429843952,803.269595420477,27589996.0,12000.0,43.49402587807552,30.0760569589773,36.3441593805667,788.202937148377,2.179051578695631,0.7263505262318769,6.671023495819661,3.795354930228979,0
NPL,2014,27.4618953626735,35.4359152901512,821.455224911731,27672370.0,74000.0,267.4147534164945,28.6226575274714,35.8685429843952,803.269595420477,43.49402587807552,15.22435915225705,6.689934530659715,5.592533371606566,0
NPL,2015,26.518508431071,35.0489905750845,875.543635474862,27823629.0,95.0,0.3414364100383886,27.4618953626735,35.4359152901512,821.455224911731,267.4147534164945,104.36261029108853,6.7122940433604485,0.2937409876268821,0
NPL,2016,25.5178753726064,34.7104831164447,877.256454696737,27955462.0,31000.0,110.8906731714897,26.518508431071,35.0489905750845,875.543635474862,0.3414364100383886,103.75007190153612,6.77598648689264,4.717522262170195,0
NPL,2017,23.6995484588973,34.4231071914816,1034.28374906846,28011258.0,383942.0,1370.6703211972842,25.5178753726064,34.7104831164447,877.256454696737,110.8906731714897,126.21562099934086,6.777938640617064,7.223784488738868,1
NPL,2018,22.3346720502565,34.1895770774449,1179.19843190389,28079689.0,12099.0,43.088084059620456,23.6995484588973,34.4231071914816,1034.28374906846,1370.6703211972842,493.96747692627076,6.942430821815547,3.786189543211771,0
NPL,2019,21.583372760027,34.0126070515843,1203.14294706401,28414064.0,121007.0,425.8700902482658,22.3346720502565,34.1895770774449,1179.19843190389,43.088084059620456,508.2163594761316,7.073437865952376,6.056479728644306,1
NPL,2020,22.1800901927916,33.8949113911495,1154.21517578318,28966574.0,48011.0,165.74621493035386,21.583372760027,34.0126070515843,1203.14294706401,425.8700902482658,613.2094985017235,7.093523345618649,5.116472985469763,0
NPL,2021,22.0214522788058,33.855764725478,1252.75076731986,29475010.0,33366.0,113.20097940594421,22.1800901927916,33.8949113911495,1154.21517578318,165.74621493035386,211.5681297460801,7.052041904983696,4.737959873419322,0
NPL,2022,20.9143699815129,33.7007031278947,1385.91066002922,29715436.0,89198.0,300.17395672740594,22.0214522788058,33.855764725478,1252.75076731986,113.20097940594421,234.93909486152134,7.133894951295787,5.707688027138968,0
NPL,2023,21.2987131119062,33.4567066546056,1382.38300895424,29694614.0,1118.0,3.7649925336628383,20.9143699815129,33.7007031278947,1385.91066002922,300.17395672740594,193.04038368790142,7.234834005860467,1.5612959701926268,0
NZL,2011,6.2779911553811,14.1766848124866,38425.829997974,4384000.0,0.0,0.0,6.57130523506789,14.1385956741772,33761.9009639947,0.0,0.0,10.427117874046486,0.0,0
NZL,2012,5.50809920086661,14.222299323104,40041.7524816244,4408100.0,450.0,10.208479843923685,6.2779911553811,14.1766848124866,38425.829997974,0.0,0.0,10.55651119246401,2.4166706207452955,0
NZL,2013,7.03235726127178,14.2919870213545,42984.9571801167,4442100.0,210.0,4.727493752954683,5.50809920086661,14.222299323104,40041.7524816244,10.208479843923685,3.4028266146412283,10.597702974363758,1.7452780446342566,0
NZL,2014,4.77478924457513,14.4923340469589,44599.8992733675,4516500.0,0.0,0.0,7.03235726127178,14.2919870213545,42984.9571801167,4.727493752954683,4.978657865626123,10.668628764131162,0.0,0
NZL,2015,4.4696017756274,14.8481236239469,38648.7302562109,4609400.0,440.0,9.545710938516944,4.77478924457513,14.4923340469589,44599.8992733675,0.0,4.978657865626123,10.705509300884872,2.355719231147662,0
NZL,2016,5.54820885901096,15.308634406,40088.3205470499,4714100.0,285.0,6.0456927091067225,4.4696017756274,14.8481236239469,38648.7302562109,9.545710938516944,4.757734897157209,10.562295074850487,1.952416466862805,0
NZL,2017,5.91537474588689,15.8298974125892,42912.1537002148,4813600.0,6250.0,129.84045205251786,5.54820885901096,15.308634406,40088.3205470499,6.0456927091067225,5.197134549207889,10.598865257302606,4.873978657666644,0
NZL,2018,5.66864597596724,16.1982153314423,43204.1305124872,4900600.0,989.0,20.18120230175897,5.91537474588689,15.8298974125892,42912.1537002148,129.84045205251786,48.47728523338051,10.666933670978551,3.0531141044619945,0
NZL,2019,5.68759062703863,16.195034128333,42872.2681243427,4970300.0,1295.0,26.054765305917147,5.66864597596724,16.1982153314423,43204.1305124872,20.18120230175897,52.02244902112785,10.6737145290437,3.297863156354325,0
NZL,2020,5.69753974020289,16.1861022904092,42054.6743136586,5072400.0,4984.0,98.25723523381436,5.68759062703863,16.195034128333,42872.2681243427,26.054765305917147,58.692139886731326,10.666003790051061,4.5977148159915435,0
NZL,2021,5.77486500876711,16.1700617414095,49902.154346032,5084600.0,4373.0,86.0047988042324,5.69753974020289,16.1861022904092,42054.6743136586,98.25723523381436,48.16440094716349,10.64674959835808,4.465963275802738,0
NZL,2022,4.57625698536786,16.1452694982188,49141.6316294227,5081700.0,2714.0,53.407324320601376,5.77486500876711,16.1700617414095,49902.154346032,86.0047988042324,70.1055997813213,10.817839493089066,3.9964987830453307,0
NZL,2023,4.00852725247614,16.1101008538771,49302.341876493,5200000.0,14096.0,271.07692307692304,4.57625698536786,16.1452694982188,49141.6316294227,53.407324320601376,79.2231194528827,10.802482198353527,5.606084831743944,0
OMN,2011,1.10041680929465,24.3414196485312,25188.0074151885,3076763.0,0.0,0.0,1.24729891956783,24.8420275333726,23570.1798147325,0.0,0.0,10.067780050457339,0.0,0
OMN,2012,1.01551086474633,23.911843378932,24642.2978768596,3547106.0,0.0,0.0,1.10041680929465,24.3414196485312,25188.0074151885,0.0,0.0,10.134162964647652,0.0,0
OMN,2013,1.14226556083793,23.5085765785687,23458.0233840053,3833913.0,350.0,9.129054310830737,1.01551086474633,23.911843378932,24642.2978768596,0.0,0.0,10.112260251096377,2.315407958604663,0
OMN,2014,1.11270719472095,23.1107423251049,23160.6502252547,4002439.0,0.0,0.0,1.14226556083793,23.5085765785687,23458.0233840053,9.129054310830737,3.0430181036102457,10.063010492355675,0.0,0
OMN,2015,1.72976080728779,22.6974636962045,18808.3077921839,4184895.0,0.0,0.0,1.11270719472095,23.1107423251049,23160.6502252547,0.0,3.0430181036102457,10.05025318239788,0.0,0
OMN,2016,1.98532211721536,22.2478637695312,17110.1897460545,4390877.0,0.0,0.0,1.72976080728779,22.6974636962045,18808.3077921839,0.0,3.0430181036102457,9.842107121627716,0.0,0
OMN,2017,1.98459925247834,21.6857739959864,17820.0661809335,4537396.0,320.0,7.052503241947584,1.98532211721536,22.2478637695312,17110.1897460545,0.0,0.0,9.747487899597626,2.085983004824512,0
OMN,2018,1.84942019099591,21.0344160279724,19901.7615642016,4597877.0,10000.0,217.49168148691234,1.98459925247834,21.6857739959864,17820.0661809335,7.052503241947584,2.350834413982528,9.788136529814905,5.386747942812813,0
OMN,2019,1.99471933938581,20.4219982454038,19180.1864152801,4591241.0,1080.0,23.523051828470777,1.84942019099591,21.0344160279724,19901.7615642016,217.49168148691234,74.84806157628664,9.898613773155063,3.199613566148228,0
OMN,2020,2.46923308847714,19.9823621077278,16784.8630630058,4522497.0,118.0,2.6091780713176815,1.99471933938581,20.4219982454038,19180.1864152801,23.523051828470777,82.68907885244357,9.861685203421143,1.283480065346084,0
OMN,2021,2.39218489397188,19.8760057896431,19403.4600160211,4500424.0,5210.0,115.76686996602986,2.46923308847714,19.9823621077278,16784.8630630058,2.6091780713176815,81.2079704622336,9.728292326799764,4.760179382607437,0
OMN,2022,2.10827114663434,19.9882946847699,23223.5829405935,4730226.0,45.0,0.9513287525796864,2.39218489397188,19.8760057896431,19403.4600160211,115.76686996602986,47.299699955272764,9.873258216362032,0.6685105520995225,0
OMN,2023,2.41559858874993,20.4297026771068,21027.7384572657,5049269.0,4500.0,89.12181149390139,2.10827114663434,19.9882946847699,23223.5829405935,0.9513287525796864,39.77579226330907,10.052966606172838,4.501162216270827,0
PAK,2011,23.819642978628,64.9886324110103,1131.73513834324,203746065.0,300000.0,147.24210747333942,22.6888101741789,65.1840812524461,987.304571124485,5551.120709787374,5551.120709787374,6.895990920611232,4.998846798506779,0
PAK,2012,23.3861955340345,64.7839770616269,1204.36475491585,207667125.0,1857000.0,894.2195352297576,23.819642978628,64.9886324110103,1131.73513834324,147.24210747333942,2849.1814086303566,7.032390463481696,6.797068978955501,1
PAK,2013,23.7075945934908,64.5684647505634,1225.4340119198,211073978.0,124000.0,58.74717536237461,23.3861955340345,64.7839770616269,1204.36475491585,894.2195352297576,2197.527450830157,7.094537501294977,4.090121915424276,0
PAK,2014,23.4927320097855,64.3404450240872,1266.61340849959,214264647.0,758717.0,354.1027465907617,23.7075945934908,64.5684647505634,1225.4340119198,58.74717536237461,366.73627268849054,7.111866060310524,5.872407174615727,0
PAK,2015,23.2628407756242,64.0982674284658,1380.47020838317,217290883.0,335760.0,154.52097914296755,23.4927320097855,64.3404450240872,1266.61340849959,354.1027465907617,435.6898190609647,7.144891205624177,5.046780636621885,0
PAK,2016,22.3283302035697,63.8402815099667,1424.69161195897,220138869.0,12700.0,5.769085694721181,23.2628407756242,64.0982674284658,1380.47020838317,154.52097914296755,189.12363369870127,7.230903579442691,1.912366025325369,0
PAK,2017,21.9632035366872,63.5648451776601,1519.23459514248,223273967.0,1750.0,0.7837904362580704,22.3283302035697,63.8402815099667,1424.69161195897,5.769085694721181,171.46427047615012,7.262412316688144,0.57874055879265,0
PAK,2018,21.6512353593957,63.2521488449641,1569.33814626355,226928892.0,1906.0,0.8399106800380446,21.9632035366872,63.5648451776601,1519.23459514248,0.7837904362580704,53.6912850913156,7.326619940840824,0.6097170269850379,0
PAK,2019,20.6778713222887,62.8908368264231,1390.41690981745,230800899.0,44919.0,19.46222921774668,21.6512353593957,63.2521488449641,1569.33814626355,0.8399106800380446,2.4642622703390984,7.359046254937158,3.018580709512404,0
PAK,2020,21.8541325548966,62.4919807051901,1278.39735206896,235001746.0,826472.0,351.68759980191805,20.6778713222887,62.8908368264231,1390.41690981745,19.46222921774668,7.028643444680931,7.23807786651146,5.865582678704809,0
PAK,2021,22.6625080760743,62.0666604485827,1455.31922370186,239477801.0,2028.0,0.8468425847955735,21.8541325548966,62.4919807051901,1278.39735206896,351.68759980191805,123.99657989990094,7.154144427347615,0.6134774700785754,0
PAK,2022,22.3268646996031,61.6259560239184,1538.3228133171,243700667.0,8167424.0,3351.4163504525823,22.6625080760743,62.0666604485827,1455.31922370186,0.8468425847955735,123.99889053482012,7.28366745177349,8.117436663450832,1
PAK,2023,23.426703596366,61.1808138127209,1360.32417758419,247504495.0,732220.0,295.84109169411244,22.3268646996031,61.6259560239184,1538.3228133171,3351.4163504525823,1234.6502642797652,7.339097867085105,5.693196950814185,0
PAN,2011,3.27922461816528,34.8103321335182,9662.29592216607,3693505.0,0.0,0.0,3.63600328993314,34.9073902352094,8331.46421351868,0.0,0.0,9.027914515365433,0.0,0
PAN,2012,3.12877687887502,34.7170531711849,11064.8063606203,3759256.0,3400.0,90.44342816770127,3.27922461816528,34.8103321335182,9662.29592216607,0.0,0.0,9.176090061784361,4.5157205096816595,0
PAN,2013,3.05395074897129,34.6290229896635,12273.3225037637,3825329.0,1715.0,44.832745105061555,3.12877687887502,34.7170531711849,11064.8063606203,90.44342816770127,30.147809389233757,9.31161512471651,3.8249987942847747,0
PAN,2014,2.98667755648831,34.5468835229904,13213.1989637473,3892101.0,323.0,8.298859664741485,3.05395074897129,34.6290229896635,12273.3225037637,44.832745105061555,45.09205775758761,9.415264757963449,2.229891775946705,0
PAN,2015,2.94961630201192,34.4712767052019,14082.6548502728,3960035.0,100.0,2.525230206298682,2.98667755648831,34.5468835229904,13213.1989637473,8.298859664741485,47.85834431250144,9.489047209518045,1.259945740883238,0
PAN,2016,2.78054588931133,34.4028444703344,14832.3611608191,4029086.0,1055.0,26.18459869062115,2.94961630201192,34.4712767052019,14082.6548502728,2.525230206298682,18.55227832536724,9.552770173461788,3.3026505883267427,0
PAN,2017,2.57262188471475,34.3422287524242,15694.6297454295,4098707.0,300.0,7.319381453712109,2.78054588931133,34.4028444703344,14832.3611608191,26.18459869062115,12.336229520553772,9.604634055494738,2.118587907563671,0
PAN,2018,2.44618170062367,34.2900714855076,16151.3273478476,4167860.0,0.0,0.0,2.57262188471475,34.3422287524242,15694.6297454295,7.319381453712109,12.00973678354398,9.661137592423293,0.0,0
PAN,2019,2.45508077795197,34.247014603621,16477.9066285687,4234700.0,32.0,0.755661558079675,2.44618170062367,34.2900714855076,16151.3273478476,0.0,11.16799338144442,9.689819426494067,0.5628457420584564,0
PAN,2020,3.06418840436243,34.2137000408007,13290.5608347594,4293261.0,3706.0,86.32133010315468,2.45508077795197,34.247014603621,16477.9066285687,0.755661558079675,2.691681003930595,9.709836455908672,4.469594764080099,0
PAN,2021,2.80289215776646,34.1907697310831,15509.8069109784,4345405.0,2210.0,50.85832045574578,3.06418840436243,34.2137000408007,13290.5608347594,86.32133010315468,29.02566388707812,9.494884589112182,3.948515393464707,0
PAN,2022,2.60370307107068,34.1788656085044,17378.6070083597,4400773.0,460.0,10.452709103605208,2.80289215776646,34.1907697310831,15509.8069109784,50.85832045574578,45.97843737232671,9.64929228002547,2.4382263049491413,0
PAN,2023,2.49627490786682,34.1398728823916,18797.1933894611,4458759.0,26.0,0.5831218955767737,2.60370307107068,34.1788656085044,17378.6070083597,10.452709103605208,49.21078655416856,9.763052786846801,0.4593987808255073,0
PER,2011,7.10011013658205,21.9881835014538,5861.35793645245,29304086.0,1000.0,3.4124933976783987,6.82799723597835,22.5979063166066,5072.11494019615,34.38077930156066,34.38077930156066,8.531710294553493,1.4844399259814454,0
PER,2012,6.72523424077649,21.3511938548732,6519.37852981527,29550366.0,170171.0,575.8676559200654,7.10011013658205,21.9881835014538,5861.35793645245,3.4124933976783987,18.896636349619527,8.676307179872852,6.357612874376626,1
PER,2013,6.66831016491401,20.6894472179414,6746.80025696601,29817919.0,26980.0,90.48250483207765,6.72523424077649,21.3511938548732,6519.37852981527,575.8676559200654,204.5536428731015,8.782687709955606,4.516147749978647,0
PER,2014,6.80424741378252,20.0054534317351,6667.13410360861,30115826.0,528.0,1.7532310088390073,6.66831016491401,20.6894472179414,6746.80025696601,90.48250483207765,223.2542180499405,8.8169718428967,1.012775134314259,0
PER,2015,7.04564405972046,19.301722337331,6231.71150338894,30457600.0,8480.0,27.8419836100021,6.80424741378252,20.0054534317351,6667.13410360861,1.7532310088390073,222.70113058699403,8.805095355187438,3.361832089871293,0
PER,2016,6.93503461650105,18.5807637758057,6217.03599995447,30866494.0,14643.0,47.43979021394526,7.04564405972046,19.301722337331,6231.71150338894,27.8419836100021,40.02590648363958,8.737566750383719,3.8803215878321042,0
PER,2017,6.77975956010925,17.8068349497597,6736.16693725487,31324637.0,294965.0,941.6390044679528,6.93503461650105,18.5807637758057,6217.03599995447,47.43979021394526,25.678334944262122,8.735209380237588,6.848683393293979,1
PER,2018,6.88584285144097,17.3145070039079,6978.49121548627,31897584.0,4702.0,14.740928341155868,6.77975956010925,17.8068349497597,6736.16693725487,941.6390044679528,338.9735927639667,8.81539477982167,2.756264220993087,0
PER,2019,6.85303103477238,16.8966996912895,7037.00803692604,32449303.0,4722.0,14.551930437458086,6.88584285144097,17.3145070039079,6978.49121548627,14.740928341155868,334.60657434101796,8.85073130133554,2.744184774808008,0
PER,2020,7.7158463734968,16.4732562810363,6133.32552410183,32838579.0,8426.0,25.65884473868373,6.85303103477238,16.8966996912895,7037.00803692604,14.551930437458086,323.6439544155223,8.859080459814104,3.283120980679012,0
PER,2021,7.12023137308911,16.0519881727639,6828.53422535638,33155882.0,3500.0,10.556196333428861,7.7158463734968,16.4732562810363,6133.32552410183,25.65884473868373,18.317234505765896,8.721655412079567,2.4472217721990956,0
PER,2022,7.17112273409977,15.6336445048806,7353.74598721667,33475438.0,18322.0,54.73266697809899,7.12023137308911,16.0519881727639,6828.53422535638,10.556196333428861,16.92232383652356,8.8290117548304,4.020566455776429,0
PER,2023,7.22315955429279,15.2189744150255,7919.04634828547,33845617.0,186596.0,551.3151082457738,7.17112273409977,15.6336445048806,7353.74598721667,54.73266697809899,30.315902683403863,8.90310109637072,6.314118731676531,1
PHL,2011,14.0957351510823,53.3166367535241,2383.91892522087,98248614.0,2497528.0,2542.049091908818,13.7488650524217,54.4791823273353,2162.91375885614,1039.8794857122837,1039.8794857122837,7.679673786517955,7.841119069958089,1
PHL,2012,13.0958070106782,52.0817215189574,2614.61644401308,100175512.0,3671000.0,3664.5682429853714,14.0957351510823,53.3166367535241,2383.91892522087,2542.049091908818,1790.964288810551,7.776920409126562,8.206738648137415,1
PHL,2013,12.4734251044125,50.8686311233794,2781.27957677397,102076336.0,6671075.0,6535.378581770411,13.0958070106782,52.0817215189574,2614.61644401308,3664.5682429853714,2415.498940202158,7.869255082566379,8.785138557409885,1
PHL,2014,12.2716816211446,49.7607599787632,2866.83803761407,103767130.0,5736130.0,5527.887299186168,12.4734251044125,50.8686311233794,2781.27957677397,6535.378581770411,4247.331972221534,7.931025862320517,8.617741862550183,1
PHL,2015,10.9964991548623,48.8450952254773,2909.85818010301,105312992.0,2220620.0,2108.5907425363057,12.2716816211446,49.7607599787632,2866.83803761407,5527.887299186168,5242.611374647317,7.961313727884333,7.6542492467739995,1
PHL,2016,10.2051255325616,48.0885251848825,2985.19564024046,106735719.0,5930911.0,5556.63189002362,10.9964991548623,48.8450952254773,2909.85818010301,2108.5907425363057,4723.952207830962,7.976203223940836,8.622927377454841,1
PHL,2017,10.1829541314109,47.3989517645656,3038.12124959289,108119693.0,2427146.0,2244.8694892243175,10.2051255325616,48.0885251848825,2985.19564024046,5556.63189002362,4397.703310582031,8.00175549512246,7.71684802551758,1
PHL,2018,9.65014035815306,46.7911102535246,3168.51036609727,109465287.0,3712043.0,3391.068622512267,10.1829541314109,47.3989517645656,3038.12124959289,2244.8694892243175,3303.364040594748,8.019323689979693,8.129195227400631,1
PHL,2019,8.82032374730525,46.2842140051983,3400.78949767074,110804683.0,4080852.0,3682.9237623467593,9.65014035815306,46.7911102535246,3168.51036609727,3391.068622512267,3730.8566672534016,8.061332396296967,8.211733702901231,1
PHL,2020,10.1853110317615,45.8922280104023,3227.57910235199,112081264.0,3942054.0,3517.1391357613525,8.82032374730525,46.2842140051983,3400.78949767074,3682.9237623467593,3106.287291361115,8.1320568949893,8.165687474191772,1
PHL,2021,10.0691640204876,45.5495897489224,3484.38593882819,113100950.0,5691949.0,5032.6270468992525,10.1853110317615,45.8922280104023,3227.57910235199,3517.1391357613525,3530.3771735401265,8.079797413036927,8.523896086120988,1
PHL,2022,9.55176804414326,45.2097656431673,3548.06930572116,113964338.0,5236424.0,4594.791749678746,10.0691640204876,45.5495897489224,3484.38593882819,5032.6270468992525,4077.563315002455,8.156334059911922,8.432896326732042,1
PHL,2023,9.40036652869164,44.8757283831149,3804.08274131718,114891199.0,2132610.0,1856.1996206515348,9.55176804414326,45.2097656431673,3548.06930572116,4594.791749678746,4381.519310779783,8.17444068069509,7.526825051887473,1
PNG,2011,19.1997113715188,86.9999974984636,2288.37591141234,7859346.0,0.0,0.0,19.6083870979546,86.9978079930593,1866.86889851208,0.0,0.0,7.5325534335164805,0.0,0
PNG,2012,19.2739507668723,86.9856203928638,2635.0873631547,8081390.0,75000.0,928.0581682111617,19.1997113715188,86.9999974984636,2288.37591141234,0.0,0.0,7.736034531638308,6.834171350643948,1
PNG,2013,19.2600193533343,86.9417524266906,2560.77458976327,8302698.0,46.0,0.5540367721432238,19.2739507668723,86.9856203928638,2635.0873631547,928.0581682111617,309.3527227370539,7.877051037392892,0.4408559145633211,0
PNG,2014,17.6919442750767,86.8683595974735,2723.17529825196,8523441.0,18900.0,221.7414304856454,19.2600193533343,86.9417524266906,2560.77458976327,0.5540367721432238,309.5374016611017,7.848455496448347,5.406011594165959,0
PNG,2015,17.4569301700841,86.7658640163681,2484.5963398603,8743246.0,0.0,0.0,17.6919442750767,86.8683595974735,2723.17529825196,221.7414304856454,383.45121182298345,7.90992101844844,0.0,0
PNG,2016,17.8663404294926,86.6346348057608,2316.39479758492,8961718.0,1610.0,17.965305313110722,17.4569301700841,86.7658640163681,2484.5963398603,0.0,74.09848908592954,7.818267885540056,2.942611273777992,0
PNG,2017,17.649568905745,86.4750355118112,2477.76530986323,9178714.0,500.0,5.447386202468015,17.8663404294926,86.6346348057608,2316.39479758492,17.965305313110722,79.90224526625204,7.7481989016242725,1.8636748087483526,0
PNG,2018,16.9738355202322,86.2874279467838,2566.36833735041,9394513.0,0.0,0.0,17.649568905745,86.4750355118112,2477.76530986323,5.447386202468015,7.804230505192912,7.8155158562600064,0.0,0
PNG,2019,16.9764457469667,86.0721732553053,2575.77274140393,9609010.0,7724.0,80.38289064117947,16.9738355202322,86.2874279467838,2566.36833735041,0.0,7.804230505192912,7.850636660001129,4.399165062232458,0
PNG,2020,18.7553254780877,85.8296322814271,2429.61134585269,9815746.0,3935.0,40.08864940066705,16.9764457469667,86.0721732553053,2575.77274140393,80.38289064117947,28.610092281215827,7.854293019493142,3.715731913060077,0
PNG,2021,18.9898815838299,85.5601657177647,2607.97769973161,10012896.0,1455.0,14.531260486476642,18.7553254780877,85.8296322814271,2429.61134585269,40.08864940066705,40.15718001394884,7.795898087348413,2.742854798482293,0
PNG,2022,16.9085678890435,85.2641341739159,3102.29409730005,10203169.0,4587.0,44.95662083025382,18.9898815838299,85.5601657177647,2607.97769973161,14.531260486476642,45.00093350944106,7.8667137376611835,3.827697926131609,0
PNG,2023,16.959612272756,84.9418982108794,2966.06455045333,10389635.0,0.0,0.0,16.9085678890435,85.2641341739159,3102.29409730005,44.95662083025382,33.192176905799165,8.040219438332976,0.0,0
POL,2011,3.17180701243977,39.2642909347456,13867.6669408192,38063255.0,0.0,0.0,2.91554815662609,39.1525216012323,12567.7317676382,78.85856122975616,78.85856122975616,9.438967402909324,0.0,0
POL,2012,2.98562113420809,39.3658367211134,13087.420943321,38063164.0,0.0,0.0,3.17180701243977,39.2642909347456,13867.6669408192,0.0,39.42928061487808,9.537387397717982,0.0,0
POL,2013,3.22652536867249,39.4666812534677,13621.9023794031,38040196.0,0.0,0.0,2.98562113420809,39.3658367211134,13087.420943321,0.0,26.28618707658539,9.479483220865133,0.0,0
POL,2014,2.97119902232799,39.5659936655672,14262.2841914116,38011735.0,0.0,0.0,3.22652536867249,39.4666812534677,13621.9023794031,0.0,0.0,9.519507653874065,0.0,0
POL,2015,2.48363694237949,39.6637113194365,12637.5220324406,37986412.0,0.0,0.0,2.97119902232799,39.5659936655672,14262.2841914116,0.0,0.0,9.565443975404609,0.0,0
POL,2016,2.6237968659564,39.7597715771003,12464.0121044827,37970087.0,0.0,0.0,2.48363694237949,39.6637113194365,12637.5220324406,0.0,0.0,9.444504733051016,0.0,0
POL,2017,2.98537285986431,39.854111800583,13913.3415190124,37974826.0,0.0,0.0,2.6237968659564,39.7597715771003,12464.0121044827,0.0,0.0,9.43068096703482,0.0,0
POL,2018,2.41564136866167,39.9466693519093,15658.210586693,37974750.0,0.0,0.0,2.98537285986431,39.854111800583,13913.3415190124,0.0,0.0,9.540675351173912,0.0,0
POL,2019,2.37029744646443,40.0373815931037,15874.5220531254,37965475.0,18.0,0.04741149689290072,2.41564136866167,39.9466693519093,15658.210586693,0.0,0.0,9.6588145587399,0.046321879404975265,0
POL,2020,2.56844423547416,40.1261858861908,16150.9304813473,37515748.0,422.0,1.1248609517261923,2.37029744646443,40.0373815931037,15874.5220531254,0.04741149689290072,0.015803832297633574,9.672533708456431,0.7537063657536592,0
POL,2021,2.24552304361646,40.1903486794457,18635.5104895754,36981559.0,118.0,0.3190779490934928,2.56844423547416,40.1261858861908,16150.9304813473,1.1248609517261923,0.39075748287303097,9.68979485595588,0.27693296910310805,0
POL,2022,2.80606930357805,40.1684511951679,18891.2121169279,36821749.0,0.0,0.0,2.24552304361646,40.1903486794457,18635.5104895754,0.3190779490934928,0.49711679923752855,9.832877865219565,0.0,0
POL,2023,2.76537109467644,40.1140438629786,22145.2660647429,36687353.0,0.0,0.0,2.80606930357805,40.1684511951679,18891.2121169279,0.0,0.481312966939895,9.846505058823391,0.0,0
PRI,2011,0.792213784121246,6.2401797898991,27170.0766543278,3693464.0,0.0,0.0,0.83552463730404,6.24112277856089,26414.8810634548,0.0,0.0,10.18172066370636,0.0,0
PRI,2012,0.803821796527931,6.2369255575683,27742.024476618,3661045.0,0.0,0.0,0.792213784121246,6.2401797898991,27170.0766543278,0.0,0.0,10.209908328220772,0.0,0
PRI,2013,0.826451927769644,6.2301683092695,28212.0499737431,3631427.0,0.0,0.0,0.803821796527931,6.2369255575683,27742.024476618,0.0,0.0,10.230739717363829,0.0,0
PRI,2014,0.846398778671258,6.21869281810319,28576.0988023209,3585017.0,0.0,0.0,0.826451927769644,6.2301683092695,28212.0499737431,0.0,0.0,10.247539914909844,0.0,0
PRI,2015,0.826985117363399,6.2012838571697,29242.041465085,3535167.0,0.0,0.0,0.846398778671258,6.21869281810319,28576.0988023209,0.0,0.0,10.260360934865892,0.0,0
PRI,2016,0.805660903593846,6.1767261995697,29978.0889268918,3480432.0,0.0,0.0,0.826985117363399,6.2012838571697,29242.041465085,0.0,0.0,10.283396925728063,0.0,0
PRI,2017,0.818676213745449,6.14380461840361,30328.479490518,3410837.0,88190.0,2585.582365853308,0.805660903593846,6.1767261995697,29978.0889268918,0.0,0.0,10.308255381831641,7.858092733457444,1
PRI,2018,0.70791744297882,6.1013038867717,30679.9181934488,3290690.0,400.0,12.155505380330569,0.818676213745449,6.14380461840361,30328.479490518,2585.582365853308,861.8607886177693,10.31987543899623,2.57684033111127,0
PRI,2019,0.682321472056496,6.0480087777747,31830.5284993358,3302691.0,240.0,7.266801526391661,0.70791744297882,6.1013038867717,30679.9181934488,12.155505380330569,865.9126237445462,10.33139618311187,2.1122476780461708,0
PRI,2020,0.66100460676674,5.9883855004413,31427.1034994916,3281591.0,119.0,3.6262898088152973,0.682321472056496,6.0480087777747,31830.5284993358,7.266801526391661,868.33489092001,10.368212539837469,1.5317552096669498,0
PRI,2021,0.673046024208234,5.9449287402698,32618.8705106244,3262731.0,0.0,0.0,0.66100460676674,5.9883855004413,31427.1034994916,3.6262898088152973,7.682865571845842,10.355457787515808,0.0,0
PRI,2022,0.663980527688401,5.8889076945063,35353.5613891039,3220148.0,49300.0,1530.9855323419918,0.673046024208234,5.9449287402698,32618.8705106244,0.0,3.6310304450689856,10.392676906535746,7.334319906614947,1
PRI,2023,0.705611740327775,5.82256407241189,36980.7653928068,3203794.0,0.0,0.0,0.663980527688401,5.8889076945063,35353.5613891039,1530.9855323419918,511.537274050269,10.473182698052856,0.0,0
PRK,2011,,39.5163769315596,,25097874.0,25000.0,99.6100307141553,,39.692992530852,,112.0571132694912,112.0571132694912,,4.611251961583262,0
PRK,2012,,39.3218859220265,,25211728.0,232000.0,920.2066593769375,,39.5163769315596,,99.6100307141553,105.83357199182325,,6.825684396944432,1
PRK,2013,,39.1156936841966,,25329451.0,82000.0,323.73382273464983,,39.3218859220265,,920.2066593769375,377.2912677868614,,5.783005839789985,0
PRK,2014,,38.9059052459127,,25451262.0,0.0,0.0,,39.1156936841966,,323.73382273464983,447.85017094191426,,0.0,0
PRK,2015,,38.6752428825499,,25575350.0,6000.0,23.46008950024144,,38.9059052459127,,0.0,414.6468273705291,,3.1970427892973623,0
PRK,2016,,38.4318648571197,,25698326.0,107000.0,416.36953317504026,,38.6752428825499,,23.46008950024144,115.7313040782971,,6.033972000064926,1
PRK,2017,,38.1793923908598,,25817709.0,0.0,0.0,,38.4318648571197,,416.36953317504026,146.6098742250939,,0.0,0
PRK,2018,,37.9173880192377,,25931147.0,69000.0,266.08927094509164,,38.1793923908598,,0.0,146.6098742250939,,5.587582950627334,0
PRK,2019,,37.6457773388422,,26037632.0,6400.0,24.57980817917697,,37.9173880192377,,266.08927094509164,227.48626804004394,,3.2418032972631963,0
PRK,2020,,37.3644859461505,,26136312.0,5300.0,20.27830093243454,,37.6457773388422,,24.57980817917697,96.88969304142286,,3.057687817885157,0
PRK,2021,,37.073439437543,,26232534.0,5000.0,19.060301227475776,,37.3644859461505,,20.27830093243454,103.64912668556771,,2.99874279874586,0
PRK,2022,,36.7725634093171,,26328845.0,200.0,0.7596231433623465,,37.073439437543,,19.060301227475776,21.306136779695763,,0.565099663032863,0
PRK,2023,,36.4617834576979,,26418204.0,0.0,0.0,,36.7725634093171,,0.7596231433623465,13.366075101090887,,0.0,0
PRT,2011,1.8384390598893,38.8589301604498,23246.5425416481,10557560.0,0.0,0.0,1.94034870976094,38.9211132758269,22551.935098809,0.0,0.0,10.023620496053217,0.0,0
PRT,2012,1.92004687349348,38.8590206085334,20593.4274224109,10514844.0,0.0,0.0,1.8384390598893,38.8589301604498,23246.5425416481,0.0,0.0,10.053954708295752,0.0,0
PRT,2013,2.04188706497902,38.8594684784358,21676.4859642714,10457295.0,0.0,0.0,1.92004687349348,38.8590206085334,20593.4274224109,0.0,0.0,9.932775804707104,0.0,0
PRT,2014,1.97659101484386,38.8605462638884,22120.6850127107,10401062.0,0.0,0.0,2.04188706497902,38.8594684784358,21676.4859642714,0.0,0.0,9.984029487771988,0.0,0
PRT,2015,1.97541250129625,38.862530788462,19215.7813014347,10358076.0,10.0,0.09654302594420046,1.97659101484386,38.8605462638884,22120.6850127107,0.0,0.0,10.004313628716524,0.09216252745315884,0
PRT,2016,1.92235840837832,38.8656988757277,19980.2808866516,10325452.0,1052.0,10.188415964744207,1.97541250129625,38.862530788462,19215.7813014347,0.09654302594420046,0.03218100864806682,9.863539202393854,2.4148789541931017,0
PRT,2017,1.96367345206825,38.8703273492564,21442.3842768879,10300300.0,6790.0,65.92041008514315,1.92235840837832,38.8656988757277,19980.2808866516,10.188415964744207,3.4283196635628026,9.902551158588707,4.20350400409063,0
PRT,2018,1.91817470918666,38.8766930326192,23541.1401075289,10283822.0,408.0,3.9673965574277736,1.96367345206825,38.8703273492564,21442.3842768879,65.92041008514315,25.40178969194385,9.973171451463381,1.6028958713574175,0
PRT,2019,1.99991845769704,38.885072749387,23343.3628970034,10286263.0,648.0,6.299663930428378,1.91817470918666,38.8766930326192,23541.1401075289,3.9673965574277736,26.692074202438377,10.066547290340703,1.987828310166994,0
PRT,2020,2.14089692520428,38.8957433231309,22299.4044062173,10297081.0,28.0,0.27192172228226624,1.99991845769704,38.885072749387,23343.3628970034,6.299663930428378,25.3958235243331,10.058110816263882,0.24052892393805445,0
PRT,2021,2.16204629838151,38.9048750703403,24711.4510062111,10361831.0,34.0,0.32812733579615416,2.14089692520428,38.8957433231309,22299.4044062173,0.27192172228226624,3.512994070046139,10.012360092091727,0.28376993184620236,0
PRT,2022,1.90543676193935,38.8740744227218,24620.5197587181,10434332.0,2482.0,23.786860529260522,2.16204629838151,38.9048750703403,24711.4510062111,0.32812733579615416,2.2999043295022656,10.115062484926016,3.210313695399593,0
PRT,2023,2.13721069426312,38.7951347366336,27634.6183139773,10578174.0,1779.0,16.817647355772365,1.90543676193935,38.8740744227218,24620.5197587181,23.786860529260522,8.128969862446313,10.111376126457117,2.8801893906429714,0
PRY,2011,13.7962263457725,40.306500460102,5805.40154543044,5814626.0,0.0,0.0,13.0144797820733,40.4877207381214,4750.96273669322,0.0,0.0,8.466313019406773,0.0,0
PRY,2012,10.0422288967986,40.0787090545298,5642.1699167298,5897008.0,0.0,0.0,13.7962263457725,40.306500460102,5805.40154543044,0.0,0.0,8.666716302618601,0.0,0
PRY,2013,12.8648395783659,39.7624684399099,6435.68342733182,5982445.0,28000.0,468.0360621785909,10.0422288967986,40.0787090545298,5642.1699167298,0.0,0.0,8.63820122857904,6.150679657129055,1
PRY,2014,11.7708565050207,39.2898034051843,6652.25478942291,6069811.0,84000.0,1383.8981147847933,12.8648395783659,39.7624684399099,6435.68342733182,468.0360621785909,156.01202072619697,8.76976869068661,7.233381852583245,1
PRY,2015,9.44042072521197,38.6697231466737,5879.33792308671,6159103.0,171400.0,2782.8727657257887,11.7708565050207,39.2898034051843,6652.25478942291,1383.8981147847933,617.3113923211281,8.802861455930707,7.931598318443632,1
PRY,2016,10.6965134075242,37.9172386791394,5775.1596339946,6249126.0,3600.0,57.60805591053853,9.44042072521197,38.6697231466737,5879.33792308671,2782.8727657257887,1544.9356475630575,8.679369509154046,4.070872160010521,0
PRY,2017,10.1848244821521,37.0473610173426,6152.26711537703,6338660.0,9760.0,153.9757614385375,10.6965134075242,37.9172386791394,5775.1596339946,57.60805591053853,1408.1263121403736,8.661494317655194,5.043268726875074,0
PRY,2018,9.95020338548856,36.0751011760447,6258.44991640954,6427382.0,30410.0,473.13198437559805,10.1848244821521,37.0473610173426,6152.26711537703,153.9757614385375,998.1521943582883,8.724738458016155,6.161485730985398,1
PRY,2019,9.66747366416727,35.0154701700071,5821.18199548637,6515058.0,54320.0,833.760804585316,9.95020338548856,36.0751011760447,6258.44991640954,473.13198437559805,228.23860057489136,8.741847587455077,6.72714522223843,1
PRY,2020,10.7279902822115,33.883479013991,5365.47220721191,6603739.0,5.0,0.075714682242893,9.66747366416727,35.0154701700071,5821.18199548637,833.760804585316,486.9561834664839,8.669430383776858,0.07298526137531221,0
PRY,2021,11.2827254343473,32.6941387227579,5974.9057185863,6684182.0,0.0,0.0,10.7279902822115,33.883479013991,5365.47220721191,0.075714682242893,435.65616788105234,8.587926026966942,0.0,0
PRY,2022,10.9265749590137,31.3603462180542,6189.10205375331,6760464.0,0.0,0.0,11.2827254343473,32.6941387227579,5974.9057185863,0.0,277.9455064225196,8.695490950012548,0.0,0
PRY,2023,11.7050639471675,30.6533918266306,6303.26495017292,6844146.0,16160.0,236.1141916025754,10.9265749590137,31.3603462180542,6189.10205375331,0.0,0.025238227414297668,8.73070685241726,5.468541846204526,0
PSE,2011,8.34249649118102,15.7659049395659,2880.79843707909,3882986.0,0.0,0.0,9.00273717915612,16.1146508860324,2557.07562356699,13.205988863125473,13.205988863125473,7.847010545254175,0.0,0
PSE,2012,8.10589430228367,15.4534864056778,3067.43872735614,3979998.0,1200.0,30.15076891998438,8.34249649118102,15.7659049395659,2880.79843707909,0.0,6.6029944315627365,7.966169835556779,3.438838929358482,0
PSE,2013,7.59868299359994,15.1821540110407,3315.29753909282,4076708.0,10650.0,261.2401967469831,8.10589430228367,15.4534864056778,3067.43872735614,30.15076891998438,14.452252594369952,8.028924153357384,5.569260865250665,0
PSE,2014,7.83505007255338,14.9566664823277,3352.11259506043,4173398.0,200.0,4.792258011337524,7.59868299359994,15.1821540110407,3315.29753909282,261.2401967469831,97.13032188898916,8.106604240544925,1.756522200247605,0
PSE,2015,7.40889181529301,14.7817825462114,3272.15432360708,4270092.0,10000.0,234.18699175568113,7.83505007255338,14.9566664823277,3352.11259506043,4.792258011337524,98.72774122610167,8.117644326296226,5.460380907333755,0
PSE,2016,7.60382722941306,14.6622609293649,3527.61382413178,4367088.0,510.0,11.678262494366956,7.40889181529301,14.7817825462114,3272.15432360708,234.18699175568113,166.73981550466726,8.093509423895918,2.539888912361861,0
PSE,2017,7.0405505952381,14.6217744646,3620.36048715937,4454805.0,77.0,1.7284707186958799,7.60382722941306,14.6622609293649,3527.61382413178,11.678262494366956,83.55250408712854,8.168660388424708,1.0037412759376296,0
PSE,2018,7.3596451347333,14.4648868929128,3562.33094270256,4569087.0,0.0,0.0,7.0405505952381,14.6217744646,3620.36048715937,1.7284707186958799,82.53124165624799,8.194605059397368,0.0,0
PSE,2019,7.05401698427058,14.1863825816344,3656.85827137011,4685306.0,2.0,0.04268664629375328,7.3596451347333,14.4648868929128,3562.33094270256,0.0,4.468911071020945,8.178451044453439,0.041800695877803856,0
PSE,2020,7.10160510439939,13.9258816256075,3233.56863835858,4803269.0,102.0,2.1235537714002692,7.05401698427058,14.1863825816344,3656.85827137011,0.04268664629375328,0.5903857883298776,8.204633083358797,1.1389713829146488,0
PSE,2021,6.31674857805511,13.665043612663,3678.63565662194,4922749.0,0.0,0.0,7.10160510439939,13.9258816256075,3233.56863835858,2.1235537714002692,0.7220801392313408,8.081650855960254,0.0,0
PSE,2022,5.74521927421669,13.4038576783984,3799.95527015163,5043612.0,250.0,4.956765111987203,6.31674857805511,13.665043612663,3678.63565662194,0.0,0.7220801392313408,8.21056901990879,1.7845275672811307,0
PSE,2023,4.87628185520872,13.1423129584114,3607.41611858821,5165775.0,0.0,0.0,5.74521927421669,13.4038576783984,3799.95527015163,4.956765111987203,2.360106294462491,8.243007701004098,0.0,0
PYF,2011,2.4923805279951,38.7282657402259,22831.5185348524,271727.0,0.0,0.0,2.26967001717539,39.2389776049012,22494.806706186,1293.5176287973982,1293.5176287973982,10.021084202209767,0.0,0
PYF,2012,2.63770555361179,38.4713460395408,20846.5457478364,273084.0,0.0,0.0,2.4923805279951,38.7282657402259,22831.5185348524,0.0,646.7588143986991,10.035941050340492,0.0,0
PYF,2013,3.02217318220315,38.3869513338005,21955.6329264095,274728.0,0.0,0.0,2.63770555361179,38.4713460395408,20846.5457478364,0.0,431.17254293246606,9.944991510362685,0.0,0
PYF,2014,3.17771114316168,38.3175192598732,22258.6321384251,276387.0,0.0,0.0,3.02217318220315,38.3869513338005,21955.6329264095,0.0,0.0,9.996824556290612,0.0,0
PYF,2015,3.22845890100068,38.2625257845093,19166.9594761931,277866.0,0.0,0.0,3.17771114316168,38.3175192598732,22258.6321384251,0.0,0.0,10.010530099015766,0.0,0
PYF,2016,3.21708081765994,38.2255618630349,19690.0775734589,279178.0,0.0,0.0,3.22845890100068,38.2625257845093,19166.9594761931,0.0,0.0,9.860995386774434,0.0,0
PYF,2017,3.0564999715999,38.2103058937154,20826.9312492172,280087.0,1100.0,392.73511444658266,3.21708081765994,38.2255618630349,19690.0775734589,0.0,0.0,9.88792089707623,5.975678384845124,1
PYF,2018,2.85240041681856,38.2111974763125,21925.616043938,279815.0,0.0,0.0,3.0564999715999,38.2103058937154,20826.9312492172,392.73511444658266,130.91170481552754,9.94405021339474,0.0,0
PYF,2019,2.25047826168236,38.2175857572492,21582.5892046801,279034.0,30.0,10.751377968276268,2.85240041681856,38.2111974763125,21925.616043938,0.0,130.91170481552754,9.995456522343389,2.4639705076099747,0
PYF,2020,2.21570108763617,38.2326899079,19966.4838503859,279209.0,27.0,9.670175388329172,2.25047826168236,38.2175857572492,21582.5892046801,10.751377968276268,134.49549747161964,9.979688545866498,2.3674525026977027,0
PYF,2021,,38.2600186773992,21426.3854449835,279792.0,0.0,0.0,2.21570108763617,38.2326899079,19966.4838503859,9.670175388329172,6.807184452201813,9.90186042199622,0.0,0
PYF,2022,,38.3086193062888,20053.9569369322,280378.0,17.0,6.063243193117862,,38.2600186773992,21426.3854449835,0.0,6.807184452201813,9.97242507659067,1.9549043218201234,0
PYF,2023,,38.3032864971431,21832.2831795569,281118.0,0.0,0.0,,38.3086193062888,20053.9569369322,6.063243193117862,5.244472860482344,9.90623163095339,0.0,0
QAT,2011,0.0966101306365461,1.3699389789091,103261.510293068,1624761.0,0.0,0.0,0.117906662714488,1.4933767833335,77387.2936379616,0.0,0.0,11.256590803151566,0.0,0
QAT,2012,0.0941964622110214,1.25719895280319,108470.378825036,1722438.0,0.0,0.0,0.0966101306365461,1.3699389789091,103261.510293068,0.0,0.0,11.54502966854942,0.0,0
QAT,2013,0.0960229515645713,1.16423781720989,103697.008372373,1916426.0,0.0,0.0,0.0941964622110214,1.25719895280319,108470.378825036,0.0,0.0,11.594241627533043,0.0,0
QAT,2014,0.117168462919326,1.098372161174,95840.6310094498,2151745.0,0.0,0.0,0.0960229515645713,1.16423781720989,103697.008372373,0.0,0.0,11.549238188366582,0.0,0
QAT,2015,0.161318389310859,1.06175923188459,68985.2946961507,2344557.0,0.0,0.0,0.117168462919326,1.098372161174,95840.6310094498,0.0,0.0,11.47045243124965,0.0,0
QAT,2016,0.183872269651982,1.0144734654577,61253.6375482797,2477113.0,0.0,0.0,0.161318389310859,1.06175923188459,68985.2946961507,0.0,0.0,11.141663136258305,0.0,0
QAT,2017,0.214741536757396,0.968987473402194,63279.8556949332,2545820.0,0.0,0.0,0.183872269651982,1.0144734654577,61253.6375482797,0.0,0.0,11.022794840614687,0.0,0
QAT,2018,0.218257646242842,0.924431523775596,71039.8490579352,2580734.0,0.0,0.0,0.214741536757396,0.968987473402194,63279.8556949332,0.0,0.0,11.055338124709989,0.0,0
QAT,2019,0.260005315111579,0.880830332793295,66841.3013484919,2638657.0,0.0,0.0,0.218257646242842,0.924431523775596,71039.8490579352,0.0,0.0,11.171010329423671,0.0,0
QAT,2020,0.338750396492592,0.838208616696605,51683.5054376677,2794148.0,0.0,0.0,0.260005315111579,0.880830332793295,66841.3013484919,0.0,0.0,11.110091412824145,0.0,0
QAT,2021,0.298239680088491,0.796591091756994,71751.8831257169,2504910.0,0.0,0.0,0.338750396492592,0.838208616696605,51683.5054376677,0.0,0.0,10.852913314178004,0.0,0
QAT,2022,0.256559617750539,0.756002474281004,88701.463352273,2657333.0,0.0,0.0,0.298239680088491,0.796591091756994,71751.8831257169,0.0,0.0,11.180983315751376,0.0,0
QAT,2023,0.292779131249811,0.716467480616501,80195.8746508549,2656032.0,0.0,0.0,0.256559617750539,0.756002474281004,88701.463352273,0.0,0.0,11.393042939640036,0.0,0
ROU,2011,5.95088848587022,46.0391125755831,9560.6755277458,20147528.0,0.0,0.0,5.1772466335768,46.0961772058671,8399.5374234284,0.0,0.0,9.036050961764408,0.0,0
ROU,2012,4.54079724771484,46.0436907503927,8929.95366231474,20058035.0,0.0,0.0,5.95088848587022,46.0391125755831,9560.6755277458,0.0,0.0,9.165518255096991,0.0,0
ROU,2013,5.50972556892124,46.0898241965635,9497.67411615237,19983693.0,0.0,0.0,4.54079724771484,46.0436907503927,8929.95366231474,0.0,0.0,9.097278461260924,0.0,0
ROU,2014,4.94834094527624,46.1732812375947,10031.7710755404,19908979.0,2240.0,11.251204795584947,5.50972556892124,46.0898241965635,9497.67411615237,0.0,0.0,9.158907501127487,2.5056242828146225,0
ROU,2015,4.42592968395419,46.2928160481107,8977.01748158196,19815616.0,160.0,0.8074439876105795,4.94834094527624,46.1732812375947,10031.7710755404,11.251204795584947,3.7504015985283154,9.213612121515931,0.5919136856968027,0
ROU,2016,4.2921753725524,46.4471828027361,9404.54005870715,19702267.0,1480.0,7.511825923382319,4.42592968395419,46.2928160481107,8977.01748158196,0.8074439876105795,4.019549594398509,9.102534366497697,2.141456481659709,0
ROU,2017,4.43884283682194,46.6351356760954,10727.9822007426,19588715.0,0.0,0.0,4.2921753725524,46.4471828027361,9404.54005870715,7.511825923382319,6.523491568859281,9.149054162596585,0.0,0
ROU,2018,4.50660889280427,46.8554288428132,12416.134317959,19473970.0,1210.0,6.2134223273426015,4.43884283682194,46.6351356760954,10727.9822007426,0.0,2.773089970330966,9.280703975649686,1.9759435026660344,0
ROU,2019,4.31147831319992,47.1068164775138,12909.6104013244,19371648.0,460.0,2.3746043702631803,4.50660889280427,46.8554288428132,12416.134317959,6.2134223273426015,4.5750827502416405,9.426832597621685,1.2162780938275426,0
ROU,2020,4.07184426240682,47.388052754822,13009.1525348396,19265250.0,285.0,1.4793475298789271,4.31147831319992,47.1068164775138,12909.6104013244,2.3746043702631803,2.862675565868594,9.465804764002932,0.9079954327711559,0
ROU,2021,4.616339720378,47.7678487869189,14908.0412813921,19122059.0,416.0,2.175497941931881,4.07184426240682,47.388052754822,13009.1525348396,1.4793475298789271,3.35579140916157,9.473485295868228,1.1554644521523156,0
ROU,2022,3.8180329334627,47.8365167522728,15503.4691366242,19048502.0,160.0,0.8399610636048965,4.616339720378,47.7678487869189,14908.0412813921,2.175497941931881,2.009816614024663,9.60972310531531,0.6097444103126999,0
ROU,2023,3.32416909916798,47.8354252988133,18244.4186876321,19061062.0,51.0,0.26756116736832397,3.8180329334627,47.8365167522728,15503.4691366242,0.8399610636048965,1.4982688451385682,9.648883592742939,0.23709471359756448,0
RUS,2011,3.1507257212962,26.1465148925781,14305.33203125,143018195.0,3500.0,2.4472410660755437,3.34389824902191,26.3303692112376,10674.990234375,15.680842437579116,15.680842437579116,9.275752595797039,1.2375742201272593,0
RUS,2012,2.92603087775353,26.02734375,15401.8515625,143378447.0,31830.0,22.1999893749721,3.1507257212962,26.1465148925781,14305.33203125,2.4472410660755437,9.06404175182733,9.568457517629392,3.144151820696819,0
RUS,2013,2.99360048776678,25.9237050229772,15941.4482421875,143805638.0,29410.0,20.451214854316074,2.92603087775353,26.02734375,15401.8515625,22.1999893749721,13.442690959542253,9.642307937656643,3.0657812803350883,0
RUS,2014,3.36060548804252,25.8223523251209,14055.47265625,144237223.0,23310.0,16.160876863249094,2.99360048776678,25.9237050229772,15941.4482421875,20.451214854316074,15.032815098454572,9.676740531653657,2.842632192011234,0
RUS,2015,3.87310448732299,25.724080934473,9277.7138671875,144640716.0,6600.0,4.563030509334592,3.36060548804252,25.8223523251209,14055.47265625,16.160876863249094,19.604027030845756,9.550838255955668,1.71614301540934,0
RUS,2016,3.84021728459951,25.6296861290757,8663.158203125,145015460.0,3631.0,2.5038709665852177,3.87310448732299,25.724080934473,9277.7138671875,4.563030509334592,13.72504074229992,9.135478224277604,1.2538683477914272,0
RUS,2017,3.55363208990976,25.539963186971,10658.9130859375,145293260.0,7080.0,4.872903257866194,3.84021728459951,25.6296861290757,8663.158203125,2.5038709665852177,7.742592779722968,9.066950048339256,1.7703491040509223,0
RUS,2018,3.3942533806976,25.4557073862008,11211.8876953125,145398106.0,3569.0,2.4546399524626548,3.55363208990976,25.539963186971,10658.9130859375,4.872903257866194,3.979934911262001,9.274245544397433,1.2397182412141254,0
RUS,2019,3.53030291392166,25.3777140048074,11447.701171875,145453291.0,11721.0,8.058256997430192,3.3942533806976,25.4557073862008,11211.8876953125,2.4546399524626548,3.2771380589713552,9.32481908283171,2.203676717157034,0
RUS,2020,4.00635163401546,25.3067783208326,10108.3271484375,145245148.0,243.0,0.16730335115910377,3.53030291392166,25.3777140048074,11447.701171875,8.058256997430192,5.128600069253014,9.345631567777433,0.15469626053597973,0
RUS,2021,3.67156378990517,25.2483159779748,12425.029296875,144746762.0,5550.0,3.8342826625717543,4.00635163401546,25.3067783208326,10108.3271484375,0.16730335115910377,3.5600667670173167,9.22121375672731,1.575732754417802,0
RUS,2022,3.41890901633034,25.1455106374983,15625.6328125,144236933.0,2707.0,1.8767731285578568,3.67156378990517,25.2483159779748,12425.029296875,3.8342826625717543,4.019947670387016,9.42754868832849,1.0566692245110834,0
RUS,2023,3.01939316812813,25.0194952126721,13986.9951171875,143826130.0,14862.0,10.33331008767322,3.41890901633034,25.1455106374983,15625.6328125,1.8767731285578568,1.9594530474295715,9.656731969144857,2.4277461848582913,0
RWA,2011,22.9164629891831,83.0676413118727,643.356138618166,10573733.0,1900.0,17.969055961598425,23.4080982541515,83.0744419689386,586.599950359877,57.18410169543108,57.18410169543108,6.376046359820272,2.94280901790094,0
RWA,2012,23.7888658574855,83.0589751117852,697.760143509565,10829901.0,3200.0,29.547823198014463,22.9164629891831,83.0676413118727,643.356138618166,17.969055961598425,37.576578828514755,6.468251583527176,3.4192934293314545,0
RWA,2013,23.8917103230198,82.9257793946388,695.397140963607,11093340.0,1030.0,9.284850189392916,23.7888658574855,83.0589751117852,697.760143509565,29.547823198014463,34.90032695168132,6.549307541014484,2.33067195706718,0
RWA,2014,23.6787751489992,82.4979283460244,715.36808783393,11364757.0,0.0,0.0,23.8917103230198,82.9257793946388,695.397140963607,9.284850189392916,18.933909783001933,6.545920102434152,0.0,0
RWA,2015,23.1107918816185,81.8046850141584,725.691418696952,11640022.0,2010.0,17.268008599983748,23.6787751489992,82.4979283460244,715.36808783393,0.0,12.944224462469128,6.574194124015622,2.905151366090309,0
RWA,2016,24.2954788777688,80.8786048213452,721.258515833094,11919183.0,9700.0,81.3814168303314,23.1107918816185,81.8046850141584,725.691418696952,17.268008599983748,8.850952929792221,6.588501928961912,4.411359887577341,0
RWA,2017,25.6342490728521,79.7522431898889,751.049039527547,12202060.0,5005.0,41.017664230466,24.2954788777688,80.8786048213452,721.258515833094,81.3814168303314,32.88314181010505,6.582383129976861,3.7380901067815446,0
RWA,2018,23.2642496908276,78.4581555420936,772.754982959354,12487996.0,47000.0,376.3614274059665,25.6342490728521,79.7522431898889,751.049039527547,41.017664230466,46.55569655359372,6.622801533961316,5.933203421579533,1
RWA,2019,21.5583090597452,77.0288973002638,823.355304065304,12776103.0,11506.0,90.05876048431983,23.2642496908276,78.4581555420936,772.754982959354,376.3614274059665,166.25350282225463,6.6512552639901585,4.511505017737556,0
RWA,2020,24.1891694102271,75.4970238867034,802.638686936204,13065837.0,5960.0,45.615141226696764,21.5583090597452,77.0288973002638,823.355304065304,90.05876048431983,169.14595070691743,6.714601631225954,3.8419254073846716,0
RWA,2021,21.4316327202507,73.8950907237167,842.581492947672,13355260.0,1628.0,12.189953621269822,24.1891694102271,75.4970238867034,802.638686936204,45.615141226696764,170.67844303899437,6.689149773813104,2.5794554505190854,0
RWA,2022,21.9285537380026,72.2193297262239,1007.05989322914,13651030.0,7780.0,56.99203649834481,21.4316327202507,73.8950907237167,842.581492947672,12.189953621269822,49.28795177742881,6.737656510179612,4.060305699366995,0
RWA,2023,23.1373057605237,71.1444689354523,1061.05788154076,13954471.0,69000.0,494.4651789379906,21.9285537380026,72.2193297262239,1007.05989322914,56.99203649834481,38.26571044877047,6.915782864752193,6.20549707670529,1
SAU,2011,2.15288829129967,17.7456123840053,27126.7498747702,25091867.0,8200.0,32.679911781773754,2.61912238524459,17.9208331455535,22028.3901426586,0.0,0.0,10.000132756374558,3.516901570064691,0
SAU,2012,2.06209514825132,17.5688081974642,28733.4375513452,26168861.0,0.0,0.0,2.15288829129967,17.7456123840053,27126.7498747702,32.679911781773754,16.339955890886877,10.208312463576084,0.0,0
SAU,2013,2.14783287096443,17.3928115380898,27865.465604962,27624004.0,4700.0,17.01418809525223,2.06209514825132,17.5688081974642,28733.4375513452,0.0,10.893303927257918,10.265851597106469,2.8911596749220165,0
SAU,2014,2.27940419211986,17.2177428705129,27805.4850319422,28309273.0,0.0,0.0,2.14783287096443,17.3928115380898,27865.465604962,17.01418809525223,16.56469995900866,10.235179295245711,0.0,0
SAU,2015,2.75387031670143,17.0437226593837,23256.1549553531,29816382.0,0.0,0.0,2.27940419211986,17.2177428705129,27805.4850319422,0.0,5.671396031750743,10.233024547004751,0.0,0
SAU,2016,2.91802299444676,16.870871369374,22267.7217050387,30954198.0,280.0,0.9045622826344911,2.75387031670143,17.0437226593837,23256.1549553531,0.0,5.671396031750743,10.054368103688443,0.6442522092815479,0
SAU,2017,2.83525700890872,16.699309465178,23929.2907135982,30977355.0,100.0,0.3228164573766869,2.91802299444676,16.870871369374,22267.7217050387,0.9045622826344911,0.3015207608781637,10.010938358740427,0.27976314336704283,0
SAU,2018,2.41396154385256,16.5291574115151,29360.0658968566,30196281.0,2045.0,6.772357165440339,2.83525700890872,16.699309465178,23929.2907135982,0.3228164573766869,0.40912624667039266,10.082900329328343,2.050573485868481,0
SAU,2019,2.45384656461481,16.3605356731322,29566.7933827436,30063799.0,423.0,1.4070078102903762,2.41396154385256,16.5291574115151,29360.0658968566,6.772357165440339,2.666578635150506,10.287424786458311,0.8783844036192584,0
SAU,2020,2.95556974627207,16.1935647148058,24338.8307301067,31552510.0,606.0,1.9206079009245225,2.45384656461481,16.3605356731322,29566.7933827436,1.4070078102903762,2.8340604777024674,10.294440986549828,1.071791779860773,0
SAU,2021,2.44812792691627,16.0283650013462,31920.7653655643,30784383.0,0.0,0.0,2.95556974627207,16.1935647148058,24338.8307301067,1.9206079009245225,3.3666576255517455,10.099869412125663,0.0,0
SAU,2022,2.21479159080364,15.8650569976007,38510.2276211037,32175224.0,0.0,0.0,2.44812792691627,16.0283650013462,31920.7653655643,0.0,1.1092052370716325,10.371043355973159,0.0,0
SAU,2023,2.45769245330047,15.7037611684585,36156.8562500172,33702731.0,0.0,0.0,2.21479159080364,15.8650569976007,38510.2276211037,0.0,0.6402026336415072,10.5587051042833,0.0,0
SDN,2011,30.599999994069,67.0940239858014,1332.6572265625,36140806.0,19000.0,52.57215348213319,30.6000000071348,67.2825973408487,1305.63598632813,56.47420417892734,56.47420417892734,7.175211163989822,3.9810294084900315,0
SDN,2012,30.5999999961027,66.8574438385099,1019.22210693359,36923178.0,84000.0,227.49937722045485,30.599999994069,67.0940239858014,1332.6572265625,52.57215348213319,54.52317883053026,7.195680241855526,5.4315334848183126,0
SDN,2013,30.6000000025472,66.5735222041897,1138.62780761719,37785849.0,284000.0,751.6041256609054,30.5999999961027,66.8574438385099,1019.22210693359,227.49937722045485,112.1819116271718,6.92777563446949,6.623539360021677,1
SDN,2014,31.9000000019741,66.2375417591883,1275.43835449219,38823318.0,187000.0,481.669289574889,30.6000000025472,66.5735222041897,1138.62780761719,751.6041256609054,343.89188545449787,7.038457003534534,6.179331718464905,1
SDN,2015,31.3999999994923,65.9085605371403,1292.37963867188,40024431.0,8300.0,20.73733415473164,31.9000000019741,66.2375417591883,1275.43835449219,481.669289574889,486.924264152083,7.15182894291235,3.0790312501967434,0
SDN,2016,31.6000000015638,65.8118041158787,1033.21594238281,41259892.0,123000.0,298.11032951807044,31.3999999994923,65.9085605371403,1292.37963867188,20.73733415473164,418.0035831301754,7.165013946405108,5.7008125003724714,0
SDN,2017,31.7999999982698,65.7127774336491,966.505676269531,42714306.0,53800.0,125.9531174403255,31.6000000015638,65.8118041158787,1033.21594238281,298.11032951807044,266.83898441589696,6.941398875026842,4.84381786429129,0
SDN,2018,21.999999999848,65.617945777995,731.027465820313,44230596.0,121000.0,273.5662888196216,31.7999999982698,65.7127774336491,966.505676269531,125.9531174403255,148.26692703770917,6.874721291831978,5.615192721120401,0
SDN,2019,20.19999999954,65.5272314175764,709.975280761719,45548175.0,272000.0,597.169919541233,21.999999999848,65.617945777995,731.027465820313,273.5662888196216,232.54324525933916,6.5958180348698425,6.393874859978713,1
SDN,2020,20.4,65.4405566210754,577.795227050781,46789231.0,454000.0,970.3087447622296,20.19999999954,65.5272314175764,709.975280761719,597.169919541233,332.22977526706,6.566637662337705,6.878644383520469,1
SDN,2021,20.1999999999641,65.3578436572006,712.122009277344,48066924.0,98330.0,204.5689464131302,20.4,65.4405566210754,577.795227050781,970.3087447622296,613.681651041028,6.3609487484392595,5.3257814833268515,0
SDN,2022,26.4,65.2790147946914,1046.24084472656,49383346.0,104700.0,212.01479543326204,20.1999999999641,65.3578436572006,712.122009277344,204.5689464131302,590.6825369055308,6.569652526780859,5.361361625425034,0
SDN,2023,30.2756760075975,65.2039923023236,797.283447265625,50042791.0,57570.0,115.04154514483415,26.4,65.2790147946914,1046.24084472656,212.01479543326204,462.29749553620724,6.953914217584644,4.753948274787045,0
SEN,2011,12.9470610352017,55.9310331490525,1374.67591873844,12958897.0,1600.0,12.346729818131898,15.945261535619,56.3628214940308,1275.88357492357,61.7312627612568,61.7312627612568,7.1521776811037725,2.59127139739598,0
SEN,2012,14.0976923523704,55.4640227547011,1326.83798848379,13310495.0,20000.0,150.25737209622932,12.9470610352017,55.9310331490525,1374.67591873844,12.346729818131898,37.03899628969435,7.22670046658047,5.018982836855235,0
SEN,2013,13.7248803755401,54.9601249460544,1379.83196553924,13710849.0,13000.0,94.81542682003135,14.0976923523704,55.4640227547011,1326.83798848379,150.25737209622932,74.77845489187267,7.191307325970533,4.562423703536966,0
SEN,2014,13.3687650760268,54.3979094658412,1398.89137601382,14152102.0,0.0,0.0,13.7248803755401,54.9601249460544,1379.83196553924,94.81542682003135,85.80650957813084,7.23044147007514,0.0,0
SEN,2015,14.2825767344045,53.7252330370142,1218.00613555438,14593331.0,0.0,0.0,13.3687650760268,54.3979094658412,1398.89137601382,0.0,81.69093297208688,7.244149924031645,0.0,0
SEN,2016,14.4140203888971,52.9446420090071,1266.43957151587,15034521.0,24000.0,159.6326214849146,14.2825767344045,53.7252330370142,1218.00613555438,0.0,31.605142273343784,7.1057911627371695,5.07911990345714,0
SEN,2017,15.0045395764691,52.0661650360947,1354.77007193387,15475002.0,630.0,4.071081864803636,14.4140203888971,52.9446420090071,1266.43957151587,159.6326214849146,53.21087382830487,7.144754058996186,1.6235541804024782,0
SEN,2018,14.9875195578847,51.0998307725515,1452.55612562445,15914498.0,2.0,0.012567157317811722,15.0045395764691,52.0661650360947,1354.77007193387,4.071081864803636,54.56790111657275,7.212124890652233,0.012488846014061045,0
SEN,2019,14.8962721234445,50.0556678726523,1431.18128932159,16352922.0,4440.0,27.151110975763228,14.9875195578847,51.0998307725515,1452.55612562445,0.012567157317811722,54.57209016901202,7.281768333374133,3.3375868200862593,0
SEN,2020,16.1487794824433,48.9437049906718,1461.08720350553,16789219.0,3300.0,19.65547057311004,14.8962721234445,50.0556678726523,1431.18128932159,27.151110975763228,10.41158666596156,7.266953938195915,3.0279802031169294,0
SEN,2021,15.5512646222076,47.7739707808845,1598.10676952274,17220867.0,1322.0,7.676733116863396,16.1487794824433,48.9437049906718,1461.08720350553,19.65547057311004,15.606382902063695,7.2876202852515375,2.1606450888027067,0
SEN,2022,16.3333231968406,46.5564938975652,1574.0281059306,17651103.0,12000.0,67.9844200104662,15.5512646222076,47.7739707808845,1598.10676952274,7.676733116863396,18.16110488857889,7.377200483289398,4.233880682151525,0
SEN,2023,17.4112512141863,45.3007723809206,1698.03387300843,18077573.0,0.0,0.0,16.3333231968406,46.5564938975652,1574.0281059306,67.9844200104662,31.772207900146544,7.362028396135814,0.0,0
SGP,2011,0.0346076007512354,0.0,53891.4570264372,5183688.0,0.0,0.0,0.0361489888834213,0.0,47236.683084953,0.0,0.0,10.762947223489407,0.0,0
SGP,2012,0.033272726533169,0.0,55547.5553077786,5312437.0,0.0,0.0,0.0346076007512354,0.0,53891.4570264372,0.0,0.0,10.894745803253148,0.0,0
SGP,2013,0.0343752167938134,0.0,56967.4257940383,5399162.0,0.0,0.0,0.033272726533169,0.0,55547.5553077786,0.0,0.0,10.925012787668896,0.0,0
SGP,2014,0.0345408510735362,0.0,57564.8023114977,5469724.0,0.0,0.0,0.0343752167938134,0.0,56967.4257940383,0.0,0.0,10.950252459900955,0.0,0
SGP,2015,0.0326135138026483,0.0,55645.6068614606,5535002.0,0.0,0.0,0.0345408510735362,0.0,57564.8023114977,0.0,0.0,10.960683960498656,0.0,0
SGP,2016,0.0313442414603302,0.0,57204.0340105222,5607283.0,0.0,0.0,0.0326135138026483,0.0,55645.6068614606,0.0,0.0,10.92677638200489,0.0,0
SGP,2017,0.030663495025163,0.0,61436.1325502558,5612253.0,0.0,0.0,0.0313442414603302,0.0,57204.0340105222,0.0,0.0,10.954397180672446,0.0,0
SGP,2018,0.0300492085211082,0.0,67032.8225769734,5638676.0,0.0,0.0,0.030663495025163,0.0,61436.1325502558,0.0,0.0,11.025769696000928,0.0,0
SGP,2019,0.0321757269350714,0.0,66068.7003106378,5703569.0,0.0,0.0,0.0300492085211082,0.0,67032.8225769734,0.0,0.0,11.11295258557878,0.0,0
SGP,2020,0.0326659815683798,0.0,61772.5036492256,5685807.0,0.0,0.0,0.0321757269350714,0.0,66068.7003106378,0.0,0.0,11.098465529076574,0.0,0
SGP,2021,0.0301708500316389,0.0,80884.8565369236,5453566.0,0.0,0.0,0.0326659815683798,0.0,61772.5036492256,0.0,0.0,11.031229807968952,0.0,0
SGP,2022,0.0256846779118822,0.0,91227.6970426492,5637022.0,0.0,0.0,0.0301708500316389,0.0,80884.8565369236,0.0,0.0,11.300794261272213,0.0,0
SGP,2023,0.0288899443180196,0.0,86382.5900499252,5917648.0,0.0,0.0,0.0256846779118822,0.0,91227.6970426492,0.0,0.0,11.421124787122537,0.0,0
SLB,2011,32.8222868801178,79.2715107037045,1924.05795643133,552945.0,0.0,0.0,32.4643247305045,79.8805941793743,1685.14535823757,938.1426276999745,938.1426276999745,7.430200349695793,0.0,0
SLB,2012,33.3378659699208,78.6093035780013,2066.25738638356,573606.0,1047.0,182.52947144904343,32.8222868801178,79.2715107037045,1924.05795643133,0.0,469.07131384998723,7.562711353505725,5.21237526195038,0
SLB,2013,33.6180259322108,77.8972737515235,2161.38627543917,594945.0,0.0,0.0,33.3378659699208,78.6093035780013,2066.25738638356,182.52947144904343,373.55736638300596,7.633978073643933,0.0,0
SLB,2014,34.7578947381245,77.1387221735297,2164.95289873002,616908.0,9000.0,1458.8885214651132,33.6180259322108,77.8972737515235,2161.38627543917,0.0,60.84315714968114,7.678967648030873,7.286115356626297,1
SLB,2015,33.2230640760498,76.3369497932787,2045.47721526649,639415.0,1000.0,156.3929529335408,34.7578947381245,77.1387221735297,2164.95289873002,1458.8885214651132,547.1393309713856,7.680615681585814,5.058745563275434,0
SLB,2016,34.4468095703573,75.4952575600293,2082.62383124213,662379.0,0.0,0.0,33.2230640760498,76.3369497932787,2045.47721526649,156.3929529335408,538.4271581328846,7.623875162357892,0.0,0
SLB,2017,33.2802067308765,74.6169464230401,2143.57670489272,685672.0,580.0,84.58854962722701,34.4468095703573,75.4952575600293,2082.62383124213,0.0,538.4271581328846,7.641863883337847,4.449551508163155,0
SLB,2018,33.968525917344,73.7053173315698,2278.19908624102,709101.0,1055.0,148.77993402914396,33.2802067308765,74.6169464230401,2143.57670489272,84.58854962722701,80.32716752025594,7.6706974715115885,5.009167110369421,0
SLB,2019,32.6714892883641,72.724893249724,2223.65890942466,728147.0,31.0,4.257382094549589,33.968525917344,73.7053173315698,2278.19908624102,148.77993402914396,77.78949455212366,7.731579382271465,1.6596332021995657,0
SLB,2020,34.1195267292323,71.9672444849978,2063.32780991967,744498.0,321.0,43.1163011854968,32.6714892883641,72.724893249724,2223.65890942466,4.257382094549589,79.20862191697353,7.707358883713843,3.786829355546736,0
SLB,2021,34.4855546012102,71.3110603179422,2043.44413170658,762591.0,0.0,0.0,34.1195267292323,71.9672444849978,2063.32780991967,43.1163011854968,65.38453910306346,7.632559936625973,0.0,0
SLB,2022,31.9698479049908,70.6488310143194,1877.78104490956,781066.0,0.0,0.0,34.4855546012102,71.3110603179422,2043.44413170658,0.0,15.791227760015465,7.6228812132912385,0.0,0
SLB,2023,30.5256377079793,69.9911178911611,1882.64394148042,800005.0,640.0,79.99950000312498,31.9698479049908,70.6488310143194,1877.78104490956,0.0,14.372100395165601,7.538378465167286,4.39444298185246,0
SLE,2011,31.5846615609542,60.9527846508398,761.146365577281,6387251.0,0.0,0.0,30.542621858137,61.3582671061387,685.039673490948,0.0,0.0,6.530935459130801,0.0,0
SLE,2012,30.6570937162864,60.5355905123025,937.504428180231,6551080.0,0.0,0.0,31.5846615609542,60.9527846508398,761.146365577281,0.0,0.0,6.63613861805157,0.0,0
SLE,2013,30.1232322468759,60.1083577219925,1117.47183075115,6714051.0,8500.0,126.60017029957025,30.6570937162864,60.5355905123025,937.504428180231,0.0,0.0,6.8442875743747615,4.84890170554593,0
SLE,2014,31.9043952976079,59.6727593113755,1117.7586465721,6876385.0,0.0,0.0,30.1232322468759,60.1083577219925,1117.47183075115,126.60017029957025,42.20005676652342,7.0197185957682935,0.0,0
SLE,2015,34.3025554909897,59.2330434812901,964.575980888989,7037655.0,0.0,0.0,31.9043952976079,59.6727593113755,1117.7586465721,0.0,42.20005676652342,7.0199749983387285,0.0,0
SLE,2016,32.5776913387757,58.770588461229,844.416411175476,7205328.0,0.0,0.0,34.3025554909897,59.2330434812901,964.575980888989,0.0,42.20005676652342,6.872724794669661,0.0,0
SLE,2017,33.3320506947837,58.2893317894942,779.186007841728,7379299.0,12000.0,162.6170724346581,32.5776913387757,58.770588461229,844.416411175476,0.0,0.0,6.739829300264448,5.097528773459144,0
SLE,2018,34.9852345791337,57.7988974732197,845.914540460932,7554563.0,0.0,0.0,33.3320506947837,58.2893317894942,779.186007841728,162.6170724346581,54.2056908115527,6.659532362845766,0.0,0
SLE,2019,34.547180978919,57.2981555085559,843.71251730417,7731991.0,5300.0,68.54638087395601,34.9852345791337,57.7988974732197,845.914540460932,0.0,54.2056908115527,6.741599792821296,4.241993880695689,0
SLE,2020,35.1293857770036,56.7870340876454,845.277558236182,7912558.0,0.0,0.0,34.547180978919,57.2981555085559,843.71251730417,68.54638087395601,77.0544844362047,6.7389963532624275,0.0,0
SLE,2021,33.6443431144422,56.2654614026301,885.396401613729,8094602.0,0.0,0.0,35.1293857770036,56.7870340876454,845.277558236182,0.0,22.848793624652004,6.740847388820249,0.0,0
SLE,2022,33.7568527151259,55.7333656456513,860.371067874555,8276807.0,800.0,9.665563060731028,33.6443431144422,56.2654614026301,885.396401613729,0.0,22.848793624652004,6.787164256433481,2.3670201457224795,0
SLE,2023,29.0526202422585,55.190675008849,758.329137301888,8460512.0,0.0,0.0,33.7568527151259,55.7333656456513,860.371067874555,9.665563060731028,3.2218543535770094,6.758525384726659,0.0,0
SLV,2011,7.33019190703113,33.665586357966,3330.60049486653,6090127.0,60000.0,985.2011296316153,6.98170850697531,34.5672072456838,3040.07300952878,263.66749287974176,263.66749287974176,8.01996569578403,6.893860319228039,1
SLV,2012,6.5143562539307,32.7767333049341,3497.91256915509,6113975.0,0.0,0.0,7.33019190703113,33.665586357966,3330.60049486653,985.2011296316153,624.4343112556785,8.111208096598373,0.0,0
SLV,2013,5.61330655869503,31.9121488042005,3582.26694005169,6138839.0,0.0,0.0,6.5143562539307,32.7767333049341,3497.91256915509,0.0,416.289540837119,8.160207504674844,0.0,0
SLV,2014,5.86687215376832,31.0833335733777,3666.01248913873,6162955.0,0.0,0.0,5.61330655869503,31.9121488042005,3582.26694005169,0.0,328.4003765438718,8.18403021635838,0.0,0
SLV,2015,5.52976674016479,30.3017883300781,3790.34089108162,6183676.0,2000.0,32.343221087262656,5.86687215376832,31.0833335733777,3666.01248913873,0.0,0.0,8.207132573884651,3.506854485951105,0
SLV,2016,5.73215390739613,29.6009826660156,3901.34014965811,6200800.0,478.0,7.708682750612824,5.52976674016479,30.3017883300781,3790.34089108162,32.343221087262656,10.781073695754218,8.24047503262419,2.1643205452841863,0
SLV,2017,5.39300914080881,28.9143295288086,4020.12671373919,6213533.0,390.0,6.276622333863842,5.73215390739613,29.6009826660156,3901.34014965811,7.708682750612824,13.350634612625159,8.269331690540568,1.984666789414878,0
SLV,2018,5.13276852985202,28.2422790527344,4183.54620971358,6219807.0,2108.0,33.89172686547991,5.39300914080881,28.9143295288086,4020.12671373919,6.276622333863842,15.44284205724644,8.299317419392342,3.5522497485419353,0
SLV,2019,5.1464335217926,27.5851058959961,4320.11671534627,6222318.0,1927.0,30.969166153192425,5.13276852985202,28.2422790527344,4183.54620971358,33.89172686547991,15.959010649985524,8.339153544478886,3.4647718805668384,0
SLV,2020,5.35480047301112,26.9429779052734,3997.19279583709,6234673.0,16494.0,264.55276804412995,5.1464335217926,27.5851058959961,4320.11671534627,30.969166153192425,23.712505117512062,8.371269146755814,5.581813570629294,0
SLV,2021,4.81225514872015,26.3161468505859,4642.60743101342,6255782.0,551.0,8.807851680253565,5.35480047301112,26.9429779052734,3997.19279583709,264.55276804412995,109.80455368760077,8.293597736968458,2.283183256756262,0
SLV,2022,4.55875426849797,25.8534978701321,5074.60050994225,6280319.0,4610.0,73.403914673761,4.81225514872015,26.3161468505859,4642.60743101342,8.807851680253565,101.44326195919199,8.443246806732525,4.309508557037652,0
SLV,2023,4.64483845432637,25.3919324850097,5319.7195268688,6309624.0,1700.0,26.942968392411338,4.55875426849797,25.8534978701321,5074.60050994225,73.403914673761,115.58817813271484,8.532200123992109,3.3301655898609925,0
SOM,2011,,60.619681715552,235.325945610434,12348830.0,0.0,0.0,,61.4264919381408,219.202453852397,42.40828148920921,42.40828148920921,5.394547367970344,0.0,0
SOM,2012,,59.7277269912651,350.261946720512,12461160.0,28000.0,224.69818219170608,,60.619681715552,235.325945610434,0.0,21.204140744604604,5.465211977617032,5.419198629700254,0
SOM,2013,,58.7406525749727,393.398703952979,12869594.0,59500.0,462.33004708617847,,59.7277269912651,350.261946720512,224.69818219170608,89.03548789363843,5.861532232085253,6.138439644811716,1
SOM,2014,,57.6484832763672,429.431656725102,13339491.0,36040.0,270.17522632610195,,58.7406525749727,393.398703952979,462.33004708617847,229.00940975929484,5.9773623365998025,5.602765203538644,0
SOM,2015,,56.1381892591521,445.583080073396,13806963.0,59420.0,430.3625641641829,,57.6484832763672,429.431656725102,270.17522632610195,319.0678185346622,6.064788558013358,6.066948952637935,1
SOM,2016,,54.057157270826,460.928490585175,14348740.0,70000.0,487.84771345776704,,56.1381892591521,445.583080073396,430.3625641641829,387.6226125254878,6.101625452601026,6.192051016550472,1
SOM,2017,,51.6360369967735,510.939952317726,14916629.0,892410.0,5982.6519785401915,,54.057157270826,460.928490585175,487.84771345776704,396.1285013160173,6.135410096818554,8.69678635929662,1
SOM,2018,,49.0493784663128,509.497273804534,15452487.0,547140.0,3540.7892593599986,,51.6360369967735,510.939952317726,5982.6519785401915,2300.287418720714,6.238207337532155,8.172387318932973,1
SOM,2019,,48.3578829296775,539.954816211694,16030971.0,476082.0,2969.76396501497,,49.0493784663128,509.497273804534,3540.7892593599986,3337.0963171193193,6.23538529734469,7.996574425997249,1
SOM,2020,,47.713681988246,518.16113333875,16651191.0,1037200.0,6228.98386067399,,48.3578829296775,539.954816211694,2969.76396501497,4164.401734305054,6.2933357563413725,8.73712902119612,1
SOM,2021,,47.0939350266676,549.056994756254,17271431.0,271353.0,1571.1089602245465,,47.713681988246,518.16113333875,6228.98386067399,4246.512361682987,6.252214303841195,7.3601732837070495,1
SOM,2022,,46.4989884113211,573.141165798229,17801897.0,1151161.0,6466.507473894495,,47.0939350266676,549.056994756254,1571.1089602245465,3589.9522619711693,6.310021899687181,8.774546069667478,1
SOM,2023,,45.9285564493118,596.885985135589,18358615.0,2041961.0,11122.630982783832,,46.4989884113211,573.141165798229,6466.507473894495,4755.533431597677,6.352875299529286,9.316827041734921,1
SRB,2011,6.34800451775273,40.5650812212733,7082.2861666075,7236519.0,0.0,0.0,6.11650941889437,40.6494449310662,5970.92660940072,41.14415870892921,41.14415870892921,8.694824869467816,0.0,0
SRB,2012,6.04364014215639,40.6531562805176,6263.04086072815,7201497.0,0.0,0.0,6.34800451775273,40.5650812212733,7082.2861666075,0.0,20.572079354464606,8.8654932268304,0.0,0
SRB,2013,6.29965191728962,40.3888931274414,7040.41812068781,7166553.0,194.0,2.7070196787772307,6.04364014215639,40.6531562805176,6263.04086072815,0.0,13.714719569643071,8.742580760754112,1.3102282326997519,0
SRB,2014,6.11737533592784,40.1220626831055,6886.67809068704,7131787.0,33360.0,467.7649514770983,6.29965191728962,40.3888931274414,7040.41812068781,2.7070196787772307,0.9023398929257436,8.859564866463959,6.150101473260415,1
SRB,2015,5.60595319138529,39.8611907958984,5820.3215576888,7095383.0,0.0,0.0,6.11737533592784,40.1220626831055,6886.67809068704,467.7649514770983,156.82399038529184,8.837489310213929,0.0,0
SRB,2016,5.70664096571472,39.6146129965974,5982.37030126471,7058322.0,39.0,0.5525392579142748,5.60595319138529,39.8611907958984,5820.3215576888,0.0,156.82399038529184,8.669282586716427,0.4398918214070927,0
SRB,2017,5.05778606525606,39.378791809082,6548.03653824187,7020858.0,42.0,0.5982174828204758,5.70664096571472,39.6146129965974,5982.37030126471,0.5525392579142748,156.10583024500417,8.696739283713582,0.4688889349676445,0
SRB,2018,5.20468651078978,39.1566390991211,7559.86165747394,6982604.0,125.0,1.7901630967472881,5.05778606525606,39.378791809082,6548.03653824187,0.5982174828204758,0.3835855802449169,8.787073224411815,1.02610005174021,0
SRB,2019,4.76474851493196,38.9507751464844,7755.632986437,6945235.0,292.0,4.204321380054095,5.20468651078978,39.1566390991211,7559.86165747394,1.7901630967472881,0.980306612494013,8.930740438535166,1.6494893150950847,0
SRB,2020,5.05373769401741,38.776798248291,8098.70955668849,6899126.0,880.0,12.755238851993715,4.76474851493196,38.9507751464844,7755.632986437,4.204321380054095,2.197567319873953,8.956303625517855,2.62141975896541,0
SRB,2021,5.15586469879064,38.636100769043,9680.52798074468,6834326.0,34.0,0.49748870627476655,5.05373769401741,38.776798248291,8098.70955668849,12.755238851993715,6.249907776265033,8.999583482818693,0.40378950925934,0
SRB,2022,5.33794223775032,38.0986186459604,10024.8191112596,6664449.0,1.0,0.015004991410392668,5.15586469879064,38.636100769043,9680.52798074468,0.49748870627476655,5.819016312774192,9.177975017064224,0.014893530127366137,0
SRB,2023,3.78653396097272,37.8565350770262,12281.707946167,6623183.0,404.0,6.099786160219338,5.33794223775032,38.0986186459604,10024.8191112596,0.015004991410392668,4.422577516559625,9.21291895569576,1.9600646653147389,0
SSD,2011,4.67693681681883,82.2182321893211,1448.98435006408,10288109.0,0.0,0.0,5.29379348275505,82.464379800424,1498.27034985194,0.0,0.0,7.312733835311139,0.0,0
SSD,2012,6.17613217428162,81.9678114552336,1109.26050083408,10756240.0,340000.0,3160.955873056012,4.67693681681883,82.2182321893211,1448.98435006408,0.0,0.0,7.279308042297119,8.058946062281784,1
SSD,2013,9.635809346303,81.7131003506367,1650.18943353528,11166275.0,116000.0,1038.842407159057,6.17613217428162,81.9678114552336,1109.26050083408,3160.955873056012,1053.6519576853373,7.012349952208169,6.946824449075519,1
SSD,2014,7.59650844428456,81.4540816280071,1242.73450181032,11235073.0,112500.0,1001.3286072996588,9.635809346303,81.7131003506367,1650.18943353528,1038.842407159057,1399.9327600716897,7.409251176002766,6.91008117927737,1
SSD,2015,10.3550274477245,81.1907380398227,1080.14718624765,11107561.0,15000.0,135.0431476361012,7.59650844428456,81.4540816280071,1242.73450181032,1001.3286072996588,1733.7089625049093,7.125873827539142,4.912972097449252,0
SSD,2016,,80.9230523385623,,10830102.0,0.0,0.0,10.3550274477245,81.1907380398227,1080.14718624765,135.0431476361012,725.0713873649389,6.985777965861507,0.0,0
SSD,2017,,80.6510072767056,,10259154.0,74980.0,730.8594841251042,,80.9230523385623,,0.0,378.79058497858665,,6.595588533956604,1
SSD,2018,,80.3745856067337,,10122977.0,6602.0,65.21796898283974,,80.6510072767056,,730.8594841251042,288.6342105870685,,4.192951860897304,0
SSD,2019,,80.0937700811281,,10423384.0,294990.0,2830.0789839460967,,80.3745856067337,,65.21796898283974,265.3591510359813,,7.948413184385762,1
SSD,2020,,79.8085434523714,,10698467.0,442600.0,4137.041316293259,,80.0937700811281,,2830.0789839460967,1208.718812351347,,8.327977842860104,1
SSD,2021,,79.5188884729468,,10865780.0,506000.0,4656.821691585878,,79.8085434523714,,4137.041316293259,2344.1127564073986,,8.446303169674206,1
SSD,2022,,79.2247878953384,,11021177.0,595640.0,5404.504437230252,,79.5188884729468,,4656.821691585878,3874.6473306084117,,8.59517305360572,1
SSD,2023,,78.9262244720308,,11483374.0,167556.0,1459.1181999297419,,79.2247878953384,,5404.504437230252,4732.789148369797,,7.286272670281378,1
STP,2011,12.3319074378557,33.2724022389298,1219.80189089671,185649.0,0.0,0.0,11.6318930270323,33.9427799271709,1045.20958234528,0.0,0.0,6.952928990085237,0.0,0
STP,2012,12.8657292793474,32.9664110551868,1210.7926479817,189439.0,0.0,0.0,12.3319074378557,33.2724022389298,1219.80189089671,0.0,0.0,7.107263209428657,0.0,0
STP,2013,13.4069603438231,32.8693313598633,1382.5757842916,193148.0,0.0,0.0,12.8657292793474,32.9664110551868,1210.7926479817,0.0,0.0,7.0998560694696256,0.0,0
STP,2014,13.2795768636645,32.7393264770508,1489.67633417608,196767.0,0.0,0.0,13.4069603438231,32.8693313598633,1382.5757842916,0.0,0.0,7.232426574952351,0.0,0
STP,2015,14.1348690685509,32.6084289550781,1298.10946596396,200291.0,0.0,0.0,13.2795768636645,32.7393264770508,1489.67633417608,0.0,0.0,7.3069852115054195,0.0,0
STP,2016,13.0514022257346,32.4781112670898,1434.87018050521,203689.0,0.0,0.0,14.1348690685509,32.6084289550781,1298.10946596396,0.0,0.0,7.169434282530417,0.0,0
STP,2017,12.7475187137291,32.3479995727539,1555.79477812888,206970.0,0.0,0.0,13.0514022257346,32.4781112670898,1434.87018050521,0.0,0.0,7.269526341973618,0.0,0
STP,2018,11.8181222110283,32.2171173095703,1825.59971753966,210187.0,0.0,0.0,12.7475187137291,32.3479995727539,1555.79477812888,0.0,0.0,7.350384357192354,0.0,0
STP,2019,11.9296548194696,32.0870056152344,1935.2931816596,213392.0,0.0,0.0,11.8181222110283,32.2171173095703,1825.59971753966,0.0,0.0,7.51021143962035,0.0,0
STP,2020,14.1470498019151,31.9563293457031,2167.22001796925,217435.0,0.0,0.0,11.9296548194696,32.0870056152344,1935.2931816596,0.0,0.0,7.568530693178771,0.0,0
STP,2021,15.2661766239364,31.8261032104492,2362.58827248102,221961.0,500.0,225.26479877095525,14.1470498019151,31.9563293457031,2167.22001796925,0.0,0.0,7.681661841713513,5.421705989373364,0
STP,2022,13.9317577053548,31.6279080201659,2389.73729784737,226305.0,240.0,106.05156757473321,15.2661766239364,31.8261032104492,2362.58827248102,225.26479877095525,75.08826625698508,7.767936197740231,4.673310658316925,0
STP,2023,13.4511863976653,31.3956078896432,2990.6606143535,230871.0,0.0,0.0,13.9317577053548,31.6279080201659,2389.73729784737,106.05156757473321,110.43878878189616,7.779357090174597,0.0,0
SUR,2011,8.73235538333795,33.6324772657693,7949.88867218383,556269.0,0.0,0.0,9.47219211206537,33.5661556308033,7943.60482816915,0.0,0.0,8.980248339303254,0.0,0
SUR,2012,8.38505537300718,33.6867437306624,8851.24050668908,562633.0,0.0,0.0,8.73235538333795,33.6324772657693,7949.88867218383,0.0,0.0,8.981038984065794,0.0,0
SUR,2013,8.48595489076026,33.7316424865491,9043.19281529222,569020.0,300.0,52.72222417489719,8.38505537300718,33.6867437306624,8851.24050668908,0.0,0.0,9.088425870558861,3.9838267739047497,0
SUR,2014,9.38475771944027,33.7750733821963,9108.18905406764,575373.0,0.0,0.0,8.48595489076026,33.7316424865491,9043.19281529222,52.72222417489719,17.57407472496573,9.109878152862352,0.0,0
SUR,2015,10.4081572411936,33.8171184925282,8813.61705392067,581627.0,0.0,0.0,9.38475771944027,33.7750733821963,9108.18905406764,0.0,17.57407472496573,9.11703896917513,0.0,0
SUR,2016,10.7661271900991,33.8573533019531,5644.2061057532,587757.0,0.0,0.0,10.4081572411936,33.8171184925282,8813.61705392067,0.0,17.57407472496573,9.084166651338194,0.0,0
SUR,2017,10.9177598208742,33.8953532948793,6049.52128553675,593713.0,6000.0,1010.5892914590046,10.7661271900991,33.8573533019531,5644.2061057532,0.0,0.0,8.638561987122417,6.919277928993443,1
SUR,2018,10.0324669859288,33.9306939557154,6665.74180472239,599513.0,0.0,0.0,10.9177598208742,33.8953532948793,6049.52128553675,1010.5892914590046,336.86309715300155,8.707899710211715,0.0,0
SUR,2019,8.59607814021171,33.9629507688695,6629.66775248603,605768.0,0.0,0.0,10.0324669859288,33.9306939557154,6665.74180472239,0.0,336.86309715300155,8.804886534512862,0.0,0
SUR,2020,8.1360284150591,33.99169921875,4755.39221710693,612317.0,0.0,0.0,8.59607814021171,33.9629507688695,6629.66775248603,0.0,336.86309715300155,8.7994607949237,0.0,0
SUR,2021,9.67766403232661,34.0146026611328,5029.84838543953,617896.0,6500.0,1051.9569636314202,8.1360284150591,33.99169921875,4755.39221710693,0.0,0.0,8.46724472226298,6.9593576410532,1
SUR,2022,7.29566179490095,34.1014556884766,6084.43876736445,623164.0,1500.0,240.7071011804276,9.67766403232661,34.0146026611328,5029.84838543953,1051.9569636314202,350.6523212104734,8.523343913968748,5.487726667420289,0
SUR,2023,7.16164240040182,34.2437591552734,5521.97602122638,628886.0,0.0,0.0,7.29566179490095,34.1014556884766,6084.43876736445,240.7071011804276,430.88802160394926,8.713654109209013,0.0,0
SVK,2011,1.79373080653758,45.5832612011466,18469.4354316836,5398384.0,0.0,0.0,1.4985946805378,45.4349259295669,16899.448680529,0.0,0.0,9.73509544970247,0.0,0
SVK,2012,1.79463304702131,45.7235471683818,17516.9691054078,5407579.0,0.0,0.0,1.79373080653758,45.5832612011466,18469.4354316836,0.0,0.0,9.823926647993016,0.0,0
SVK,2013,2.07432555568651,45.8615975901108,18312.7805149823,5413393.0,0.0,0.0,1.79463304702131,45.7235471683818,17516.9691054078,0.0,0.0,9.77098243913019,0.0,0
SVK,2014,2.6149279736894,45.9970874500107,18770.9289896545,5418649.0,0.0,0.0,2.07432555568651,45.8615975901108,18312.7805149823,0.0,0.0,9.815409089047554,0.0,0
SVK,2015,2.04596984034113,46.1299371998378,16442.0760860018,5423801.0,0.0,0.0,2.6149279736894,45.9970874500107,18770.9289896545,0.0,0.0,9.84011789412719,0.0,0
SVK,2016,2.06264218897129,46.2600672913483,16636.0769133073,5430798.0,0.0,0.0,2.04596984034113,46.1299371998378,16442.0760860018,0.0,0.0,9.70765976096143,0.0,0
SVK,2017,1.84814166887456,46.3873981762984,17645.5298716761,5439232.0,0.0,0.0,2.06264218897129,46.2600672913483,16636.0769133073,0.0,0.0,9.719389032676483,0.0,0
SVK,2018,2.00932916157168,46.5118503064441,19573.3717031314,5446771.0,270.0,4.957065387915152,1.84814166887456,46.3873981762984,17645.5298716761,0.0,0.0,9.77829443519454,1.784577975238171,0
SVK,2019,1.6170097133415,46.6333441335417,19406.0589683582,5454147.0,0.0,0.0,2.00932916157168,46.5118503064441,19573.3717031314,4.957065387915152,1.6523551293050505,9.881976423441277,0.0,0
SVK,2020,1.72917824309886,46.7518001093474,19735.4858280801,5458827.0,60.0,1.0991372322295614,1.6170097133415,46.6333441335417,19406.0589683582,0.0,1.6523551293050505,9.873392143217202,0.7415264185153173,0
SVK,2021,1.87136287988656,46.8098520129395,22123.3342114545,5447247.0,0.0,0.0,1.72917824309886,46.7518001093474,19735.4858280801,1.0991372322295614,2.0187342067149046,9.890224274245904,0.0,0
SVK,2022,1.930396226685,46.8097168927472,21317.7943982363,5431752.0,0.0,0.0,1.87136287988656,46.8098520129395,22123.3342114545,0.0,0.3663790774098538,10.004433377285704,0.0,0
SVK,2023,2.12570153523878,46.809194980354,24614.8734642794,5426740.0,42.0,0.7739453152352977,1.930396226685,46.8097168927472,21317.7943982363,0.0,0.3663790774098538,9.96734432875576,0.5732060577275415,0
SVN,2011,2.04087230966772,50.0536181251277,24940.6284841605,2052843.0,0.0,0.0,1.81942536718625,49.8805137205174,23329.8417691156,0.0,0.0,10.057531445338238,0.0,0
SVN,2012,1.82601354087255,50.2380523681641,22442.1417859955,2057159.0,0.0,0.0,2.04087230966772,50.0536181251277,24940.6284841605,0.0,0.0,10.124293513179337,0.0,0
SVN,2013,1.8307708216806,49.9533419245973,23236.9655321695,2059953.0,0.0,0.0,1.82601354087255,50.2380523681641,22442.1417859955,0.0,0.0,10.018740358124957,0.0,0
SVN,2014,1.82135489758977,49.016529083252,24013.0682060959,2061980.0,0.0,0.0,1.8307708216806,49.9533419245973,23236.9655321695,0.0,0.0,10.053542665488823,0.0,0
SVN,2015,1.97361186480213,46.3387839705856,20697.2748530619,2063531.0,0.0,0.0,1.82135489758977,49.016529083252,24013.0682060959,0.0,0.0,10.086395112850472,0.0,0
SVN,2016,1.85129615497703,46.352725982666,21447.8377796036,2065042.0,0.0,0.0,1.97361186480213,46.3387839705856,20697.2748530619,0.0,0.0,9.937805635348662,0.0,0
SVN,2017,1.69303673263207,44.7548866271973,23303.077705959,2066388.0,0.0,0.0,1.85129615497703,46.352725982666,21447.8377796036,0.0,0.0,9.973425740119161,0.0,0
SVN,2018,1.99134296260198,44.8086569044325,25888.0481065655,2073894.0,336.0,16.20140662926842,1.69303673263207,44.7548866271973,23303.077705959,0.0,0.0,10.056383633080973,2.8449911612469623,0
SVN,2019,1.77040651705792,44.5476722717285,25814.1687167572,2088385.0,0.0,0.0,1.99134296260198,44.8086569044325,25888.0481065655,16.20140662926842,5.400468876422806,10.161575305231718,0.0,0
SVN,2020,1.89729714128329,44.615608215332,25392.0651093612,2102419.0,0.0,0.0,1.77040651705792,44.5476722717285,25814.1687167572,0.0,5.400468876422806,10.158717532901813,0.0,0
SVN,2021,1.51147755118796,44.6953710570412,29192.8401933019,2108079.0,0.0,0.0,1.89729714128329,44.615608215332,25392.0651093612,0.0,5.400468876422806,10.142231388537414,0.0,0
SVN,2022,1.62480238565618,44.6622182126437,28360.3041467268,2112076.0,500.0,23.673390540870688,1.51147755118796,44.6953710570412,29192.8401933019,0.0,0.0,10.28171301371863,3.2057253568850514,0
SVN,2023,1.53197014432848,44.4621072210125,32660.4753581346,2120461.0,8147.0,384.2089055163005,1.62480238565618,44.6622182126437,28360.3041467268,23.673390540870688,7.891130180290229,10.252780965016369,5.953785798857921,1
SWE,2011,1.41167566441203,14.6399251119476,60379.4814599322,9449213.0,0.0,0.0,1.36161648243538,14.8665771484375,52542.5759090299,0.0,0.0,10.869398121620687,0.0,0
SWE,2012,1.252545647128,14.3749331116878,57749.5615420853,9519374.0,0.0,0.0,1.41167566441203,14.6399251119476,60379.4814599322,0.0,0.0,11.008421177060312,0.0,0
SWE,2013,1.23062537056738,14.0750228740106,60843.9888799369,9600379.0,0.0,0.0,1.252545647128,14.3749331116878,57749.5615420853,0.0,0.0,10.963888352009239,0.0,0
SWE,2014,1.25159385276156,13.7436161252686,59583.4584491714,9696110.0,1000.0,10.313414348640848,1.23062537056738,14.0750228740106,60843.9888799369,0.0,0.0,11.016084743010376,2.425989132158958,0
SWE,2015,1.30311590626755,13.3841345918142,51188.1652120493,9799186.0,100.0,1.0204929266573775,1.25159385276156,13.7436161252686,59583.4584491714,10.313414348640848,3.4378047828802827,10.995150054772878,0.7033415047420316,0
SWE,2016,1.2811871059035,13.0,51703.5088332851,9923085.0,0.0,0.0,1.30311590626755,13.3841345918142,51188.1652120493,1.0204929266573775,3.777969091766075,10.84328317168141,0.0,0
SWE,2017,1.32101626320131,12.762626213089,53210.2233318965,10057698.0,0.0,0.0,1.2811871059035,13.0,51703.5088332851,0.0,3.777969091766075,10.853300268169354,0.0,0
SWE,2018,1.25008450476649,12.5262569074704,54018.4554391861,10175214.0,126.0,1.2383031944094738,1.32101626320131,12.762626213089,53210.2233318965,0.0,0.34016430888579247,10.882024617965046,0.8057180763211924,0
SWE,2019,1.25718377928626,12.2911579757241,51648.9892820514,10278887.0,47.0,0.45724794912133976,1.25008450476649,12.5262569074704,54018.4554391861,1.2383031944094738,0.4127677314698246,10.897099546569882,0.3765496905802671,0
SWE,2020,1.19622450679304,12.0575953104301,52568.5726980146,10353442.0,0.0,0.0,1.25718377928626,12.2911579757241,51648.9892820514,0.45724794912133976,0.5651837145102712,10.852245267036658,0.0,0
SWE,2021,1.15942751247748,11.8258348041685,60647.5416365347,10415811.0,0.0,0.0,1.19622450679304,12.0575953104301,52568.5726980146,0.0,0.5651837145102712,10.869892765532686,0.0,0
SWE,2022,1.23876992958721,11.5961423495191,54836.8907235124,10486941.0,0.0,0.0,1.15942751247748,11.8258348041685,60647.5416365347,0.0,0.1524159830404466,11.012850868518953,0.0,0
SWE,2023,1.28228230721285,11.368783839062,54950.2834725622,10536632.0,0.0,0.0,1.23876992958721,11.5961423495191,54836.8907235124,0.0,0.0,10.912136670564426,0.0,0
SWZ,2011,7.97421442671441,77.5365246334607,4225.06049411911,1117833.0,0.0,0.0,8.30965206310733,77.6669207932529,3922.74039390733,0.0,0.0,8.274800659961342,0.0,0
SWZ,2012,8.44107107954548,77.3762284073935,4224.54789174487,1123863.0,0.0,0.0,7.97421442671441,77.5365246334607,4225.06049411911,0.0,0.0,8.349025512820141,0.0,0
SWZ,2013,8.37545690425617,77.1878355643008,3949.94310039907,1129990.0,0.0,0.0,8.44107107954548,77.3762284073935,4224.54789174487,0.0,0.0,8.348904209903237,0.0,0
SWZ,2014,8.20388205629893,76.973149553432,3771.07228381938,1136299.0,0.0,0.0,8.37545690425617,77.1878355643008,3949.94310039907,0.0,0.0,8.281709588991333,0.0,0
SWZ,2015,7.37857520050359,76.7339738240368,3419.82276559528,1142813.0,0.0,0.0,8.20388205629893,76.973149553432,3771.07228381938,0.0,0.0,8.23537980683044,0.0,0
SWZ,2016,5.37686940648276,76.4721118253644,3238.17611961364,1149507.0,0.0,0.0,7.37857520050359,76.7339738240368,3419.82276559528,0.0,0.0,8.137636375858651,0.0,0
SWZ,2017,8.11477800092546,76.1947995036839,3853.09956569679,1158195.0,0.0,0.0,5.37686940648276,76.4721118253644,3238.17611961364,0.0,0.0,8.083074292380836,0.0,0
SWZ,2018,7.38537092360196,75.9420704595773,3972.65450620357,1168929.0,111.0,9.495871862191802,8.11477800092546,76.1947995036839,3853.09956569679,0.0,0.0,8.256892683019641,2.3509820238756687,0
SWZ,2019,7.42401138221192,75.6540450482249,3913.14577547336,1179874.0,0.0,0.0,7.38537092360196,75.9420704595773,3972.65450620357,9.495871862191802,3.1652906207306004,8.287441480782707,0.0,0
SWZ,2020,7.62881465189563,75.3347201077808,3466.56936278145,1192729.0,0.0,0.0,7.42401138221192,75.6540450482249,3913.14577547336,0.0,3.1652906207306004,8.272352391890296,0.0,0
SWZ,2021,7.17040128400091,74.9843819474827,3984.00229174306,1206593.0,100.0,8.287798785505966,7.62881465189563,75.3347201077808,3466.56936278145,0.0,3.1652906207306004,8.151209155674985,2.228701580240378,0
SWZ,2022,7.57116956723157,74.603317081458,3894.1620089869,1218917.0,360.0,29.534414566373265,7.17040128400091,74.9843819474827,3984.00229174306,8.287798785505966,2.7625995951686555,8.290293166316511,3.4188543939474436,0
SWZ,2023,6.63100879033993,74.1918121499245,3755.52111232464,1230506.0,0.0,0.0,7.57116956723157,74.603317081458,3894.1620089869,29.534414566373265,12.60740445062641,8.267490551531468,0.0,0
SYC,2011,2.19346218388635,57.3260155139134,12110.0937461973,87441.0,0.0,0.0,2.23545934618328,57.339692755417,10934.79494629,0.0,0.0,9.29979662788875,0.0,0
SYC,2012,1.99985279931942,57.2738241536831,12337.1554669388,88303.0,0.0,0.0,2.19346218388635,57.3260155139134,12110.0937461973,0.0,0.0,9.40187715007381,0.0,0
SYC,2013,2.71276034719474,57.184930365819,14821.2921476077,89949.0,1100.0,1222.9152075064758,1.99985279931942,57.2738241536831,12337.1554669388,0.0,0.0,9.42045181034985,7.109810185759644,1
SYC,2014,2.33075493440682,57.0613743813658,15188.1902175113,91359.0,7.0,7.662080364277193,2.71276034719474,57.184930365819,14821.2921476077,1222.9152075064758,407.6384025021586,9.60388755272103,2.1589549205463476,0
SYC,2015,2.05307446564115,56.905196431368,15333.1051727105,93419.0,0.0,0.0,2.33075493440682,57.0613743813658,15188.1902175113,7.662080364277193,410.192429290251,9.628339283932522,0.0,0
SYC,2016,1.9149122831203,56.7184367468704,16566.9946042294,94677.0,20.0,21.12445472501241,2.05307446564115,56.905196431368,15333.1051727105,0.0,410.192429290251,9.637834722886925,3.096683545393116,0
SYC,2017,2.13180786598013,56.5031355589176,17480.3651911372,95843.0,0.0,0.0,1.9149122831203,56.7184367468704,16566.9946042294,21.12445472501241,9.595511696429867,9.71522807740114,0.0,0
SYC,2018,2.0783484846252,56.2613330985541,18440.2340460932,96762.0,0.0,0.0,2.13180786598013,56.5031355589176,17480.3651911372,0.0,7.041484908337469,9.76889074633934,0.0,0
SYC,2019,2.12955445087691,55.9950695968246,19141.5118743615,97625.0,0.0,0.0,2.0783484846252,56.2613330985541,18440.2340460932,0.0,7.041484908337469,9.822344417110719,0.0,0
SYC,2020,1.96124535557297,55.7063852847737,14041.4754074575,98462.0,0.0,0.0,2.12955445087691,55.9950695968246,19141.5118743615,0.0,0.0,9.859666893301126,0.0,0
SYC,2021,2.44466263831241,55.3973203934461,14982.9111487767,99258.0,0.0,0.0,1.96124535557297,55.7063852847737,14041.4754074575,0.0,0.0,9.549841973111302,0.0,0
SYC,2022,2.45808085762332,55.0891790018843,16682.6990711785,119878.0,0.0,0.0,2.44466263831241,55.3973203934461,14982.9111487767,0.0,0.0,9.614732314366401,0.0,0
SYC,2023,2.51465392069906,54.9028918678342,18130.5297135548,119773.0,0.0,0.0,2.45808085762332,55.0891790018843,16682.6990711785,0.0,0.0,9.722187418183328,0.0,0
SYR,2011,20.6469030981773,41.5182295816479,2952.14372909443,22878098.0,0.0,0.0,19.4389724414256,44.3037997110881,2730.61487784917,0.0,0.0,7.9126482436415735,0.0,0
SYR,2012,23.432298282026,34.9103337169665,1897.66115018696,22759763.0,0.0,0.0,20.6469030981773,41.5182295816479,2952.14372909443,0.0,0.0,7.9906255527892105,0.0,0
SYR,2013,25.1049303727798,26.9379508113863,985.892669221634,21666917.0,0.0,0.0,23.432298282026,34.9103337169665,1897.66115018696,0.0,0.0,7.548904258970198,0.0,0
SYR,2014,26.8601256182656,24.0,1060.59105887433,20273659.0,2300.0,11.344770078257705,25.1049303727798,26.9379508113863,985.892669221634,0.0,0.0,6.894561289064077,2.5132324979382177,0
SYR,2015,33.1304655969871,24.2470932811458,847.731545352582,19424618.0,0.0,0.0,26.8601256182656,24.0,1060.59105887433,11.344770078257705,3.7815900260859014,6.967524060671235,0.0,0
SYR,2016,34.1668749627531,24.84599036602,656.349017520952,19193834.0,0.0,0.0,33.1304655969871,24.2470932811458,847.731545352582,0.0,3.7815900260859014,6.7437429353111344,0.0,0
SYR,2017,40.6356090849324,25.4604403676608,851.501972646386,19224668.0,2300.0,11.96379568167315,34.1668749627531,24.84599036602,656.349017520952,0.0,3.7815900260859014,6.48821510653581,2.562160524716439,0
SYR,2018,39.0098877578608,25.9387397618225,1098.06667935023,19577845.0,26611.0,135.9240508850693,40.6356090849324,25.4604403676608,851.501972646386,11.96379568167315,3.9879318938910497,6.748175523109699,4.919426399004858,0
SYR,2019,40.7410419328786,26.1751211738014,1109.53933821464,20353534.0,16800.0,82.54094841711517,39.0098877578608,25.9387397618225,1098.06667935023,135.9240508850693,49.295948855580825,7.0022166253112665,4.4253369118549,0
SYR,2020,32.652890568598,26.5874968897488,593.911771822527,21049429.0,25000.0,118.76806729531712,40.7410419328786,26.1751211738014,1109.53933821464,82.54094841711517,76.80959832795254,7.01260106658338,4.785557100027989,0
SYR,2021,38.6743054965317,26.9874992370605,688.566109726934,21628839.0,87200.0,403.1654218703094,32.652890568598,26.5874968897488,593.911771822527,118.76806729531712,112.41102219916719,6.388413111899456,6.001824254230272,1
SYR,2022,42.8517272820162,27.3875007629395,1056.78264718197,22462173.0,20580.0,91.62069938647521,38.6743054965317,26.9874992370605,688.566109726934,403.1654218703094,201.4914791942472,6.536062573314305,4.528512652162892,0
SYR,2023,,27.8326196856796,,23594623.0,24230.0,102.69288896881295,42.8517272820162,27.3875007629395,1056.78264718197,91.62069938647521,204.51806285070055,6.963930153866929,4.641433539777324,0
TCD,2011,27.1563338879622,78.0441263202362,1308.1421872538,12754997.0,0.0,0.0,33.2509512944262,78.1527621808905,1141.80069268412,568.5244556885948,568.5244556885948,7.0412372764853455,0.0,0
TCD,2012,27.0843972280265,77.8938095851822,1354.34344701937,13210998.0,500000.0,3784.725423469143,27.1563338879622,78.0441263202362,1308.1421872538,0.0,284.2622278442974,7.1771273828174404,8.238992804963125,1
TCD,2013,31.7128603274934,77.7024070147609,1304.88742971475,13691079.0,89000.0,650.0583336054083,27.0843972280265,77.8938095851822,1354.34344701937,3784.725423469143,1451.0832930525794,7.211810167631571,6.478599244346879,1
TCD,2014,31.1688076695246,77.4705486513991,1278.78981422494,14188678.0,9900.0,69.77394229398962,31.7128603274934,77.7024070147609,1304.88742971475,650.0583336054083,1478.2612523581838,7.174638111416001,4.259490886258805,0
TCD,2015,33.6210255108379,77.1988741171026,993.990730610869,14647621.0,0.0,0.0,31.1688076695246,77.4705486513991,1278.78981422494,69.77394229398962,1501.519233122847,7.154451135793347,0.0,0
TCD,2016,39.3716151096934,76.8880265292821,861.831767630746,15114655.0,5600.0,37.05013445559955,33.6210255108379,77.1988741171026,993.990730610869,0.0,239.94409196646583,6.902733421146223,3.638904617957156,0
TCD,2017,38.4300853118306,76.538650528895,854.46120040098,15622759.0,0.0,0.0,39.3716151096934,76.8880265292821,861.831767630746,37.05013445559955,35.60802558319624,6.760219733066149,0.0,0
TCD,2018,37.6181441617191,76.1513915075025,948.656629871231,16156531.0,2000.0,12.378894949664627,38.4300853118306,76.538650528895,854.46120040098,0.0,12.35004481853303,6.751640739178083,2.5936784615782007,0
TCD,2019,37.5903652533914,75.7268952613367,893.336441643325,16685223.0,31170.0,186.8120072473709,37.6181441617191,76.1513915075025,948.656629871231,12.378894949664627,16.476343135087905,6.856100477017787,5.235441501084798,0
TCD,2020,40.687470063118,75.2658078204584,866.947814890409,17224679.0,71780.0,416.72764990279353,37.5903652533914,75.7268952613367,893.336441643325,186.8120072473709,66.3969673990117,6.796082037312405,6.03482966491391,1
TCD,2021,37.4420946884713,74.7687753576925,946.358500208374,17828273.0,24141.0,135.4085165736468,40.687470063118,75.2658078204584,866.947814890409,416.72764990279353,205.3061840332762,6.766131591759006,4.915654181683394,0
TCD,2022,35.2279823985979,74.2364441370306,966.036468278568,18455316.0,158000.0,856.1218892160936,37.4420946884713,74.7687753576925,946.358500208374,135.4085165736468,246.31605790793694,6.853677585654758,6.753580136274441,1
TCD,2023,35.191694250722,73.6694604828954,949.991054236266,19319064.0,15450.0,79.97281855891154,35.2279823985979,74.2364441370306,966.036468278568,856.1218892160936,469.4193518975112,6.874236207543186,4.394113525008333,0
TGO,2011,19.8649717432319,62.0127694351268,834.14671980279,6500582.0,0.0,0.0,21.077801220787,62.4454117024362,750.323421086121,790.4153601100763,790.4153601100763,6.62183621296897,0.0,0
TGO,2012,20.975947911624,61.5805640401796,813.611525037432,6653718.0,0.0,0.0,19.8649717432319,62.0127694351268,834.14671980279,0.0,395.20768005503817,6.7276074217539215,0.0,0
TGO,2013,19.1395466909651,61.1483232115897,885.698522723929,6798848.0,120.0,1.7650048949469086,20.975947911624,61.5805640401796,813.611525037432,0.0,263.47178670335876,6.702711343208302,1.0170424052971103,0
TGO,2014,19.3388381580273,60.7160493541632,921.539748631461,6937644.0,0.0,0.0,19.1395466909651,61.1483232115897,885.698522723929,1.7650048949469086,0.5883349649823029,6.787505040346375,0.0,0
TGO,2015,18.9218601496344,60.2837448727066,813.894676975085,7071502.0,5000.0,70.70633650389973,19.3388381580273,60.7160493541632,921.539748631461,0.0,0.5883349649823029,6.827130462933806,4.272579118929442,0
TGO,2016,20.385078914717,59.8514121720261,843.114204338675,7200884.0,0.0,0.0,18.9218601496344,60.2837448727066,813.894676975085,70.70633650389973,24.157113799615548,6.703058874184438,0.0,0
TGO,2017,20.3155597844213,59.4190536569281,872.076408845752,7324386.0,50.0,0.6826510781927659,20.385078914717,59.8514121720261,843.114204338675,0.0,23.568778834633246,6.738287798639434,0.5203705723793751,0
TGO,2018,19.6494784155019,58.986671732219,942.480774393154,7458206.0,0.0,0.0,20.3155597844213,59.4190536569281,872.076408845752,0.6826510781927659,23.796329194030832,6.772023076460594,0.0,0
TGO,2019,19.5287220037284,58.554268802705,917.718016777619,7619925.0,0.0,0.0,19.6494784155019,58.986671732219,942.480774393154,0.0,0.22755035939758864,6.849575987699195,0.0,0
TGO,2020,19.1736551821772,58.1218472731925,961.219781201934,7788054.0,0.0,0.0,19.5287220037284,58.554268802705,917.718016777619,0.0,0.22755035939758864,6.822979238250487,0.0,0
TGO,2021,20.550806619999,57.6894095484878,1076.29520076949,7936176.0,0.0,0.0,19.1736551821772,58.1218472731925,961.219781201934,0.0,0.0,6.869242887359931,0.0,0
TGO,2022,21.2198485197121,57.2667672024373,1071.61539220759,8068616.0,16000.0,198.2991878656761,20.550806619999,57.6894095484878,1076.29520076949,0.0,0.0,6.982208735021097,5.294807152276558,0
TGO,2023,20.7728226848382,56.7503146967564,1182.32951436696,8223850.0,0.0,0.0,21.2198485197121,57.2667672024373,1071.61539220759,198.2991878656761,66.09972928855869,6.977855236816538,0.0,0
THA,2011,11.5917917775207,55.1951276442626,5373.6232832898,69007208.0,1645000.0,2383.8089493491752,10.5221756369849,55.9981263377504,4973.86288823778,1458.1628224561216,1458.1628224561216,8.512153089059694,7.776874295019172,1
THA,2012,11.5041001535767,54.626434186285,5725.52802835463,69436098.0,3400.0,4.896588515097724,11.5917917775207,55.1951276442626,5373.6232832898,2383.8089493491752,1920.9858859026485,8.589443763709863,1.7743739658992588,0
THA,2013,11.3222153379773,54.1678656152227,6018.08244729255,69845114.0,13228.0,18.939048478036703,11.5041001535767,54.626434186285,5725.52802835463,4.896588515097724,1282.2894534401316,8.652864697325859,2.99268004413916,0
THA,2014,10.0889216151042,53.6861200532103,5801.1978916205,70216367.0,27173.0,38.69895461837266,11.3222153379773,54.1678656152227,6018.08244729255,18.939048478036703,802.5481954474367,8.702690109292892,3.6813248553155353,0
THA,2015,8.87272364786793,53.0478956223829,5688.85335397884,70540795.0,240.0,0.340228657757543,10.0889216151042,53.6861200532103,5801.1978916205,38.69895461837266,20.844863870502515,8.665992071583414,0.2928402395230206,0
THA,2016,8.47807696285562,52.1198904448753,5833.57715617098,70859841.0,90307.0,127.44454224784388,8.87272364786793,53.0478956223829,5688.85335397884,0.340228657757543,19.32607725138912,8.64643975420106,4.855497233340965,0
THA,2017,8.40641258665047,50.7688026428223,6413.09182530343,71160187.0,50180.0,70.51695915301629,8.47807696285562,52.1198904448753,5833.57715617098,127.44454224784388,55.49457517465819,8.671557075286067,4.269934612525912,0
THA,2018,8.20181926195524,45.4156265258789,7099.77650081458,71376079.0,4658.0,6.525995915242136,8.40641258665047,50.7688026428223,6413.09182530343,70.51695915301629,66.10057668620605,8.766252696537187,2.0183631494182595,0
THA,2019,8.1285680400948,44.0733833312988,7605.69657797759,71522271.0,61910.0,86.56045052037008,8.20181926195524,45.4156265258789,7099.77650081458,6.525995915242136,68.16249910536759,8.86795942336126,4.472329417917465,0
THA,2020,8.70610471503835,42.7641220092773,6983.03412836245,71641484.0,13537.0,18.89547681619772,8.1285680400948,44.0733833312988,7605.69657797759,86.56045052037008,54.534468529542984,8.93678426698969,2.990492410226415,0
THA,2021,8.69539558179486,41.4912223815918,7055.18760721422,71727332.0,9436.0,13.155375694163558,8.70610471503835,42.7641220092773,6983.03412836245,18.89547681619772,37.32730775060347,8.851381984157333,2.650094459657322,0
THA,2022,8.71589001488812,40.257625579834,6910.00995211206,71735329.0,22105.0,30.81466316269352,8.69539558179486,41.4912223815918,7055.18760721422,13.155375694163558,39.53710101024394,8.861660185657176,3.459927289254625,0
THA,2023,8.55515003809495,39.0658073425293,7210.54130832685,71702435.0,2741.0,3.8227432583007817,8.71589001488812,40.257625579834,6910.00995211206,30.81466316269352,20.95517189101842,8.840871064129724,1.573342906889655,0
TJK,2011,23.8355098416752,73.5207786560059,833.601978202852,7824785.0,0.0,0.0,19.5866775137511,73.4725687036022,737.338883219356,11.434708273148653,11.434708273148653,6.604402910558527,0.0,0
TJK,2012,23.3268165616333,73.5897750854492,952.452819695469,8014084.0,390.0,4.8664326453279,23.8355098416752,73.5207786560059,833.601978202852,0.0,5.717354136574326,6.7269549383953,1.769246722579443,0
TJK,2013,21.32088784652,73.5116844177246,1028.19704279396,8216724.0,0.0,0.0,23.3268165616333,73.5897750854492,952.452819695469,4.8664326453279,5.433713639492184,6.860089942636868,0.0,0
TJK,2014,23.7737836738595,73.4366264343262,1081.54402932039,8425552.0,457.0,5.423976969105407,21.32088784652,73.5116844177246,1028.19704279396,0.0,1.6221442151093,6.936534207097942,1.8600373915050026,0
TJK,2015,21.5905747207608,73.521167755127,956.916310930656,8643840.0,10000.0,115.68932326373465,23.7737836738595,73.4366264343262,1081.54402932039,5.423976969105407,3.430136538144436,6.987069132786572,4.759515046364526,0
TJK,2016,20.8569765086156,73.6281490325928,788.710481734485,8865631.0,2400.0,27.07083116813682,21.5905747207608,73.521167755127,956.916310930656,115.68932326373465,40.371100077613356,6.864760416044956,3.3347310004853474,0
TJK,2017,20.2832963188861,73.7268486022949,829.45714764957,9085946.0,4670.0,51.398060257016716,20.8569765086156,73.6281490325928,788.710481734485,27.07083116813682,49.39471046699229,6.671666399474186,3.9588695726459493,0
TJK,2018,19.7719647842925,73.7661247253418,834.288404578801,9307333.0,5400.0,58.01876864188699,20.2832963188861,73.7268486022949,829.45714764957,51.398060257016716,64.71940489629607,6.721976329467532,4.077855505892998,0
TJK,2019,20.8670733588001,73.8699264526367,871.022372934846,9529966.0,4800.0,50.36744097513045,19.7719647842925,73.7661247253418,834.288404578801,58.01876864188699,45.49588668901351,6.727777059920987,3.939004527687055,0
TJK,2020,22.6904308448361,73.8074557671281,834.311715460625,9749310.0,1500.0,15.385704219067811,20.8670733588001,73.8699264526367,871.022372934846,50.36744097513045,53.26142329134472,6.770815080615217,2.7964092607247637,0
TJK,2021,22.4490805460825,73.8008474848625,896.748053372182,9966908.0,780.0,7.8258974598742155,22.6904308448361,73.8074557671281,834.311715460625,15.385704219067811,41.25730461202842,6.727804967116186,2.17769029281864,0
TJK,2022,22.9348537040845,73.8042873384382,1052.17949484894,10182222.0,254.0,2.4945439217491034,22.4490805460825,73.8008474848625,896.748053372182,7.8258974598742155,24.52634755135749,6.799889464763192,1.2512028726782383,0
TJK,2023,22.8588621065173,73.8109872428571,1178.47990060249,10389799.0,3190.0,30.703192621916937,22.9348537040845,73.8042873384382,1052.17949484894,2.4945439217491034,8.568715200230377,6.959568958052582,3.456417389437098,0
TKM,2011,8.88435455800276,53.0602462122142,5143.61929334647,5683417.0,0.0,0.0,11.3405425561667,53.0828267752879,4058.53937000739,0.0,0.0,8.308824790495994,0.0,0
TKM,2012,8.50146680237083,53.0396976892339,6053.8748468749,5808546.0,0.0,0.0,8.88435455800276,53.0602462122142,5143.61929334647,0.0,0.0,8.545706650068052,0.0,0
TKM,2013,8.47439420658294,53.0211548801848,6599.64529055481,5939341.0,0.0,0.0,8.50146680237083,53.0396976892339,6053.8748468749,0.0,0.0,8.708618986388755,0.0,0
TKM,2014,8.2954435522879,53.0045914589045,7164.14536184006,6075283.0,0.0,0.0,8.47439420658294,53.0211548801848,6599.64529055481,0.0,0.0,8.7949226945314,0.0,0
TKM,2015,9.30653875928778,52.9899810992305,5759.497903834,6215770.0,0.0,0.0,8.2954435522879,53.0045914589045,7164.14536184006,0.0,0.0,8.876983627822014,0.0,0
TKM,2016,10.5274383259738,52.9772974750006,5238.00827202546,6360041.0,0.0,0.0,9.30653875928778,52.9899810992305,5759.497903834,0.0,0.0,8.658779191591922,0.0,0
TKM,2017,11.1178074761568,52.9665142600524,5125.54920055808,6507061.0,0.0,0.0,10.5274383259738,52.9772974750006,5238.00827202546,0.0,0.0,8.56388749833911,0.0,0
TKM,2018,11.0415688363389,52.9576051282235,3911.98557297865,6655524.0,0.0,0.0,11.1178074761568,52.9665142600524,5125.54920055808,0.0,0.0,8.54218804136402,0.0,0
TKM,2019,10.8735150244584,52.9505437533515,4365.1152919542,6803944.0,0.0,0.0,11.0415688363389,52.9576051282235,3911.98557297865,0.0,0.0,8.272055935257194,0.0,0
TKM,2020,11.5838634249365,52.9453038092741,3935.37749365223,6949912.0,0.0,0.0,10.8735150244584,52.9505437533515,4365.1152919542,0.0,0.0,8.381628943530407,0.0,0
TKM,2021,11.9345152162615,52.9418589698289,3713.20113171765,7092043.0,0.0,0.0,11.5838634249365,52.9453038092741,3935.37749365223,0.0,0.0,8.27801616151337,0.0,0
TKM,2022,11.0661103129735,52.9407896585074,5198.18947409551,7230193.0,0.0,0.0,11.9345152162615,52.9418589698289,3713.20113171765,0.0,0.0,8.219918895459152,0.0,0
TKM,2023,11.7692627442089,52.9321124945829,5298.46421949276,7364438.0,0.0,0.0,11.0661103129735,52.9407896585074,5198.18947409551,0.0,0.0,8.556258022054223,0.0,0
TLS,2011,22.160242931026,70.366647693549,939.045241112693,1110207.0,0.0,0.0,25.5964077031504,70.3601159979584,813.060177250597,0.0,0.0,6.702034291096299,0.0,0
TLS,2012,25.7964939188578,70.3863917650395,1022.61903188429,1134885.0,0.0,0.0,22.160242931026,70.366647693549,939.045241112693,0.0,0.0,6.845928002949185,0.0,0
TLS,2013,21.3199869831315,70.4163093746754,1204.56841532931,1158695.0,1294.0,111.67736116924644,25.7964939188578,70.3863917650395,1022.61903188429,0.0,0.0,6.931099697200211,4.724528523930668,0
TLS,2014,21.0507074370281,70.4536907975959,1224.74957758801,1181903.0,2333.0,197.39352552620645,21.3199869831315,70.4163093746754,1204.56841532931,111.67736116924644,37.22578705641548,7.09470644866893,5.2902525608818305,0
TLS,2015,17.8277581390576,70.4956684991581,1319.59297370991,1205131.0,301.0,24.976537820369735,21.0507074370281,70.4536907975959,1224.74957758801,197.39352552620645,103.02362889848429,7.111307835916158,3.2571937390969015,0
TLS,2016,17.0630746923768,70.5537092371829,1335.54390089814,1228312.0,112.0,9.118204495274815,17.8277581390576,70.4956684991581,1319.59297370991,24.976537820369735,111.3491415052742,7.185836137217701,2.3143362267027463,0
TLS,2017,17.1293898636009,70.6399003212908,1266.17767952941,1251703.0,0.0,0.0,17.0630746923768,70.5537092371829,1335.54390089814,9.118204495274815,77.16275594728366,7.197842382699912,0.0,0
TLS,2018,17.7713577078907,70.751382489943,1219.46598597604,1275959.0,0.0,0.0,17.1293898636009,70.6399003212908,1266.17767952941,0.0,11.36491410521485,7.144547406897307,0.0,0
TLS,2019,14.1291551737167,70.8851244754783,1562.36458881813,1300945.0,0.0,0.0,17.7713577078907,70.751382489943,1219.46598597604,0.0,3.0394014984249385,7.106988020518852,0.0,0
TLS,2020,13.2621545207774,71.0380950102353,1630.86935439232,1326053.0,1177.0,88.7596498782477,14.1291551737167,70.8851244754783,1562.36458881813,0.0,0.0,7.354595565419779,4.497135541123371,0
TLS,2021,8.67018187988423,71.2072628265528,2684.92673717299,1350139.0,16000.0,1185.0631675701538,13.2621545207774,71.0380950102353,1630.86935439232,88.7596498782477,29.5865499594159,7.397481479863997,7.078394839159719,1
TLS,2022,10.324624768579,71.4142707711032,2343.24955542816,1369295.0,0.0,0.0,8.67018187988423,71.2072628265528,2684.92673717299,1185.0631675701538,424.60760581613386,7.895781100900689,0.0,0
TLS,2023,17.1798122405238,71.404528167048,1502.4114958903,1384286.0,0.0,0.0,10.324624768579,71.4142707711032,2343.24955542816,0.0,424.60760581613386,7.7597206106561885,0.0,0
TON,2011,17.0659562210843,76.53924531633,3849.99375750134,107570.0,0.0,0.0,16.4379858757354,76.5756380900822,3416.08356601207,0.0,0.0,8.136542707775298,0.0,0
TON,2012,16.6359974823467,76.5410937364308,4384.17058724217,107460.0,400.0,372.2315280104225,17.0659562210843,76.53924531633,3849.99375750134,0.0,0.0,8.256086512806412,5.922198945604355,1
TON,2013,17.0733080496623,76.5829204979656,4219.24670113014,107078.0,17.0,15.876277106408413,16.6359974823467,76.5410937364308,4384.17058724217,372.2315280104225,124.07717600347416,8.385983806499356,2.825908914274736,0
TON,2014,16.3195876391853,76.6568959064029,4136.59010898445,106609.0,5300.0,4971.437683497641,17.0733080496623,76.5829204979656,4219.24670113014,15.876277106408413,129.36926837227696,8.347648865304784,8.511665478421873,1
TON,2015,16.8506590508632,76.7565577181561,4123.90347238813,106095.0,0.0,0.0,16.3195876391853,76.6568959064029,4136.59010898445,4971.437683497641,1786.5151628714905,8.327868798054682,0.0,0
TON,2016,16.6067373060163,76.8722961494079,3987.98618837043,105524.0,3000.0,2842.9551571206553,16.8506590508632,76.7565577181561,4123.90347238813,0.0,1662.4379868680164,8.324797897861801,7.952951023260375,1
TON,2017,16.8193728219433,77.0288699345034,4365.92929788648,105356.0,0.0,0.0,16.6067373060163,76.8722961494079,3987.98618837043,2842.9551571206553,2604.7976135394324,8.29129238947034,0.0,0
TON,2018,17.2484083539677,77.2982861074453,4675.04776047973,105567.0,5700.0,5399.414589786581,16.8193728219433,77.0288699345034,4365.92929788648,0.0,947.6517190402184,8.381815363266679,8.594231005491652,1
TON,2019,18.5717274171571,77.6711844373794,4788.83350468584,105669.0,0.0,0.0,17.2484083539677,77.2982861074453,4675.04776047973,5399.414589786581,2747.456582302412,8.450208536500389,0.0,0
TON,2020,17.0936649170189,78.1233793176589,4792.35872413906,105704.0,2700.0,2554.3025807916447,18.5717274171571,77.6711844373794,4788.83350468584,0.0,1799.8048632621937,8.474250930862617,7.845925922550213,1
TON,2021,16.5218701236255,78.741996102335,4922.8015864044,105490.0,0.0,0.0,17.0936649170189,78.1233793176589,4792.35872413906,2554.3025807916447,2651.2390568594087,8.474986639701186,0.0,0
TON,2022,17.4256295666446,78.852780548158,5298.01942454298,105042.0,0.0,0.0,16.5218701236255,78.741996102335,4922.8015864044,0.0,851.4341935972149,8.501836191286216,0.0,0
TON,2023,18.9589244958951,78.852055458663,5651.59357939286,104597.0,0.0,0.0,17.4256295666446,78.852780548158,5298.01942454298,0.0,851.4341935972149,8.575277068185795,0.0,0
TTO,2011,0.456542570355529,46.0746384525273,19151.0870229722,1328019.0,0.0,0.0,0.52014610527508,45.9100434036413,16815.424737361,0.0,0.0,9.730111350728357,0.0,0
TTO,2012,0.623861527345923,46.0745946568382,20332.1389531925,1335194.0,0.0,0.0,0.456542570355529,46.0746384525273,19151.0870229722,0.0,0.0,9.860166971593415,0.0,0
TTO,2013,0.712770738302384,46.0744210036628,21304.9777496628,1340557.0,29.0,2.1632798903739268,0.623861527345923,46.0745946568382,20332.1389531925,0.0,0.0,9.920007294762588,1.1516094293032975,0
TTO,2014,0.668563339608001,46.0740300462207,21908.3014555644,1345343.0,0.0,0.0,0.712770738302384,46.0744210036628,21304.9777496628,2.1632798903739268,0.721093296791309,9.966742957848004,0.0,0
TTO,2015,0.922053426020572,46.073334761978,19887.2327716498,1349667.0,0.0,0.0,0.668563339608001,46.0740300462207,21908.3014555644,0.0,0.721093296791309,9.99466654963326,0.0,0
TTO,2016,0.992434424479726,46.0722476915049,17449.1538801956,1353895.0,0.0,0.0,0.922053426020572,46.073334761978,19887.2327716498,0.0,0.721093296791309,9.897883517807593,0.0,0
TTO,2017,1.08634326162954,46.0706813166167,17566.0999700656,1356633.0,200.0,14.742380584874466,0.992434424479726,46.0722476915049,17449.1538801956,0.0,0.0,9.767103745941009,2.7563564758271033,0
TTO,2018,0.964517699370851,46.0685481065093,17571.498737278,1359193.0,820.0,60.32991635477816,1.08634326162954,46.0706813166167,17566.0999700656,14.742380584874466,4.914126861624822,9.77378311178478,4.116267755782049,0
TTO,2019,0.765052940992269,46.0657605267261,17212.6128892163,1363985.0,48.0,3.519100283360887,0.964517699370851,46.0685481065093,17571.498737278,60.32991635477816,25.02409897988421,9.774090387192212,1.5083129216768045,0
TTO,2020,1.06202921275842,46.0622310415194,15283.6270531554,1366725.0,33.0,2.414531087087746,0.765052940992269,46.0657605267261,17212.6128892163,3.519100283360887,26.197132407671173,9.753455796819942,1.228040173810933,0
TTO,2021,0.908362622380658,46.0578721146152,17712.5674104655,1367558.0,0.0,0.0,1.06202921275842,46.0622310415194,15283.6270531554,2.414531087087746,22.087849241742266,9.634602834495393,0.0,0
TTO,2022,0.762815650228413,46.0525962095002,20750.5202434652,1365805.0,40.0,2.9286757626454727,0.908362622380658,46.0578721146152,17712.5674104655,0.0,1.9778771234828778,9.782086145300505,1.3683024130288632,0
TTO,2023,0.835855107201165,46.0463157895428,18308.4536298575,1367510.0,0.0,0.0,0.762815650228413,46.0525962095002,20750.5202434652,2.9286757626454727,1.781068949911073,9.940374787720424,0.0,0
TUN,2011,7.57684450427472,33.0808113802143,4420.64772206537,10886035.0,0.0,0.0,6.846146170059,33.3719940185547,4291.86120891575,0.0,0.0,8.364708738075986,0.0,0
TUN,2012,8.30025725587419,32.7901077270508,4297.26782454273,11009647.0,0.0,0.0,7.57684450427472,33.0808113802143,4420.64772206537,0.0,0.0,8.394267693401233,0.0,0
TUN,2013,7.96930864809374,32.5000457763672,4369.79345826358,11141361.0,0.0,0.0,8.30025725587419,32.7901077270508,4297.26782454273,0.0,0.0,8.365967389021558,0.0,0
TUN,2014,8.57165956609159,32.2475356620899,4458.97895464547,11274288.0,0.0,0.0,7.96930864809374,32.5000457763672,4369.79345826358,0.0,0.0,8.382699841004609,0.0,0
TUN,2015,9.20589918732503,32.1192092895508,4014.94773686432,11402264.0,120.0,1.0524225715173758,8.57165956609159,32.2475356620899,4458.97895464547,0.0,0.0,8.402899326313621,0.7190208376462166,0
TUN,2016,8.52541115305462,31.9376643471752,3847.80354448809,11528674.0,0.0,0.0,9.20589918732503,32.1192092895508,4014.94773686432,1.0524225715173758,0.3508075238391253,8.298028647557881,0.0,0
TUN,2017,8.986045690927,31.7122192382812,3619.03247319953,11650498.0,990.0,8.49749083687238,8.52541115305462,31.9376643471752,3847.80354448809,0.0,0.3508075238391253,8.25551761131812,2.2510276412855355,0
TUN,2018,9.88852551876126,31.4514759727491,3628.10366464236,11765514.0,3368.0,28.626033677746673,8.986045690927,31.7122192382812,3619.03247319953,8.49749083687238,3.183304469463252,8.19423827527669,3.388653490922418,0
TUN,2019,9.76625873287072,31.1793617423969,3528.87213306798,11875081.0,32.0,0.26947184612888114,9.88852551876126,31.4514759727491,3628.10366464236,28.626033677746673,12.374508171539683,8.196740972427115,0.23860094478306904,0
TUN,2020,10.3917002295357,30.8956833561524,3548.65363663803,11974057.0,10000.0,83.51388338973165,9.76625873287072,31.1793617423969,3528.87213306798,0.26947184612888114,12.464332120249312,8.169016926344359,4.4369158213374815,0
TUN,2021,10.0900379034943,30.6002476229432,3906.93926319391,12048622.0,1204.0,9.992843994939836,10.3917002295357,30.8956833561524,3548.65363663803,83.51388338973165,37.469796304535734,8.17460531056526,2.3972445151869994,0
TUN,2022,10.8217247722212,30.292861351697,3707.29283414381,12119334.0,2032.0,16.766597900511695,10.0900379034943,30.6002476229432,3906.93926319391,9.992843994939836,31.258733076933453,8.270765471382205,2.8773201719809096,0
TUN,2023,9.47367928951245,29.9733313513416,3951.11683376921,12200431.0,2640.0,21.63857981738514,10.8217247722212,30.292861351697,3707.29283414381,16.766597900511695,36.75777509506106,8.218326897176937,3.1196555224533578,0
TUR,2011,8.1265846445357,28.9971276471666,11373.6355760885,74223629.0,0.0,0.0,8.90737962747164,30.6528746058513,10698.9699409757,0.2734401436107634,0.2734401436107634,9.277996211191445,0.0,0
TUR,2012,7.658344974583,26.2211319765676,11776.7593362033,75175827.0,0.0,0.0,8.1265846445357,28.9971276471666,11373.6355760885,0.0,0.1367200718053817,9.339141206039002,0.0,0
TUR,2013,6.64997261417217,21.4781631615304,12635.5570016068,76147624.0,0.0,0.0,7.658344974583,26.2211319765676,11776.7593362033,0.0,0.09114671453692114,9.3739682299627,0.0,0
TUR,2014,6.53828042868413,16.3975149255567,12209.3862327674,77181884.0,0.0,0.0,6.64997261417217,21.4781631615304,12635.5570016068,0.0,0.0,9.44434924148281,0.0,0
TUR,2015,6.87689834308907,12.7832892027463,11064.6494504662,78218479.0,1500.0,1.9177054056497316,6.53828042868413,16.3975149255567,12209.3862327674,0.0,0.0,9.410042199099736,1.0707974873788522,0
TUR,2016,6.26556196399699,11.8979041418224,10984.3643169061,79277962.0,200.0,0.2522769190257439,6.87689834308907,12.7832892027463,11064.6494504662,1.9177054056497316,0.6392351352165772,9.311600944885285,0.2249634295513889,0
TUR,2017,6.19642323537778,11.9679527282714,10756.3877677883,80312698.0,0.0,0.0,6.26556196399699,11.8979041418224,10984.3643169061,0.2522769190257439,0.7233274415584918,9.304319149212425,0.0,0
TUR,2018,6.00418639185492,11.8344250423827,9684.11819884721,81407204.0,628.0,0.771430498951911,6.19642323537778,11.9679527282714,10756.3877677883,0.0,0.7233274415584918,9.283348031731379,0.5717874116731001,0
TUR,2019,6.6541535628227,11.3381847142876,9395.23378001368,82579440.0,528.0,0.6393843310150807,6.00418639185492,11.8344250423827,9684.11819884721,0.771430498951911,0.3412358059925516,9.17834578008745,0.49432076343528053,0
TUR,2020,6.89122590909685,11.0696885034778,8798.11791709313,83384680.0,1226.0,1.4702940636097663,6.6541535628227,11.3381847142876,9395.23378001368,0.6393843310150807,0.47027160998899725,9.148064226271078,0.9043371976465325,0
TUR,2021,5.70488171636816,10.8237951846761,9981.76398411336,84147318.0,84446.0,100.35495130100284,6.89122590909685,11.0696885034778,8798.11791709313,1.4702940636097663,0.9603696311922527,9.082406758748302,4.618628725192657,0
TUR,2022,6.69360961922604,10.9618835449219,10897.8397861365,84979913.0,5831.0,6.861621522253147,5.70488171636816,10.8237951846761,9981.76398411336,100.35495130100284,34.15487656520923,9.208615283277265,2.0619928857051977,0
TUR,2023,6.38984597795627,10.9781553203879,13375.0947282864,85325965.0,5641.0,6.611117729521137,6.69360961922604,10.9618835449219,10897.8397861365,6.861621522253147,36.228955628955255,9.29641162091307,2.0296100375037023,0
TZA,2011,24.9768644460885,71.134273594457,775.392761230469,46029367.0,22000.0,47.79557363889015,25.582406886144,71.8031046060895,736.530151367188,0.0,0.0,6.603306970588026,3.8876396046241304,0
TZA,2012,26.5509265207861,70.5121235402089,861.969909667969,47374260.0,10000.0,21.10850913555167,24.9768644460885,71.134273594457,775.392761230469,47.79557363889015,23.897786819445074,6.65465852774607,3.09596256317715,0
TZA,2013,26.7908679172376,69.9274891217498,963.05712890625,48824128.0,0.0,0.0,26.5509265207861,70.5121235402089,861.969909667969,21.10850913555167,22.968027591480606,6.760379823346899,0.0,0
TZA,2014,25.8025774475571,69.3556922829258,1022.74841308594,50351512.0,13650.0,27.1094143111333,26.7908679172376,69.9274891217498,963.05712890625,0.0,22.968027591480606,6.8711505552054835,3.336104549096015,0
TZA,2015,26.745885729563,68.7938433407528,939.127319335938,52020962.0,3500.0,6.728057047464828,25.8025774475571,69.3556922829258,1022.74841308594,27.1094143111333,16.07264114889499,6.931226085066874,2.044857478801297,0
TZA,2016,27.4441425717754,68.2422696757084,953.0107421875,53824013.0,25800.0,47.933995556964504,26.745885729563,68.7938433407528,939.127319335938,6.728057047464828,11.27915711953271,6.846015312194116,3.890472360601206,0
TZA,2017,28.7534809528128,67.7012986682704,986.674011230469,55652890.0,1890.0,3.3960500523872166,27.4441425717754,68.2422696757084,953.0107421875,47.933995556964504,27.257155638520874,6.860674931539504,1.4807064223699176,0
TZA,2018,27.868599477377,67.1712576989166,1023.10626220703,57437145.0,26320.0,45.824004657613116,28.7534809528128,67.7012986682704,986.674011230469,3.3960500523872166,19.35270088560552,6.895352695155703,3.846395991459552,0
TZA,2019,26.5943119516018,66.6524741481248,1063.32250976563,59174891.0,10710.0,18.098892653642572,27.868599477377,67.1712576989166,1023.10626220703,45.824004657613116,32.384683422321615,6.931575571902097,2.9496303571228166,0
TZA,2020,25.254901665343,66.1452753963727,1117.41528320313,60972798.0,56711.0,93.01032896669759,26.5943119516018,66.6524741481248,1063.32250976563,18.098892653642572,22.439649121214302,6.970093734654811,4.543404658857793,0
TZA,2021,24.7884506158783,65.6499888241381,1159.85656738281,62830412.0,47140.0,75.02736095380052,25.254901665343,66.1452753963727,1117.41528320313,93.01032896669759,52.31107542598443,7.019668036625028,4.331093288047369,0
TZA,2022,24.2569694569552,65.1765263622853,1207.52062988281,64711821.0,4210.0,6.5057665430246505,24.7884506158783,65.6499888241381,1159.85656738281,75.02736095380052,62.045527524713556,7.056913431759978,2.015671597514588,0
TZA,2023,23.6871473778631,64.5251980565046,1224.00219726563,66617606.0,45650.0,68.52542854812285,24.2569694569552,65.1765263622853,1207.52062988281,6.5057665430246505,58.18115215450759,7.097152270649727,4.241692564043827,0
UGA,2011,28.9692474777902,79.9438971263369,835.620060555838,33354543.0,6400.0,19.187791000464316,32.8680090776536,81.2009354455428,823.488144282,0.0,0.0,6.714762762614281,3.0050780157626633,0
UGA,2012,27.177257747558,78.627630678747,795.222867553127,34337438.0,220.0,0.640700101154897,28.9692474777902,79.9438971263369,835.620060555838,19.187791000464316,9.593895500232158,6.729370037391231,0.49512304169219745,0
UGA,2013,26.0303237402959,77.2632340760729,818.285427416713,35337042.0,30000.0,84.89674942232007,27.177257747558,78.627630678747,795.222867553127,0.640700101154897,6.609497033873072,6.679879131019301,4.453145986857675,0
UGA,2014,24.8199759353437,75.8061496608174,896.054795546394,36395539.0,50160.0,137.81908821298126,26.0303237402959,77.2632340760729,818.285427416713,84.89674942232007,34.90841350797976,6.708432530362846,4.933171561765543,0
UGA,2015,23.4723696930371,75.0222143439573,862.934610355811,37531446.0,600.0,1.5986594281499305,24.8199759353437,75.8061496608174,896.054795546394,137.81908821298126,74.45217924548541,6.799116947758684,0.9549957074999789,0
UGA,2016,22.6603227869887,74.3046432865902,752.696571725656,38799152.0,1300.0,3.3505886932786573,23.4723696930371,75.0222143439573,862.934610355811,1.5986594281499305,74.77149902115043,6.761497083481442,1.4703111677322696,0
UGA,2017,23.4588353827426,73.5860739420454,765.218332297361,40177388.0,95070.0,236.62563629074143,22.6603227869887,74.3046432865902,752.696571725656,3.3505886932786573,47.58944544480328,6.624989862246345,5.470696478514599,0
UGA,2018,23.2502935412734,72.8719524981116,792.16570022814,41565831.0,164561.0,395.90451108748437,23.4588353827426,73.5860739420454,765.218332297361,236.62563629074143,80.52496147072334,6.641467158236338,5.983695725528119,1
UGA,2019,22.9455088065564,72.1630218200597,822.171150036357,42999637.0,90260.0,209.90874876455354,23.2502935412734,72.8719524981116,792.16570022814,395.90451108748437,211.96024535716813,6.676032153436512,5.351425569623639,0
UGA,2020,23.9290337205103,71.4600247728498,845.766463890124,44457152.0,70384.0,158.31873350771548,22.9455088065564,72.1630218200597,822.171150036357,209.90874876455354,280.81296538092647,6.713164137788554,5.070906808920282,0
UGA,2021,23.8418038272172,70.7637042210978,882.791717542504,45910930.0,46719.0,101.7600819674095,23.9290337205103,71.4600247728498,845.766463890124,158.31873350771548,254.7106644532511,6.7414249351346305,4.632396969900079,0
UGA,2022,24.0117220529553,70.0748030290335,963.067314117178,47312719.0,33478.0,70.75898554889648,23.8418038272172,70.7637042210978,882.791717542504,101.7600819674095,156.6625214132262,6.784221421236688,4.273313080929553,0
UGA,2023,24.0895746897278,69.3940640604505,1002.30913917142,48656601.0,49959.0,102.67671595062713,24.0117220529553,70.0748030290335,963.067314117178,70.75898554889648,110.27926700800715,6.871161120095073,4.641277557243385,0
UKR,2011,8.15022183877887,31.2765700173778,3656.69799804688,46307853.0,0.0,0.0,7.40220509822994,31.362602866643,3039.63232421875,0.0,0.0,8.019820774158724,0.0,0
UKR,2012,7.76131248389414,31.1758016892261,3951.34228515625,46210056.0,0.0,0.0,8.15022183877887,31.2765700173778,3656.69799804688,0.0,0.0,8.204589266233386,0.0,0
UKR,2013,8.69230562102956,31.0673711917774,4129.89697265625,46126770.0,600.0,1.300763092668314,7.76131248389414,31.1758016892261,3951.34228515625,0.0,0.0,8.282063665733736,0.8332408473294888,0
UKR,2014,10.1546081548161,30.9445660698687,3054.908203125,45972380.0,0.0,0.0,8.69230562102956,31.0673711917774,4129.89697265625,1.300763092668314,0.43358769755610466,8.326249847036435,0.0,0
UKR,2015,12.0593761063371,30.8412682798663,2094.47387695313,45784896.0,0.0,0.0,10.1546081548161,30.9445660698687,3054.908203125,0.0,0.43358769755610466,8.024832111590817,0.0,0
UKR,2016,11.7257009089167,30.7897758390911,2158.46118164063,45616832.0,130.0,0.28498252574839045,12.0593761063371,30.8412682798663,2094.47387695313,0.0,0.43358769755610466,7.6475350010278795,0.2507451196153359,0
UKR,2017,10.1776550393512,30.7366891510718,2604.28759765625,45436041.0,0.0,0.0,11.7257009089167,30.7897758390911,2158.46118164063,0.28498252574839045,0.09499417524946348,7.677614016615497,0.0,0
UKR,2018,10.1395331070229,30.6842007222091,3059.0517578125,45208907.0,0.0,0.0,10.1776550393512,30.7366891510718,2604.28759765625,0.0,0.09499417524946348,7.865298350264902,0.0,0
UKR,2019,8.96518101437243,30.6472351291265,3619.86157226563,44957458.0,0.0,0.0,10.1395331070229,30.6842007222091,3059.0517578125,0.0,0.09499417524946348,8.026187109121192,0.0,0
UKR,2020,9.31015109807472,30.6160899483255,3709.76928710938,44680014.0,2030.0,4.543418451032715,8.96518101437243,30.6472351291265,3619.86157226563,0.0,0.0,8.1944672798898,1.712611359385656,0
UKR,2021,10.8857721063269,30.5972967346104,4775.94580078125,44298640.0,2010.0,4.537385346367293,9.31015109807472,30.6160899483255,3709.76928710938,4.543418451032715,1.514472817010905,8.218994489122407,1.7115224302119452,0
UKR,2022,8.57297627041519,30.57654087897,4199.6708984375,41048766.0,1.0,0.002436126825347198,10.8857721063269,30.5972967346104,4775.94580078125,4.537385346367293,3.026934599133336,8.471556667456065,0.0024331642788431133,0
UKR,2023,7.55194546256383,30.5245544972394,5139.59814453125,37732836.0,602.0,1.5954273884952617,8.57297627041519,30.57654087897,4199.6708984375,0.002436126825347198,3.0277466414084517,8.342999529237963,0.9537511999721263,0
URY,2011,8.82916199856249,5.3963175243059,15132.2675725587,3326825.0,0.0,0.0,7.20206450749149,5.6666780524681,12641.0576849008,0.0,0.0,9.444784445978708,0.0,0
URY,2012,8.12177248512393,5.2393402453814,16259.5940814256,3335401.0,0.0,0.0,8.82916199856249,5.3963175243059,15132.2675725587,0.0,0.0,9.624650749926252,0.0,0
URY,2013,7.61620062705491,5.1155264857064,18335.2594772322,3345337.0,1000.0,29.89235464169977,8.12177248512393,5.2393402453814,16259.5940814256,0.0,0.0,9.696499918807403,3.430508730690966,0
URY,2014,6.73546217242537,5.01021787894859,18322.4276767157,3356334.0,4940.0,147.18439821543384,7.61620062705491,5.1155264857064,18335.2594772322,29.89235464169977,9.964118213899924,9.81663577065955,4.998457432120662,0
URY,2015,6.13144194290358,4.9199997701697,17125.9016800298,3368017.0,24000.0,712.5854768547783,6.73546217242537,5.01021787894859,18322.4276767157,147.18439821543384,59.025584285711204,9.815935720984458,6.570302229117522,1
URY,2016,6.67871972637662,4.8414575044315,17009.7584207276,3379283.0,12250.0,362.5029333145522,6.13144194290358,4.9199997701697,17125.9016800298,712.5854768547783,296.55407657063733,9.748405703974203,5.895787366582149,0
URY,2017,5.40639556316395,4.7711764267958,19184.6626114272,3388438.0,9170.0,270.6261705245898,6.67871972637662,4.8414575044315,17009.7584207276,362.5029333145522,407.42426946158815,9.74160127115242,5.604426747907722,0
URY,2018,5.82386636841924,4.7057418823242,19249.9404677501,3394534.0,301.0,8.867196498841961,5.40639556316395,4.7711764267958,19184.6626114272,270.6261705245898,448.5715268979734,9.861918540079271,2.2892157704271097,0
URY,2019,6.50279444770078,4.6520690917969,18315.7350377437,3397206.0,21550.0,634.3448115892884,5.82386636841924,4.7057418823242,19249.9404677501,8.867196498841961,213.99876677932798,9.865315193990078,6.4541678618927385,1
URY,2020,7.20670354093992,4.60023498535161,15757.5341990356,3398968.0,364.0,10.709132889747712,6.50279444770078,4.6520690917969,18315.7350377437,634.3448115892884,304.61272620424006,9.815570403881551,2.4603691261699963,0
URY,2021,7.73427066102582,4.5502853393555,17881.8119616753,3396695.0,152.0,4.474938138396294,7.20670354093992,4.60023498535161,15757.5341990356,10.709132889747712,217.9737136592927,9.665137351410982,1.70018097671568,0
URY,2022,6.86639189064101,4.50225830078119,21009.2883798725,3390913.0,791.0,23.327050856214832,7.73427066102582,4.5502853393555,17881.8119616753,4.474938138396294,216.50962753914416,9.791595304912176,3.1915889351538858,0
URY,2023,6.01413612088737,4.45603942871089,23378.6399733516,3388081.0,4321.0,127.53532161716323,6.86639189064101,4.50225830078119,21009.2883798725,23.327050856214832,12.837040628119652,9.952767519583615,4.856203742961836,0
USA,2011,1.20055880447177,19.3042445743976,50024.8812320773,311839461.0,52070.0,16.69769433060943,1.02943688973818,19.3002255326634,48642.6312088213,0.0,0.0,10.792276168640141,2.87343436728734,0
USA,2012,1.14932980065793,19.3162506613762,51708.3940614082,314339099.0,901624.0,286.8316422832274,1.20055880447177,19.3042445743976,50024.8812320773,16.69769433060943,8.348847165304715,10.820295775130406,5.662375733799665,0
USA,2013,1.31815003575389,19.339110718785,53297.3862901595,316726282.0,187022.0,59.0484625459658,1.14932980065793,19.3162506613762,51708.3940614082,286.8316422832274,101.1764455379456,10.853394747305911,4.095151945300078,0
USA,2014,1.16824049198161,19.3757768220234,55153.3940182967,319257560.0,34157.0,10.698885251143308,1.31815003575389,19.339110718785,53297.3862901595,59.0484625459658,120.85926638660085,10.883661333713611,2.4594935595844447,0
USA,2015,1.02890409132672,19.4292010464909,56849.4697923159,321815121.0,63403.0,19.701684558197,1.16824049198161,19.3757768220234,55153.3940182967,10.698885251143308,118.85966336011217,10.917891695457017,3.030215076583225,0
USA,2016,0.937140437714336,19.5023354675869,57976.628204291,324353340.0,1125931.0,347.1310022582163,1.02890409132672,19.4292010464909,56849.4697923159,19.701684558197,29.81634411843537,10.948179762861615,5.85257885220822,0
USA,2017,0.940362226343714,19.5981321607109,60047.7190728307,326608609.0,1581301.0,484.1577828709346,0.937140437714336,19.5023354675869,57976.628204291,347.1310022582163,125.84385735585221,10.967812494503553,6.184474163537696,1
USA,2018,0.898498260790929,19.7195432012623,62875.6661382728,328529577.0,1244611.0,378.84290704212606,0.940362226343714,19.5981321607109,60047.7190728307,484.1577828709346,283.6634898957827,11.002911496270308,5.93975776472533,1
USA,2019,0.83262086291437,19.8695206646406,65227.9565911038,330226227.0,916444.0,277.52005294237273,0.898498260790929,19.7195432012623,62875.6661382728,378.84290704212606,403.37723072375894,11.048930406268004,5.629490060158964,0
USA,2020,0.934873150907349,20.002548237452,64465.2971415748,331578104.0,1715088.0,517.2500775262289,0.83262086291437,19.8695206646406,65227.9565911038,277.52005294237273,380.1735809518111,11.085658768818329,6.2504579009082155,1
USA,2021,0.942961672907101,19.9925234859728,71441.2319805947,332100166.0,572132.0,172.27693887994022,0.934873150907349,20.002548237452,64465.2971415748,517.2500775262289,391.2043458369092,11.07389784128331,5.154891117352989,0
USA,2022,,19.9675021760293,78008.6895811877,333996304.0,674039.0,201.8103170387179,0.942961672907101,19.9925234859728,71441.2319805947,172.27693887994022,322.3490231161806,11.176644457791825,5.312271143395024,0
USA,2023,,19.928438880822,82586.7847707894,336755052.0,200420.0,59.515068537115816,,19.9675021760293,78008.6895811877,201.8103170387179,297.11244448162904,11.264588323356236,4.102892400754015,0
UZB,2011,26.469076721652,48.6604499816895,2338.55462817306,28823196.0,0.0,0.0,24.0815269392886,48.6678352355957,1956.78127255673,0.0,0.0,7.579567107226738,0.0,0
UZB,2012,25.9172267873847,48.6640319824219,2573.95586785056,29261903.0,0.0,0.0,26.469076721652,48.6604499816895,2338.55462817306,0.0,0.0,7.757715860396152,0.0,0
UZB,2013,24.5690997967973,48.8723030090332,2781.38869470315,29724065.0,0.0,0.0,25.9172267873847,48.6640319824219,2573.95586785056,0.0,0.0,7.8535876742521555,0.0,0
UZB,2014,25.3540246715931,49.1131286621094,3021.00331668049,30222994.0,0.0,0.0,24.5690997967973,48.8723030090332,2781.38869470315,0.0,0.0,7.931065080445973,0.0,0
UZB,2015,25.7597922930163,49.3402671813965,3172.89899391083,30749346.0,0.0,0.0,25.3540246715931,49.1131286621094,3021.00331668049,0.0,0.0,8.013675240343826,0.0,0
UZB,2016,25.7139411156526,49.3427810668945,3128.42307170099,31284568.0,0.0,0.0,25.7597922930163,49.3402671813965,3172.89899391083,0.0,0.0,8.06271607761554,0.0,0
UZB,2017,24.7588478005735,49.3212623596191,2271.4730109511,31819178.0,0.0,0.0,25.7139411156526,49.3427810668945,3128.42307170099,0.0,0.0,8.048603944404526,0.0,0
UZB,2018,22.962221977009,49.4185028076172,1894.09088741408,32373490.0,0.0,0.0,24.7588478005735,49.3212623596191,2271.4730109511,0.0,0.0,7.728623949611956,0.0,0
UZB,2019,21.1335355089228,49.4079895019531,2128.66067138334,32964701.0,0.0,0.0,22.962221977009,49.4185028076172,1894.09088741408,0.0,0.0,7.5470220780624855,0.0,0
UZB,2020,21.5708620304833,49.2329597473145,2087.96374711792,33586372.0,70000.0,208.41786662757147,21.1335355089228,49.4079895019531,2128.66067138334,0.0,0.0,7.663717936802711,5.344331617755434,0
UZB,2021,21.4018272914351,49.0730094909668,2370.36480555669,34243696.0,0.0,0.0,21.5708620304833,49.2329597473145,2087.96374711792,208.41786662757147,69.47262220919049,7.644423407225951,0.0,0
UZB,2022,20.3856963443599,49.0152587890625,2698.60262953369,34938955.0,168.0,0.4808386512991016,21.4018272914351,49.0730094909668,2370.36480555669,0.0,69.47262220919049,7.771220935704717,0.392608583570154,0
UZB,2023,19.6622079976968,49.0035158885432,3015.97705069457,35652307.0,0.0,0.0,20.3856963443599,49.0152587890625,2698.60262953369,0.4808386512991016,69.63290175962352,7.9008598669144465,0.0,0
VCT,2011,6.33056361856909,53.81597071656,6527.68996854448,109349.0,0.0,0.0,6.26506875121356,53.9373604038785,6551.96835992405,90.94298784092253,90.94298784092253,8.787673410693344,0.0,0
VCT,2012,6.15236356773518,53.6936885176164,6713.80768643865,108736.0,0.0,0.0,6.33056361856909,53.81597071656,6527.68996854448,0.0,45.47149392046126,8.783961584769614,0.0,0
VCT,2013,6.54391422693896,53.5680652963689,7072.46737188939,108135.0,2300.0,2126.970915984649,6.15236356773518,53.6936885176164,6713.80768643865,0.0,30.314329280307508,8.81207046914866,7.662924183067689,1
VCT,2014,6.55414786949357,53.4420069531456,7168.82875342911,107535.0,0.0,0.0,6.54391422693896,53.5680652963689,7072.46737188939,2126.970915984649,708.9903053282163,8.864106073163304,0.0,0
VCT,2015,6.26030041907991,53.3154361272525,7353.73556054184,106960.0,0.0,0.0,6.55414786949357,53.4420069531456,7168.82875342911,0.0,708.9903053282163,8.877637049546815,0.0,0
VCT,2016,6.75105293320355,53.1883410488729,7656.90042881178,106349.0,630.0,592.3892091133907,6.26030041907991,53.3154361272525,7353.73556054184,0.0,708.9903053282163,8.903099678689914,6.385850522847073,1
VCT,2017,6.76902554291306,53.0607099481902,7988.04445019298,105663.0,20.0,18.92810160604942,6.75105293320355,53.1883410488729,7656.90042881178,592.3892091133907,197.46306970446358,8.943493129708232,2.9921308766045196,0
VCT,2018,7.10938187118093,52.9325310553877,8428.12677153069,104926.0,0.0,0.0,6.76902554291306,53.0607099481902,7988.04445019298,18.92810160604942,203.77243690648004,8.985826438391083,0.0,0
VCT,2019,7.00321360289631,52.8037926006488,8740.59425232061,104167.0,230.0,220.799293442261,7.10938187118093,52.9325310553877,8428.12677153069,0.0,203.77243690648004,9.039448459809723,5.401772889348798,0
VCT,2020,8.64273688810065,52.6744828141568,8351.20324040982,103526.0,0.0,0.0,7.00321360289631,52.8037926006488,8740.59425232061,220.799293442261,79.90913168277014,9.075847860747466,0.0,0
VCT,2021,5.2074867781098,52.5445899260951,8641.27904024443,102841.0,0.0,0.0,8.64273688810065,52.6744828141568,8351.20324040982,0.0,73.59976448075366,9.0302806441666,0.0,0
VCT,2022,4.63941650660287,52.414102166647,9693.55867833025,102046.0,3.0,2.9398506555866963,5.2074867781098,52.5445899260951,8641.27904024443,0.0,73.59976448075366,9.06442160482092,1.3711428179180147,0
VCT,2023,4.20063280645518,52.2830077659959,10582.3656725229,101323.0,150.0,148.04141211768305,4.63941650660287,52.414102166647,9693.55867833025,2.9398506555866963,0.9799502185288987,9.179320046097107,5.004224201004775,0
VEN,2011,0.0,11.1920721095341,10843.9229703167,29185212.0,0.0,0.0,0.0,11.1973627076018,13646.3046622664,354.00563098015726,354.00563098015726,9.521297320475362,0.0,0
VEN,2012,,11.1598131456859,12582.0125686037,29553826.0,1000.0,3.383656654133377,0.0,11.1920721095341,10843.9229703167,0.0,177.00281549007863,9.291452320452596,1.477883228634675,0
VEN,2013,,11.1213182960279,8642.37380007027,29912198.0,0.0,0.0,,11.1598131456859,12582.0125686037,3.383656654133377,119.12976254476355,9.440102974447361,0.0,0
VEN,2014,,11.0836086474749,7101.15006382986,30254079.0,0.0,0.0,,11.1213182960279,8642.37380007027,0.0,1.1278855513777923,9.064548271697483,0.0,0
VEN,2015,,11.0460195920708,4096.61989137473,30573972.0,45180.0,147.7727525883781,,11.0836086474749,7101.15006382986,0.0,1.1278855513777923,8.86815284307843,5.0024199913061,0
VEN,2016,,11.0085571621288,3671.23004093383,30765720.0,226.0,0.7345838160134072,,11.0460195920708,4096.61989137473,147.7727525883781,49.25758419612603,8.318161569829888,0.5507675091274986,0
VEN,2017,,10.9712273899622,3791.63262049576,30565323.0,2100.0,6.870531026287535,,11.0085571621288,3671.23004093383,0.7345838160134072,49.5024454681305,8.208554397091255,2.0631255349036333,0
VEN,2018,,10.9340363078841,3421.51341607593,29807592.0,31708.0,106.37558377744837,,10.9712273899622,3791.63262049576,6.870531026287535,51.79262247689301,8.2408156797598,4.676332817099404,0
VEN,2019,,10.8969899482076,2523.11527549578,28938098.0,320.0,1.1058086816901374,,10.9340363078841,3421.51341607593,106.37558377744837,37.993566206583104,8.13813047711867,0.744699565183537,0
VEN,2020,,10.8600943432455,1506.04169391285,28444077.0,2338.0,8.219637431019471,,10.8969899482076,2523.11527549578,1.1058086816901374,38.11730782847535,7.833645894367698,2.2213357126108475,0
VEN,2021,,10.8233555253109,2004.93572921136,28237826.0,32200.0,114.0314413722926,,10.8600943432455,1506.04169391285,8.219637431019471,38.56700996338599,7.317903865073802,4.745205494232723,0
VEN,2022,,10.7867795267164,3155.04190923584,28213017.0,13369.0,47.385928275589954,,10.8233555253109,2004.93572921136,114.0314413722926,41.118962495000744,7.603865928732121,3.879209033342423,0
VEN,2023,,10.750372379775,3617.47038396528,28300854.0,734.0,2.5935613109060243,,10.7867795267164,3155.04190923584,47.385928275589954,56.545669026300686,8.057073961103148,1.2791437193937316,0
VIR,2011,,5.3446421136547,38997.1373164651,108290.0,0.0,0.0,,5.4275607332997,39905.1284180994,0.0,0.0,10.594285185522118,0.0,0
VIR,2012,,5.2646408922117,37795.3192590675,108188.0,0.0,0.0,,5.3446421136547,38997.1373164651,0.0,0.0,10.571269162854906,0.0,0
VIR,2013,,5.1894041806776,34597.9766940328,108041.0,0.0,0.0,,5.2646408922117,37795.3192590675,0.0,0.0,10.53996700276777,0.0,0
VIR,2014,,5.1202929297512,33045.3643795999,107882.0,0.0,0.0,,5.1894041806776,34597.9766940328,0.0,0.0,10.451579385291486,0.0,0
VIR,2015,,5.0586680901315,34007.3529411765,107712.0,0.0,0.0,,5.1202929297512,33045.3643795999,0.0,0.0,10.40566683558602,0.0,0
VIR,2016,,5.00589061251711,35324.9748874586,107516.0,0.0,0.0,,5.0586680901315,34007.3529411765,0.0,0.0,10.434361448165687,0.0,0
VIR,2017,,4.9633214476071,35365.0693039774,107281.0,2290.0,2134.5811467081776,,5.00589061251711,35324.9748874586,0.0,0.0,10.472373804835291,7.666494088486378,1
VIR,2018,,4.9323215461001,36663.2087550584,107001.0,0.0,0.0,,4.9633214476071,35365.0693039774,2134.5811467081776,711.5270489027258,10.4735081452346,0.0,0
VIR,2019,,4.9142518586951,38633.5298915336,106669.0,0.0,0.0,,4.9323215461001,36663.2087550584,0.0,711.5270489027258,10.509556319906615,0.0,0
VIR,2020,,4.9025975478707,39787.3741650202,106290.0,0.0,0.0,,4.9142518586951,38633.5298915336,0.0,711.5270489027258,10.561901712350949,0.0,0
VIR,2021,,4.8395689389032,42571.0777368471,105870.0,0.0,0.0,,4.9025975478707,39787.3741650202,0.0,0.0,10.591330042194615,0.0,0
VIR,2022,,4.7828485275588,44320.909185774,105413.0,0.0,0.0,,4.8395689389032,42571.0777368471,0.0,0.0,10.658953865168078,0.0,0
VIR,2023,,4.72592090540761,,104917.0,0.0,0.0,,4.7828485275588,44320.909185774,0.0,0.0,10.69923439778971,0.0,0
VNM,2011,16.2591484896283,69.3003958319004,1950.92504174913,88468314.0,230000.0,259.98008733386735,15.3750906872381,69.7495972741474,1683.16182443979,505.9736217713051,505.9736217713051,7.4290232854584515,5.5644441106722065,0
VNM,2012,16.199507640393,68.8777220596971,2185.11767654291,89510356.0,15000.0,16.75783749536199,16.2591484896283,69.3003958319004,1950.92504174913,259.98008733386735,382.97685455258625,7.576571365492437,2.876826967501814,0
VNM,2013,15.2156122465127,68.4665798275457,2359.51736472828,90573104.0,1040500.0,1148.7957837902961,16.199507640393,68.8777220596971,2185.11767654291,16.75783749536199,260.90384886684484,7.689882499191949,7.047339626275437,1
VNM,2014,14.8803489262722,68.0519730054546,2546.38464459903,91679578.0,68000.0,74.1713710767735,15.2156122465127,68.4665798275457,2359.51736472828,1148.7957837902961,475.1779028731751,7.766636096336441,4.3197704547034075,0
VNM,2015,14.4747261789547,67.6189054634321,2577.56885340113,92823254.0,9515.0,10.25066412776264,14.8803489262722,68.0519730054546,2546.38464459903,74.1713710767735,413.2416641208106,7.8428224822655555,2.420427160486917,0
VNM,2016,13.8182553730866,67.1523810714864,2735.0604380416,94000117.0,79657.0,84.7413838857243,14.4747261789547,67.6189054634321,2577.56885340113,10.25066412776264,411.07260633161076,7.854989816024212,4.451335601530878,0
VNM,2017,12.9298794852362,66.6374036996258,2956.10992127753,95176977.0,634655.0,666.8156732904009,13.8182553730866,67.1523810714864,2735.0604380416,84.7413838857243,56.38780636342015,7.914274368425947,6.504012197270677,1
VNM,2018,12.3066684310428,66.0589772178588,3222.31003125366,96237319.0,143273.0,148.87467927073072,12.9298794852362,66.6374036996258,2956.10992127753,666.8156732904009,253.93590710129595,7.991967692403886,5.009799473366945,0
VNM,2019,11.7845285540387,65.3760865000489,3440.90025375434,97173776.0,89266.0,91.86223246074125,12.3066684310428,66.0589772178588,3222.31003125366,148.87467927073072,300.143912148952,8.078164070566023,4.53111702344797,0
VNM,2020,12.6554035685556,64.4293323700258,3534.03953482647,98079191.0,1264553.0,1289.31834276651,11.7845285540387,65.3760865000489,3440.90025375434,91.86223246074125,302.5175283406243,8.14377899719828,7.162644244249579,1
VNM,2021,12.6030904652745,63.3459343573397,3704.1935590038,98935098.0,779271.0,787.6587942531779,12.6554035685556,64.4293323700258,3534.03953482647,1289.31834276651,510.01841816599404,8.170479762094576,6.670333773892902,1
VNM,2022,11.8802998248459,62.4521484375,4147.69777213621,99680655.0,353134.0,354.26532861366127,12.6030904652745,63.3459343573397,3704.1935590038,787.6587942531779,722.9464564934765,8.217490779011687,5.872864914853255,0
VNM,2023,11.8713266425191,61.8701095581055,4322.82572261566,100352192.0,68844.0,68.60238787808441,11.8802998248459,62.4521484375,4147.69777213621,354.26532861366127,810.4141552111164,8.330549774135712,4.242798875345015,0
VUT,2011,20.8591539075539,75.2138365950987,3163.1861645138,243474.0,400.0,164.28858933602766,19.5427410917595,75.257495880127,2815.18828985779,0.0,0.0,7.943139579338706,5.107692972414216,0
VUT,2012,21.6186956898294,75.1816448616067,3004.78416664293,248883.0,700.0,281.2566547333486,20.8591539075539,75.2138365950987,3163.1861645138,164.28858933602766,82.14429466801383,8.059651165498547,5.642816780195047,0
VUT,2013,23.1527878171594,75.1592637249737,3392.56675091682,254482.0,69.0,27.113901965561414,21.6186956898294,75.1816448616067,3004.78416664293,281.2566547333486,148.51508135645875,8.00829376688446,3.33626418587075,0
VUT,2014,25.5565710536183,75.1450362305225,3378.36411965135,260240.0,350.0,134.4912388564402,23.1527878171594,75.1592637249737,3392.56675091682,27.113901965561414,157.55304867831256,8.129636786177798,4.9089069803432945,0
VUT,2015,23.3757039420756,75.1373054235758,3214.41948587141,266101.0,65000.0,24426.81538212934,25.5565710536183,75.1450362305225,3378.36411965135,134.4912388564402,147.62059851845007,8.125442840497678,10.103477736680986,1
VUT,2016,22.5921642623816,75.1345124357127,3339.83436471043,272087.0,0.0,0.0,23.3757039420756,75.1373054235758,3214.41948587141,24426.81538212934,8196.140174317114,8.075713105880743,0.0,0
VUT,2017,22.954961314472,75.2355558543563,3585.31798081216,278507.0,3390.0,1217.2045944985225,22.5921642623816,75.1345124357127,3339.83436471043,0.0,8187.1022069952605,8.113975864567017,7.105133409942245,1
VUT,2018,22.8862270194375,75.7270272954962,3626.18862522473,285259.0,670.0,234.87427215267527,22.954961314472,75.2355558543563,3585.31798081216,1217.2045944985225,8548.006658875955,8.184881323076082,5.463298917950727,0
VUT,2019,22.8278897154211,76.4975331082925,3635.62344878185,291985.0,1000.0,342.4833467472644,22.8862270194375,75.7270272954962,3626.18862522473,234.87427215267527,484.0262888837326,8.196213143782515,5.839138629402047,0
VUT,2020,24.9982962483388,77.5813147905206,3404.30359167624,298858.0,80000.0,26768.56567332981,22.8278897154211,76.4975331082925,3635.62344878185,342.4833467472644,598.187404466154,8.198810906160395,10.195020912002125,1
VUT,2021,25.570905932076,77.7498177577525,3576.13770954363,305868.0,0.0,0.0,24.9982962483388,77.5813147905206,3404.30359167624,26768.56567332981,9115.307764076582,8.133089375160072,0.0,0
VUT,2022,26.9665542778012,77.7458750266893,3679.53524327491,313046.0,382.0,122.02679478415313,25.570905932076,77.7498177577525,3576.13770954363,0.0,9037.016340025692,8.182318237132343,4.812402175421511,0
VUT,2023,25.5423185087831,77.7348033176099,3708.18942411253,320409.0,67900.0,21191.664403933722,26.9665542778012,77.7458750266893,3679.53524327491,122.02679478415313,8963.530822704653,8.21081346712875,9.961410382099455,1
WSM,2011,8.74914768052862,80.3825726291854,3821.50678264479,194713.0,0.0,0.0,10.1420948693988,80.1697898137915,3524.2479246203,0.0,0.0,8.16770604599872,0.0,0
WSM,2012,8.99062542491428,80.521281631311,3934.60320799981,196498.0,7700.0,3918.614947734837,8.74914768052862,80.3825726291854,3821.50678264479,0.0,0.0,8.24866171220185,8.273748700341196,1
WSM,2013,9.36698695177158,80.6134050379333,4023.5254013825,198268.0,0.0,0.0,8.99062542491428,80.521281631311,3934.60320799981,3918.614947734837,1306.204982578279,8.277819442114717,0.0,0
WSM,2014,8.97743064055918,80.6873320519568,3982.68080202084,200037.0,86.0,42.992046471402794,9.36698695177158,80.6134050379333,4023.5254013825,0.0,1306.204982578279,8.300162270200415,3.7840088555652667,0
WSM,2015,8.32395364948745,80.7659894616449,4084.36083819933,201782.0,960.0,475.7609697594434,8.97743064055918,80.6873320519568,3982.68080202084,42.992046471402794,1320.5356647354133,8.289961495520023,6.167015253674532,1
WSM,2016,8.64439767739187,80.873537633251,4147.07097674888,203499.0,63.0,30.958383087877582,8.32395364948745,80.7659894616449,4084.36083819933,475.7609697594434,172.91767207694875,8.315165335877555,3.4644345278747637,0
WSM,2017,9.90757564175906,81.0342808120169,4307.59381964907,205415.0,0.0,0.0,8.64439767739187,80.873537633251,4147.07097674888,30.958383087877582,183.23713310624126,8.330398680280382,0.0,0
WSM,2018,9.14766033843446,81.2758732064533,4231.81409469194,207582.0,330.0,158.97332138624736,9.90757564175906,81.0342808120169,4307.59381964907,0.0,168.90645094910698,8.368366869921228,5.075007059994991,0
WSM,2019,9.10454875149409,81.5852655518717,4351.94234943706,209780.0,0.0,0.0,9.14766033843446,81.2758732064533,4231.81409469194,158.97332138624736,63.310568158041654,8.350622321458678,0.0,0
WSM,2020,9.53642989262121,81.9483391005278,4099.59660548583,211944.0,55.0,25.950251009700672,9.10454875149409,81.5852655518717,4351.94234943706,0.0,52.99110712874912,8.378607297595325,3.293992611215182,0
WSM,2021,9.67170140141047,82.4327573547993,4021.55934894283,213779.0,0.0,0.0,9.53642989262121,81.9483391005278,4099.59660548583,25.950251009700672,61.64119079864935,8.31888775563946,0.0,0
WSM,2022,9.35673735856576,82.4992050048961,4132.44717734444,215261.0,14.0,6.503732678004841,9.67170140141047,82.4327573547993,4021.55934894283,0.0,8.650083669900225,8.299673633000786,2.0154005871361194,0
WSM,2023,9.85408517045162,82.4987200195398,4822.74084650019,216663.0,14.0,6.461647812501442,9.35673735856576,82.4992050048961,4132.44717734444,6.503732678004841,10.817994562568506,8.326867005451632,2.009776276218157,0
XKX,2011,8.13256820161268,61.9744815727863,3538.94809762524,1791949.0,0.0,0.0,9.45683318489999,62.070059201791,2987.54523493128,0.0,0.0,8.002542004482793,0.0,0
XKX,2012,7.44545756610942,61.7703040773512,3410.65497983011,1807126.0,0.0,0.0,8.13256820161268,61.9744815727863,3538.94809762524,0.0,0.0,8.17186734433255,0.0,0
XKX,2013,8.43161126110458,61.3748250512062,3704.55812411167,1818119.0,1000.0,55.0019003156559,7.44545756610942,61.7703040773512,3410.65497983011,0.0,0.0,8.134952783870883,4.025385624367538,0
XKX,2014,8.29870640805469,60.8061077238256,3902.49322261901,1812788.0,0.0,0.0,8.43161126110458,61.3748250512062,3704.55812411167,55.0019003156559,18.3339667718853,8.21758916717088,0.0,0
XKX,2015,7.67716823366887,60.082318845925,3520.62685324451,1788274.0,0.0,0.0,8.29870640805469,60.8061077238256,3902.49322261901,0.0,18.3339667718853,8.269627129326997,0.0,0
XKX,2016,8.17152319317784,59.2216251682198,3759.44777525332,1777568.0,10.0,0.5625663828331743,7.67716823366887,60.082318845925,3520.62685324451,0.0,18.3339667718853,8.166678336039725,0.44632958673918843,0
XKX,2017,7.40871957581394,58.2421934414254,4009.32022064732,1791019.0,0.0,0.0,8.17152319317784,59.2216251682198,3759.44777525332,0.5625663828331743,0.1875221276110581,8.232293318456506,0.0,0
XKX,2018,6.53116433269115,57.1621904162571,4384.18796440547,1797086.0,0.0,0.0,7.40871957581394,58.2421934414254,4009.32022064732,0.0,0.1875221276110581,8.296626372635355,0.0,0
XKX,2019,7.23866991904392,55.9997828434305,4415.6992744623,1788891.0,0.0,0.0,6.53116433269115,57.1621904162571,4384.18796440547,0.0,0.1875221276110581,8.385987769202409,0.0,0
XKX,2020,7.36200975780916,54.7731374736609,4320.58382547288,1790151.0,0.0,0.0,7.23866991904392,55.9997828434305,4415.6992744623,0.0,0.0,8.39314792561613,0.0,0
XKX,2021,6.92330553068501,53.5004210576638,5269.69946181439,1786079.0,70.0,3.919199542685402,7.36200975780916,54.7731374736609,4320.58382547288,0.0,0.0,8.371377240314038,1.5931458226918807,0
XKX,2022,7.3926054610264,52.1998003461545,5298.1473871027,1768096.0,116.0,6.560729734132083,6.92330553068501,53.5004210576638,5269.69946181439,3.919199542685402,1.3063998475618006,8.569918357930169,2.0229677112119853,0
XKX,2023,7.22045547613922,50.8894420898485,6220.33213919344,1682668.0,1040.0,61.806607126301806,7.3926054610264,52.1998003461545,5298.1473871027,6.560729734132083,3.4933097589391617,8.575301216241208,4.140060276957617,0
YEM,2011,9.75264427533183,69.0762610532974,1186.47500581215,27582897.0,0.0,0.0,9.87370902755356,69.3767151694669,1155.20305261418,3.7377047734265036,3.7377047734265036,7.052896684857812,0.0,0
YEM,2012,16.9903322750241,68.7968160141372,1245.05068272078,28433647.0,0.0,0.0,9.75264427533183,69.0762610532974,1186.47500581215,0.0,1.8688523867132518,7.079584487950153,0.0,0
YEM,2013,17.6849846837323,68.5572812055785,1378.75002954928,29312952.0,10040.0,34.251070994146204,16.9903322750241,68.7968160141372,1245.05068272078,0.0,1.2459015911421678,7.1277343748610535,3.5624959116093877,0
YEM,2014,17.6765738204232,68.1373837819082,1430.16420964026,30226309.0,0.0,0.0,17.6849846837323,68.5572812055785,1378.75002954928,34.251070994146204,11.417023664715401,7.229657623736012,0.0,0
YEM,2015,20.2059373997207,67.6116821297298,1362.1738120601,31159379.0,83000.0,266.3724459977203,17.6765738204232,68.1373837819082,1430.16420964026,0.0,11.417023664715401,7.266243524643324,5.58864261522126,0
YEM,2016,25.0909130885165,67.0487991994764,975.359417003225,32109010.0,45340.0,141.20647133000986,20.2059373997207,67.6116821297298,1362.1738120601,266.3724459977203,100.20783899728883,7.217570945253861,4.957280024983512,0
YEM,2017,26.9610663621827,66.4413087477825,811.165970405745,33090921.0,13.0,0.039285700147179345,25.0909130885165,67.0487991994764,975.359417003225,141.20647133000986,135.8596391092434,6.883830773750071,0.03853365039815421,0
YEM,2018,28.7451403146812,65.7893954189136,633.887202451545,34085182.0,22000.0,64.54417641073474,26.9610663621827,66.4413087477825,811.165970405745,0.039285700147179345,135.8727343426258,6.699704716326857,4.182724364321531,0
YEM,2019,,65.0932438267976,,35111408.0,31772.0,90.48910826931235,28.7451403146812,65.7893954189136,633.887202451545,64.54417641073474,68.59664448029726,6.453447349179341,4.516219929888149,0
YEM,2020,,64.2974395419698,,36134863.0,223140.0,617.5199834021787,,65.0932438267976,,90.48910826931235,51.69085679339809,,6.427329500772493,1
YEM,2021,,63.9295048743695,,37140230.0,84030.0,226.2506182648842,,64.2974395419698,,617.5199834021787,257.51775602740855,,5.426053453691441,0
YEM,2022,,63.6773689691705,,38222876.0,171200.0,447.899315582637,,63.9295048743695,,226.2506182648842,311.4199033121251,,6.1067986211323175,1
YEM,2023,,63.4292020163494,,39390799.0,240192.0,609.7667630453498,,63.6773689691705,,447.899315582637,430.5566390832333,,6.414715156417521,1
ZAF,2011,2.04389308620297,37.149372245548,8646.05571071635,52995205.0,52000.0,98.12208481880579,2.10778749314158,37.3700879439431,7973.47195771517,11.462620651962913,11.462620651962913,8.984000713262196,4.5963522703806206,0
ZAF,2012,1.97670959546361,37.0383439696737,8076.97678479741,53782567.0,2000.0,3.718677094754514,2.04389308620297,37.149372245548,8646.05571071635,98.12208481880579,54.79235273538435,9.064974161719409,1.551528483777595,0
ZAF,2013,1.92684924597199,36.9475975902966,7331.65467384919,54678791.0,17720.0,32.40744660941753,1.97670959546361,37.0383439696737,8076.97678479741,3.718677094754514,37.767794188507736,8.996896722239235,3.508778827510237,0
ZAF,2014,2.12574854869936,36.8647672934258,6856.73137092522,55594838.0,3500.0,6.295548518371436,1.92684924597199,36.9475975902966,7331.65467384919,32.40744660941753,44.749402840992616,8.900092894914728,1.987264370151671,0
ZAF,2015,2.23397839045912,36.7903650062769,6112.27382485974,56723537.0,14.0,0.024681112533585483,2.12574854869936,36.8647672934258,6856.73137092522,6.295548518371436,14.140557407514493,8.83313196207856,0.024381454462370587,0
ZAF,2016,2.41418607394576,36.7249026560653,5651.20585165749,57259551.0,12200.0,21.30648911305644,2.23397839045912,36.7903650062769,6112.27382485974,0.024681112533585483,12.90922541344085,8.718217722884457,3.1048776277531047,0
ZAF,2017,2.49379863849766,36.6688921700064,6618.33508255701,57635162.0,14668.0,25.44974194745909,2.41418607394576,36.7249026560653,5651.20585165749,21.30648911305644,9.208906247987153,8.639801164170468,3.275246402016984,0
ZAF,2018,2.2607038266992,36.6228454753159,6914.1780318076,58613001.0,2058.0,3.511166404873212,2.49379863849766,36.6688921700064,6618.33508255701,25.44974194745909,15.593637391016372,8.79775020318519,1.5065557464342523,0
ZAF,2019,1.9503211452698,36.5872744992092,6533.71121032856,59587885.0,5144.0,8.632627253006211,2.2607038266992,36.6228454753159,6914.1780318076,3.511166404873212,16.75579915512958,8.841473989509684,2.2651560082283404,0
ZAF,2020,2.57866122238783,36.5626911689018,5580.60383075189,60562381.0,374.0,0.6175450730710208,1.9503211452698,36.5872744992092,6533.71121032856,8.632627253006211,12.531178535112836,8.784883433854404,0.48090961289092904,0
ZAF,2021,2.45787199667371,36.5496074116091,6828.75624590017,61502603.0,10273.0,16.703358067625203,2.57866122238783,36.5626911689018,5580.60383075189,0.6175450730710208,4.253779576983481,8.627231438942673,2.873754342919724,0
ZAF,2022,2.60577484985618,36.5233300789673,6534.24867783397,62378410.0,61200.0,98.11086880861504,2.45787199667371,36.5496074116091,6828.75624590017,16.703358067625203,8.651176797900812,8.829044263187154,4.596239110484675,0
ZAF,2023,2.53517112309848,36.4176294836455,6034.27208964673,63212384.0,20374.0,32.231026122982485,2.60577484985618,36.5233300789673,6534.24867783397,98.11086880861504,38.47725731643709,8.784965678560631,3.5034839613054065,0
ZMB,2011,9.64805782176724,59.6315508174119,1624.86817763443,14437796.0,0.0,0.0,9.42094610981773,60.0441142290008,1451.10616017155,1.0740681706771655,1.0740681706771655,7.280770305777917,0.0,0
ZMB,2012,9.32163953570601,59.2301443178404,1710.05061343728,14913629.0,0.0,0.0,9.64805782176724,59.6315508174119,1624.86817763443,0.0,0.5370340853385828,7.393797215255738,0.0,0
ZMB,2013,8.22652318427817,58.8317733764175,1820.71854827391,15398997.0,5500.0,35.71661193258236,9.32163953570601,59.2301443178404,1710.05061343728,0.0,0.3580227235590552,7.444862854657063,3.6032292938641706,0
ZMB,2014,6.77959785217865,58.4365258341475,1707.48573136694,15895315.0,25930.0,163.1298278769562,8.22652318427817,58.8317733764175,1820.71854827391,35.71661193258236,11.905537310860787,7.507535591833721,5.100657748043826,0
ZMB,2015,4.98083656431146,58.0444895320348,1295.87788680068,16399089.0,25.0,0.15244749266254973,6.77959785217865,58.4365258341475,1707.48573136694,163.1298278769562,66.28214660317953,7.443362719964687,0.14188793533891303,0
ZMB,2016,6.22847198956029,57.6557523110838,1239.08527877713,16914423.0,0.0,0.0,4.98083656431146,58.0444895320348,1295.87788680068,0.15244749266254973,66.33296243406704,7.167715029383375,0.0,0
ZMB,2017,4.0242711937365,57.2704020122989,1483.46577328065,17441320.0,2824.0,16.191435051934143,6.22847198956029,57.6557523110838,1239.08527877713,0.0,54.427425123206255,7.122935429441677,2.8444112976982554,0
ZMB,2018,3.34112399209449,56.8885264766844,1463.89997855593,17973569.0,21.0,0.11683823062631578,4.0242711937365,57.2704020122989,1483.46577328065,16.191435051934143,5.447960848198897,7.302810237879178,0.11050168473439655,0
ZMB,2019,2.86077493680796,56.5102135452448,1258.98619844462,18513839.0,1353.0,7.308046699552697,3.34112399209449,56.8885264766844,1463.89997855593,0.11683823062631578,5.436091094186819,7.2895422450971346,2.1172245270323358,0
ZMB,2020,2.97263384548847,56.1355510589843,951.644316655957,19059395.0,7260.0,38.09145043691051,2.86077493680796,56.5102135452448,1258.98619844462,7.308046699552697,7.872106660704385,7.138856046270152,3.6659037841794326,0
ZMB,2021,3.00091831533747,55.7646268589074,1127.16077872857,19603607.0,1353.0,6.9017910836510845,2.97263384548847,56.1355510589843,951.644316655957,38.09145043691051,15.172111789029842,6.859241609073399,2.0670894532255097,0
ZMB,2022,3.09401583407622,55.4011488821531,1447.12310138035,20152938.0,3600.0,17.863400363758373,3.00091831533747,55.7646268589074,1127.16077872857,6.9017910836510845,17.433762740038098,7.02834395623479,2.9372235559572157,0
ZMB,2023,2.23012034259343,54.9714146478415,1330.72780576709,20723965.0,9377.0,45.247132969004724,3.09401583407622,55.4011488821531,1447.12310138035,17.863400363758373,20.95221396143999,7.2780235840975465,3.8339994721776263,0
ZWE,2011,8.66645403643065,67.2432704223032,1037.77565157218,13595424.0,0.0,0.0,9.60967815567222,67.2715474189946,902.010759067388,0.0,0.0,6.805734468149313,0.0,0
ZWE,2012,8.04450024819692,67.2068247871672,1239.22709745709,13817887.0,0.0,0.0,8.66645403643065,67.2432704223032,1037.77565157218,0.0,0.0,6.945798040519075,0.0,0
ZWE,2013,7.14500739499758,67.0980656830059,1362.99498323368,14013808.0,44000.0,313.97604419869316,8.04450024819692,67.2068247871672,1239.22709745709,0.0,0.0,7.123049784940987,5.752496585770794,0
ZWE,2014,8.74496936761426,66.8371924029199,1372.91526173161,14207359.0,22514.0,158.4671718367925,7.14500739499758,67.0980656830059,1362.99498323368,313.97604419869316,104.65868139956439,7.21817316041547,5.071838081836157,0
ZWE,2015,8.28483096141089,66.4387358233126,1387.12632595026,14399013.0,800.0,5.55593636869416,8.74496936761426,66.8371924029199,1372.91526173161,158.4671718367925,157.48107201182856,7.225419798196039,1.8803709550221204,0
ZWE,2016,7.87358488271703,65.9200539273686,1408.13945253431,14600294.0,400.0,2.7396708586827088,8.28483096141089,66.4387358233126,1387.12632595026,5.55593636869416,159.33305080139328,7.2357101498577885,1.3189976018539014,0
ZWE,2017,7.24788152959223,65.2985046982727,3445.44941020134,14812482.0,10300.0,69.53594947828459,7.87358488271703,65.9200539273686,1408.13945253431,2.7396708586827088,55.587593021389786,7.2507344797012125,4.25612250153014,0
ZWE,2018,7.31920056282215,64.5914461192095,2270.89531874302,15034452.0,1066.0,7.0903814784868775,7.24788152959223,65.2985046982727,3445.44941020134,69.53594947828459,25.943852235220486,8.145099823616883,2.090675884283377,0
ZWE,2019,22.7056524805476,63.8162361733636,2184.52155388801,15271368.0,52400.0,343.12577628932786,7.31920056282215,64.5914461192095,2270.89531874302,7.0903814784868775,26.455333938484724,7.728369704282669,5.841007219295542,0
ZWE,2020,20.8470510913708,62.9902328439198,2059.63704025274,15526888.0,3905.0,25.149920576486416,22.7056524805476,63.8162361733636,2184.52155388801,343.12577628932786,139.9173690820331,7.689609776477575,3.2638461532782665,0
ZWE,2021,21.4856530160599,62.1307941140627,2613.6167414057,15797210.0,2314.0,14.64815622505493,20.8470510913708,62.9902328439198,2059.63704025274,25.149920576486416,125.12202611476705,7.630770456819051,2.7503530969501226,0
ZWE,2022,17.0612308931471,61.2944792830959,2536.40197087505,16069056.0,1270.0,7.903388973191705,21.4856530160599,62.1307941140627,2613.6167414057,14.64815622505493,127.64128436362307,7.868872804153883,2.18643198776314,0
ZWE,2023,11.4948694011417,60.7080629204205,2195.22502010174,16340822.0,691.0,4.228673441274863,17.0612308931471,61.2944792830959,2536.40197087505,7.903388973191705,15.900488591577684,7.838895990436334,1.6541576017880175,0
