economy,year,agri_gdp_share,rural_pop_share,gdp_per_capita,total_population
ABW,2010,0.0204920878910203,35.8387034450523,24093.1401510626,101838.0
ABW,2011,0.0203949029261921,36.0007394161429,25712.3843015186,102591.0
ABW,2012,0.0214687486582032,36.1747914800401,25119.6655449838,104110.0
ABW,2013,0.0178174631618829,36.3617085644674,25813.5714408438,105675.0
ABW,2014,0.0148129732019303,36.5607468696205,26129.8390617693,106807.0
ABW,2015,0.0125197907912791,36.7711625956947,27458.2201537506,107906.0
ABW,2016,0.018611754127868,36.9922119428858,27441.5502144601,108727.0
ABW,2017,0.023918578557175,37.2231511113891,28440.0416881491,108735.0
ABW,2018,0.0222530069695395,37.4632363014004,30082.1584226798,108908.0
ABW,2019,0.0184193332670534,37.711723713115,30654.4851235397,109203.0
ABW,2020,0.0215538601290844,37.9971162433635,22664.3709949437,108587.0
ABW,2021,0.029903187516918,38.0724660113157,26827.3447869986,107700.0
ABW,2022,0.0341749381905228,38.1188342075743,31000.5713798732,107310.0
ABW,2023,0.0395294607296221,38.1648507324411,34897.6183932009,107359.0
AFG,2010,26.2100685374552,77.7385200989076,560.621505463146,28284089.0
AFG,2011,23.7436639877543,77.1794308427515,606.694676337726,29347708.0
AFG,2012,24.390873626371,76.6565608689021,651.417134470046,30560034.0
AFG,2013,22.8106627361766,76.1922863256354,637.087099117099,31622704.0
AFG,2014,22.1370413719574,75.8089833612274,625.054941813938,32792523.0
AFG,2015,20.6343227166798,75.5350881578432,565.569730408751,33831764.0
AFG,2016,25.7403140364582,75.3411654279874,522.082215583898,34700612.0
AFG,2017,26.4201990834448,75.1647178761129,525.469770891619,35688935.0
AFG,2018,22.0428967527575,75.0008354808594,491.337221382603,36743039.0
AFG,2019,25.7739707394105,74.8562741160197,496.6025042585,37856121.0
AFG,2020,29.9755825210461,74.7377896553863,510.787063366811,39068979.0
AFG,2021,33.5976188725451,74.6521379727519,356.496214115892,40000412.0
AFG,2022,33.7014323213923,74.6060749419091,357.261152798144,40578842.0
AFG,2023,34.7432471445174,74.5269470368833,413.757894705303,41454761.0
AGO,2010,10.0913068589156,39.8689710464947,4101.63715564669,23294825.0
AGO,2011,9.55630602212879,39.1568389603927,5184.15269151846,24218352.0
AGO,2012,9.69697932366603,38.4885776050668,5702.45306277434,25177394.0
AGO,2013,10.3295507034721,37.8666924787639,5688.57916213471,26165620.0
AGO,2014,11.4782158930435,37.276884206759,5649.68762467535,27160769.0
AGO,2015,13.663772327968,36.48432167315,3641.72893920253,28157798.0
AGO,2016,14.4558424371022,35.7007697482011,2082.37343594705,29183070.0
AGO,2017,14.709941688499,34.9149474913932,2832.14997950512,30234839.0
AGO,2018,13.1933917283997,34.1267863276628,2891.83032378747,31297155.0
AGO,2019,12.3210508241048,33.3362176819467,2507.86807213642,32375632.0
AGO,2020,15.1097674669231,32.5431729791813,1749.1794838482,33451132.0
AGO,2021,16.8317967997029,31.7475836443031,2266.96834861584,34532429.0
AGO,2022,19.4301170178768,30.9493811022487,3598.53669077341,35635029.0
AGO,2023,20.9093369427559,30.1484967779543,2885.51349130806,36749906.0
ALB,2010,16.3586081914252,48.1184225707284,4149.14469936847,2913021.0
ALB,2011,16.7202229491786,46.7082617107535,4465.70914328865,2905195.0
ALB,2012,17.5913685516371,46.1362446338551,4280.93316338873,2860708.0
ALB,2013,18.924817420614,45.7020321941452,4542.92903556739,2816902.0
ALB,2014,19.2377589164282,45.2674186821327,4793.59751131525,2773767.0
ALB,2015,18.7471602773412,44.8420708625106,4199.53912925398,2731293.0
ALB,2016,19.167190753497,44.4261265535724,4457.63412207495,2689469.0
ALB,2017,18.079078214296,44.019723573454,5006.36012951959,2648285.0
ALB,2018,17.9155558179549,43.622999740108,5897.65452588774,2607733.0
ALB,2019,18.1603973706713,43.2360928712745,6069.43903131027,2567801.0
ALB,2020,18.8061378649169,42.8591407844456,6027.91350716348,2528480.0
ALB,2021,17.793224984541,42.4922812968222,7242.45513146613,2489762.0
ALB,2022,16.9844754476574,42.1356522252617,7756.96188744253,2451636.0
ALB,2023,16.2742388313006,41.7893913862143,9740.7023414631,2411658.0
AND,2010,0.466508601972863,11.2395273943391,42746.830952263,80706.0
AND,2011,0.490560827241276,11.3111659680237,46657.1561204071,77783.0
AND,2012,0.601164453935572,11.3709032917076,41500.5435782722,76834.0
AND,2013,0.585558984254785,11.4190600878947,42470.3161158563,75194.0
AND,2014,0.537623493009676,11.455957079089,44369.6596894579,73737.0
AND,2015,0.513420109683398,11.4819149877943,38654.9347217207,72174.0
AND,2016,0.521999648433619,11.4972545365147,40129.8192026671,72181.0
AND,2017,0.559538512516191,11.5022964477539,40672.9943362327,73763.0
AND,2018,0.546367882815281,11.4919001506209,42819.774579353,75162.0
AND,2019,0.522633248415779,11.4608206333755,41257.8045861543,76474.0
AND,2020,0.559442769715814,11.4092219572483,37361.090067211,77380.0
AND,2021,0.531844879169824,11.3372681834701,42425.6996761083,78364.0
AND,2022,0.487491862156614,11.2451233732714,42414.0590111349,79705.0
AND,2023,0.47849213558896,11.1798390782918,46812.448450114,80856.0
ARE,2010,0.732325154252682,16.6285700855822,44795.2846234991,6869838.0
ARE,2011,0.65018165697003,16.4304992204653,51921.8890746408,7104538.0
ARE,2012,0.627730308351473,16.2356755248512,53141.6251661086,7391448.0
ARE,2013,0.631291108343877,16.0441864185374,53247.2278745159,7693031.0
ARE,2014,0.625619164911727,15.8561193212981,52725.2307981936,8059440.0
ARE,2015,0.716283676441238,15.6715616528807,44910.3458860776,8505237.0
ARE,2016,0.740828105142589,15.4906008330016,42721.1136110991,8935095.0
ARE,2017,0.753711714951803,15.313324281341,43733.6242018215,9223225.0
ARE,2018,0.705621193856789,15.1398194175375,47135.3478795605,9346701.0
ARE,2019,0.734600479758574,14.9701736611805,45938.6084572227,9445785.0
ARE,2020,0.96297291257111,14.8044744318016,37991.738387966,9401038.0
ARE,2021,0.890366137304479,14.6428091488645,44118.4936214315,9575152.0
ARE,2022,0.740907378602023,14.4852652317513,50759.7590190204,10074977.0
ARE,2023,0.764071417912981,14.3319300997474,49850.6945082084,10483751.0
ARG,2010,7.13216744789716,9.00699480590229,10260.1313108254,41288694.0
ARG,2011,6.99873377085717,8.89277132615941,12704.2831819684,41730660.0
ARG,2012,5.78174420692637,8.79587827532031,12949.717486654,42161721.0
ARG,2013,6.05291843703277,8.6985492280527,12963.675773326,42582455.0
ARG,2014,6.7127035133689,8.60246545270461,12233.1444119186,43024071.0
ARG,2015,5.15668590274786,8.50769808913719,13679.6264980954,43477012.0
ARG,2016,6.2645658204639,8.4143182771783,12699.9623137756,43900313.0
ARG,2017,5.23162237679509,8.3223971566176,14532.5009308511,44288894.0
ARG,2018,4.53787889696835,8.2320058672002,11752.7998922979,44654882.0
ARG,2019,5.31855599661392,8.14321554861981,9955.97478680428,44973465.0
ARG,2020,6.35703367590492,8.05609734051031,8535.59938004389,45191965.0
ARG,2021,7.29128249619051,7.9707223824349,10738.0179223384,45312281.0
ARG,2022,6.5415694049027,7.887161813874,13962.1894087223,45407904.0
ARG,2023,5.8467786039042,7.8054867742093,14261.8465667948,45538401.0
ARM,2010,,35.6695835956868,3041.34450723339,3044800.0
ARM,2011,,35.6792550854806,3349.55309771906,3027900.0
ARM,2012,17.9126819526397,35.6731620493002,3511.56399687426,3024100.0
ARM,2013,18.4347628834968,35.6415938868534,3680.16692158886,3022000.0
ARM,2014,18.0720363470662,35.5857065766709,3852.11800610384,3013800.0
ARM,2015,17.2231200318056,35.5070376568451,3512.39350276709,3004600.0
ARM,2016,16.39047353385,35.4071246654684,3524.42476874707,2992300.0
ARM,2017,14.9942601242776,35.2875051406333,3869.05373867752,2979400.0
ARM,2018,13.9423116554146,35.1497166204321,4196.00562301769,2969000.0
ARM,2019,11.5256107379588,34.9952966429572,4597.22887399548,2962500.0
ARM,2020,11.3498051554549,34.825782746301,4268.68093304583,2961500.0
ARM,2021,11.3435484176857,34.6427124685559,4685.17997128509,2962300.0
ARM,2022,10.1467039255683,34.4375537125515,6571.97445545099,2969200.0
ARM,2023,8.10223799188799,34.3043117991148,8159.08720967996,2964300.0
ASM,2010,,13.6809326450331,10375.1720141957,55228.0
ASM,2011,,13.9715008275525,10383.459331451,54895.0
ASM,2012,,14.2838825655549,11745.4899153958,54489.0
ASM,2013,,14.6153534805239,11813.5022034589,54006.0
ASM,2014,,14.9648551998458,12026.3344929488,53466.0
ASM,2015,,15.331329350907,12727.4102651386,52878.0
ASM,2016,,15.7137175610939,12843.3342903627,52245.0
ASM,2017,,16.1109614577929,11863.6839452565,51586.0
ASM,2018,,16.5220026683903,12552.0546868861,50908.0
ASM,2019,,16.9457828202726,12886.1359517218,50209.0
ASM,2020,,17.3759219379284,14489.2586563775,49761.0
ASM,2021,,17.7872908455908,15236.1604875571,49225.0
ASM,2022,,18.205202295351,18017.4589383973,48342.0
ASM,2023,,18.6278457291778,,47521.0
ATG,2010,1.21464881302167,73.9829552149413,15217.3950790922,85320.0
ATG,2011,1.41518526297013,74.305310140278,14911.7275084471,86332.0
ATG,2012,1.37701946118754,74.5444381411733,15639.8078114787,87260.0
ATG,2013,1.48400040236501,74.7524332332063,15051.5113587425,88064.0
ATG,2014,1.44123185699971,74.9100273892259,15532.1062063584,88765.0
ATG,2015,1.44568317612291,75.0,16077.6340769406,89409.0
ATG,2016,1.45850375317323,75.0760192528345,16556.8551801588,89969.0
ATG,2017,1.66091151055353,75.1499736163129,16965.7288273816,90468.0
ATG,2018,1.62679191195975,75.2218567906236,18273.4270684912,90926.0
ATG,2019,1.64671204635507,75.291662475955,18896.3721832248,91364.0
ATG,2020,2.27894065728784,75.3593843724957,15369.6082250401,91846.0
ATG,2021,2.08080004808426,75.425016180434,17348.6006987182,92349.0
ATG,2022,1.9656137257913,75.4885515999586,20003.3909394099,92840.0
ATG,2023,2.21508602503399,75.5499843312578,22012.2625947994,93316.0
AUS,2010,2.21824837320556,13.7801399487857,52313.8939041213,22031750.0
AUS,2011,2.30485962261499,13.6731053853577,62799.3895017032,22340024.0
AUS,2012,2.27317856495351,13.5548740863375,68301.4402512587,22733465.0
AUS,2013,2.29076813252161,13.4259484239757,68476.6788496118,23128129.0
AUS,2014,2.22695769265967,13.2778710656644,62817.2061751737,23475686.0
AUS,2015,2.37664391487055,13.1221357460639,56970.3613028094,23815995.0
AUS,2016,2.41300232330254,12.9833704750765,50084.4440606385,24190907.0
AUS,2017,2.72098319651067,12.87190733555,54117.547718609,24592588.0
AUS,2018,2.47191752630847,12.7732319154075,57410.1737346009,24963258.0
AUS,2019,2.12424911197662,12.6980352111594,55194.7585097428,25334826.0
AUS,2020,2.01512715396535,12.7286529541015,51983.4523666382,25649248.0
AUS,2021,2.30537875480088,12.7646592367239,60758.9044397144,25685412.0
AUS,2022,2.67242699950618,12.6656731746187,65169.5191118657,26018721.0
AUS,2023,2.57169831894523,12.5133044346235,65058.3773146674,26659922.0
AUT,2010,1.29288595990855,32.8952570745253,46611.1393420232,8363404.0
AUT,2011,1.46130648071081,32.8515744584944,51116.8953522042,8391643.0
AUT,2012,1.41768134316306,32.7914090187721,48250.4059142637,8429991.0
AUT,2013,1.27784992108872,32.7018691215753,50305.3545774973,8479823.0
AUT,2014,1.27555801772568,32.5845672408219,51314.9722616322,8546356.0
AUT,2015,1.14362854172989,32.4423824462617,43915.228020857,8642699.0
AUT,2016,1.14928264077268,32.2781938076444,45061.4993920192,8736668.0
AUT,2017,1.19990203076681,32.0948803947198,47163.7425775142,8797566.0
AUT,2018,1.10911414021412,31.8953212772377,51194.0749841299,8840521.0
AUT,2019,1.04463413653499,31.6823955249478,49885.9947355204,8879920.0
AUT,2020,1.07138113272871,31.4589822075999,48716.4098900349,8916864.0
AUT,2021,1.2152388657488,31.226398299747,53648.6437976214,8955797.0
AUT,2022,1.34649596457301,31.001914872094,52336.7725223758,9041851.0
AUT,2023,1.24176172038934,30.7734641723979,56579.504175468,9131761.0
AZE,2010,5.54456611326975,46.7151632285131,5843.5337683582,9054332.0
AZE,2011,5.07622595138436,46.4914538106751,7189.81869211976,9173082.0
AZE,2012,5.13976950772418,46.1923557723792,7495.86527658099,9295784.0
AZE,2013,5.3662644804235,45.8178912568682,7875.34536661549,9416801.0
AZE,2014,5.31940671805552,45.3680824073849,7890.84028062087,9535079.0
AZE,2015,6.17763883780802,44.8429513671724,5500.50364628486,9649341.0
AZE,2016,5.60511177455763,44.2425202794734,3880.6852276838,9757812.0
AZE,2017,5.60736901068842,43.5668112875309,4147.1981423222,9854033.0
AZE,2018,5.21238076212356,42.8158465345877,4739.7943123408,9939771.0
AZE,2019,5.69538024963307,41.8691808022221,4805.75371765917,10024283.0
AZE,2020,6.7389474235341,41.7065308238063,4229.91064904503,10093121.0
AZE,2021,5.72598365721349,41.6340030255182,5408.04535175023,10137750.0
AZE,2022,4.61220830811053,41.5617184145316,7770.594223351,10141756.0
AZE,2023,5.51058894617326,41.4924649516298,7133.02838048328,10153958.0
BDI,2010,38.4305452876335,89.0156902664513,216.727705301976,9376444.0
BDI,2011,36.7043515146528,88.4383347769994,230.069761381132,9717978.0
BDI,2012,35.5104159871754,87.7755403195385,231.098787811507,10071028.0
BDI,2013,38.3671182602277,87.0329037254108,234.844770150871,10439341.0
BDI,2014,34.9578238431604,86.2160218259587,250.544492155185,10799785.0
BDI,2015,35.2477391830275,85.3304914525246,254.402585226788,11047580.0
BDI,2016,35.5553158342758,84.3819094364506,232.937812100153,11239451.0
BDI,2017,37.4034350043265,83.3758726090791,246.060725714184,11506762.0
BDI,2018,35.3539025487206,82.3179778017525,245.661678332009,11859446.0
BDI,2019,34.2483545998177,81.213821845813,234.31061590725,12255336.0
BDI,2020,31.1053893979777,80.0690015726029,252.702452750006,12617036.0
BDI,2021,33.9937846199417,78.8891138134646,264.172844085398,12965481.0
BDI,2022,35.331208452642,77.6797553997403,301.832255755105,13321097.0
BDI,2023,34.0372399254206,76.4465231627724,249.795164039029,13689450.0
BEL,2010,0.847918635049212,15.0280690416283,44197.393671162,10895586.0
BEL,2011,0.726239843441003,14.7650392955311,47760.8298776546,11038264.0
BEL,2012,0.84457469539348,14.5084596183612,44874.1709182123,11106932.0
BEL,2013,0.764565477908541,14.2584589752725,46964.5946777056,11159407.0
BEL,2014,0.716518219283319,14.0151663314193,47995.7786961339,11209057.0
BEL,2015,0.750617272066574,13.7787106519556,40893.804537772,11274196.0
BEL,2016,0.673190543684684,13.5492209020355,41854.5498296444,11331422.0
BEL,2017,0.729532583142538,13.3268260468131,44035.3239358548,11375158.0
BEL,2018,0.664625571120094,13.1116550514425,47487.2100392561,11427054.0
BEL,2019,0.718789583537128,12.9038368810778,46716.6227467964,11488980.0
BEL,2020,0.712818023641571,12.7035005008731,45906.2875805246,11538604.0
BEL,2021,0.654899384879513,12.5694435909365,51658.238294958,11586195.0
BEL,2022,0.670989189183415,12.510799730145,50639.0264882739,11680210.0
BEL,2023,0.775221747679926,12.448507363228,55244.68145811,11779946.0
BEN,2010,25.8411354962681,57.1083108760647,973.244254931526,9797484.0
BEN,2011,25.7970008253273,56.5383863862724,1059.41358852588,10093623.0
BEN,2012,25.7689758312295,55.9524934170162,1071.5258366283,10397657.0
BEN,2013,25.2754046390823,55.3497116330681,1168.92699279226,10708834.0
BEN,2014,25.6184529738008,54.7119470764001,1204.39918670094,11030004.0
BEN,2015,26.3920850925037,54.0592596742337,1002.41886879614,11360681.0
BEN,2016,27.7536354980493,53.3905440993336,1010.5338961993,11697842.0
BEN,2017,28.4890165273264,52.7057225119609,1054.97408066814,12039780.0
BEN,2018,28.0647739127077,52.0047170724037,1151.7409703472,12383347.0
BEN,2019,26.8758016258337,51.2874499409752,1130.82135339795,12726755.0
BEN,2020,27.1091750361118,50.5538432780104,1200.19426557789,13070169.0
BEN,2021,28.5289506098592,49.8038192438646,1318.65158075198,13413417.0
BEN,2022,26.8966787968124,49.0372999989113,1266.42711031904,13759501.0
BEN,2023,25.4019723667563,48.2542077035407,1394.17784721831,14111034.0
BFA,2010,24.1433866229434,75.884907501842,624.957252224766,16176498.0
BFA,2011,23.043650452489,75.5317023154343,725.024767725475,16661908.0
BFA,2012,23.7560050181575,75.1998087940946,731.470138867833,17172287.0
BFA,2013,23.6410927919708,74.893883851252,759.762065168498,17695409.0
BFA,2014,23.6937727725999,74.6185844003357,764.861675106225,18229461.0
BFA,2015,22.6464984902029,74.378567354775,630.124750752312,18777487.0
BFA,2016,21.7147178290213,74.178489627999,663.742364842886,19334856.0
BFA,2017,20.5855872188282,74.0230081334368,709.091535894695,19894407.0
BFA,2018,20.9974732840091,73.9167797845178,777.465618514048,20438288.0
BFA,2019,18.2205245524421,73.8812745598843,764.853077774946,20961952.0
BFA,2020,17.9151635677562,73.6421626371373,825.237038782475,21478690.0
BFA,2021,17.2902157538449,73.1885692256983,895.535288442991,21995243.0
BFA,2022,20.6297585441708,72.7208630257288,827.330843486661,22509038.0
BFA,2023,19.0108450154804,72.2127521634842,873.198061670247,23025776.0
BGD,2010,17.0011812592919,72.2745627411304,757.385280361508,152201981.0
BGD,2011,16.8099867573503,71.8899837287573,837.336944695647,153591076.0
BGD,2012,16.1775631732753,71.5212027105424,859.680536375497,155070101.0
BGD,2013,15.4932779975908,71.1592963893237,958.262989798283,156532141.0
BGD,2014,15.3516208986344,70.8055557678987,1094.46199702838,157964929.0
BGD,2015,14.7829964369364,70.4604900522108,1224.38647668165,159383179.0
BGD,2016,13.4647923176039,70.1246084482035,1649.28380858601,160811932.0
BGD,2017,12.9572760433733,69.7984201618201,1811.08221668646,162186147.0
BGD,2018,12.4800771856196,69.4824343990041,1965.24372731467,163523103.0
BGD,2019,11.9753231358984,69.1771603656988,2129.79896954606,164913055.0
BGD,2020,11.9996868602485,68.8831072678476,2248.85078828233,166298024.0
BGD,2021,11.6328584271282,68.6007843113939,2482.84917843357,167658854.0
BGD,2022,11.2176010351595,68.326265273766,2716.48592780431,169384897.0
BGD,2023,11.0036900209598,67.8421534963166,2551.01773827307,171466990.0
BGR,2010,4.03250004576982,28.4850692749023,6854.2987837778,7395599.0
BGR,2011,4.66136930031581,27.3898346114468,7849.98219737366,7348328.0
BGR,2012,4.43013962620169,27.2315139770508,7432.33753378983,7305888.0
BGR,2013,4.51541815914857,27.0367178427981,7796.37945241455,7160005.0
BGR,2014,4.55871742933618,26.9155120849609,8070.01289303544,7073572.0
BGR,2015,4.06197367734098,26.8969421386719,7269.02586513711,6984225.0
BGR,2016,4.05489960163599,26.8249969482422,7822.89886431732,6894139.0
BGR,2017,4.043177034114,26.6095428466797,8697.13373333715,6803468.0
BGR,2018,3.40461503236071,26.399787902832,9849.88769989118,6710798.0
BGR,2019,3.20205655345515,26.2837677001953,10354.2500414088,6616726.0
BGR,2020,3.43600026603917,26.6760101318359,10760.7616180234,6550696.0
BGR,2021,4.32894772861096,26.653234381959,12966.8085197381,6507301.0
BGR,2022,3.7113640947999,26.5200835994776,13999.9113358453,6465097.0
BGR,2023,2.52244731680068,26.2677328415387,15854.0192893772,6446596.0
BHR,2010,0.285542784290186,0.0,21819.3291098099,1228543.0
BHR,2011,0.279873967809159,0.0,25032.7867743333,1195020.0
BHR,2012,0.265180259339138,0.0,26438.6733230428,1208964.0
BHR,2013,0.264280047210277,0.0,26989.7601148469,1253191.0
BHR,2014,0.287965783699072,0.0,26451.7965647453,1314562.0
BHR,2015,0.301911232209971,0.0,23734.0551143019,1370322.0
BHR,2016,0.315996684624948,0.0,23800.001440631,1423726.0
BHR,2017,0.27707464645461,0.0,24784.7693514607,1501116.0
BHR,2018,0.275112316804637,0.0,26324.4066549559,1503091.0
BHR,2019,0.268674381904261,0.0,27259.7438599327,1483756.0
BHR,2020,0.303155113748103,0.0,24342.8444554718,1472204.0
BHR,2021,0.268626041292218,0.0,27147.8083882286,1504365.0
BHR,2022,0.246160469147506,0.0,30470.5219276023,1524693.0
BHR,2023,0.251492806718451,0.0,29290.1284215098,1577059.0
BHS,2010,1.09749043162674,17.5801895568407,27473.100430502,367478.0
BHS,2011,1.09230471329484,17.5869652529692,27090.8376801379,371729.0
BHS,2012,1.07272116712063,17.6052514660075,28552.0242683151,375469.0
BHS,2013,0.927897053067693,17.6364208899132,27642.7419759179,378953.0
BHS,2014,0.838487849108097,17.6819068962957,29137.2175632622,382298.0
BHS,2015,0.815199026829763,17.7431428567639,30719.405417469,385346.0
BHS,2016,0.877037934836586,17.8215621429272,30616.5363157284,388055.0
BHS,2017,0.770472969173047,17.9185981263948,31875.4881749619,390485.0
BHS,2018,0.677109335996006,18.0356841787759,32642.3353203452,392717.0
BHS,2019,0.53475935828877,18.1742536716796,33640.3369861278,394675.0
BHS,2020,0.775822139879574,18.3357399767151,26178.7537607708,395863.0
BHS,2021,0.454432167483592,18.5215764654917,30367.8605757708,396373.0
BHS,2022,0.414483909964884,18.6799282952275,34957.1613279737,397538.0
BHS,2023,0.454447231080524,18.6786200826324,38231.774484278,399440.0
BIH,2010,6.79676215913764,54.2607846667396,4506.47828548389,3811472.0
BIH,2011,6.75774539555131,53.9471222355157,4982.69375768263,3741798.0
BIH,2012,6.13767155368512,53.6344344028,4693.78899115381,3670113.0
BIH,2013,6.84139087123356,53.3045775260104,5034.56634817068,3610859.0
BIH,2014,5.951057525171,52.869216515169,5206.06573475132,3564829.0
BIH,2015,6.0375681759839,52.4288354912989,4662.25869219448,3518541.0
BIH,2016,6.16559062107215,51.9751154247618,4928.5665903114,3473003.0
BIH,2017,5.4310487956715,51.5081598180894,5345.01978766473,3428682.0
BIH,2018,5.71878250722931,51.028072174176,6047.84707207392,3387000.0
BIH,2019,5.45004156140876,50.5349559962242,6122.37541352353,3345533.0
BIH,2020,5.91443908988891,50.0289147877003,6130.31187968266,3299349.0
BIH,2021,5.01931841754809,49.5100520522966,7295.34378682258,3244907.0
BIH,2022,4.82624927062683,48.9784712939007,7655.59421024383,3204802.0
BIH,2023,4.65322230628352,48.4342760165695,8663.02326458629,3185073.0
BLR,2010,8.89193022882009,25.4498596191406,6034.67885177216,9483836.0
BLR,2011,8.00188774430829,24.9402465820312,6527.6593428786,9461643.0
BLR,2012,8.13094268308472,24.4718933105469,6953.21591683101,9446836.0
BLR,2013,6.80909244753712,24.05029296875,7998.0802045456,9443211.0
BLR,2014,7.30305697730942,23.6594772338867,8341.31809294883,9448515.0
BLR,2015,6.2832075832437,23.3736114501953,5967.05595058777,9461076.0
BLR,2016,6.89528062433517,23.1541290283203,5039.77560949445,9469379.0
BLR,2017,7.56580253848292,22.9791793823242,5785.54491935194,9458989.0
BLR,2018,6.59010772590188,22.7867279052734,6360.037502312,9438785.0
BLR,2019,6.79466882799274,22.5449228147243,6837.77339645635,9419758.0
BLR,2020,7.07723976895662,22.2109614209592,6542.85579976768,9379952.0
BLR,2021,6.70661864890688,21.868913196306,7489.71894713888,9302585.0
BLR,2022,8.04181871674039,21.5267212107092,7994.64806074889,9228071.0
BLR,2023,7.2485995714987,21.1853579333673,7896.75388295584,9178298.0
BLZ,2010,8.74676184244561,54.8085161806442,5461.40735999001,320245.0
BLZ,2011,8.86425886505326,55.0582180868271,5596.05222152289,327298.0
BLZ,2012,10.3744672571643,55.3096931964784,5732.66519942347,334414.0
BLZ,2013,10.079376070492,55.5619457636205,5957.34953619006,341627.0
BLZ,2014,10.1795484159839,55.8149838241621,6128.12053089077,348923.0
BLZ,2015,9.6138851978219,56.068815414012,6154.62264230369,356333.0
BLZ,2016,7.70348583128466,56.3234485690789,6140.86713919469,364705.0
BLZ,2017,8.56166290071626,56.5788913252713,6071.85451846453,373202.0
BLZ,2018,7.16456851710216,56.835151718498,6011.99036888587,380226.0
BLZ,2019,6.5560913222365,57.0922377846677,6171.61449761423,385829.0
BLZ,2020,8.3571697847969,57.350157559689,5238.54078175696,390812.0
BLZ,2021,7.89550385123154,57.6089190794706,6142.98930557031,395346.0
BLZ,2022,7.74858121747759,57.8626748737863,7068.21728043145,402733.0
BLZ,2023,8.13711634166406,58.0540562495024,7424.75821321022,411106.0
BMU,2010,0.286094289177554,0.0,104111.824244802,63725.0
BMU,2011,0.312941026259641,0.0,99049.0169927667,63733.0
BMU,2012,0.281396534564362,0.0,100213.493385287,63646.0
BMU,2013,0.328283343819346,0.0,101704.40746217,63574.0
BMU,2014,0.211116703055883,0.0,100961.576602811,63529.0
BMU,2015,0.227889496811275,0.0,104855.366822135,63464.0
BMU,2016,0.307018452846711,0.0,108747.356144305,63449.0
BMU,2017,0.274700811333467,0.0,112339.425587467,63578.0
BMU,2018,0.234985525140753,0.0,113204.82210838,63831.0
BMU,2019,0.220961505173123,0.0,115798.040775578,64107.0
BMU,2020,0.255496878050877,0.0,106976.546239632,64382.0
BMU,2021,0.29106848154543,0.0,112765.08167306,64648.0
BMU,2022,0.218128900998007,0.0,119969.173269085,64749.0
BMU,2023,0.191993824950362,0.0,132961.760796315,64698.0
BOL,2010,10.3899057010594,33.5924334340867,1929.78373077158,10182345.0
BOL,2011,9.7695858816954,33.166284366824,2315.52121930607,10348929.0
BOL,2012,9.8121619148328,32.7418555172301,2575.59857098084,10515807.0
BOL,2013,9.9669794768463,32.3302944480111,2870.02377000756,10682608.0
BOL,2014,9.74021753770169,31.962574587,3041.43503162408,10848888.0
BOL,2015,10.2394941144455,31.6041948702335,2996.01289811344,11014705.0
BOL,2016,11.1718754150532,31.2553672123053,3035.87347732132,11180020.0
BOL,2017,7.67713722474752,30.9161983725264,4048.40119739839,11344587.0
BOL,2018,7.45035399971013,30.5866120186001,4206.8552936661,11508368.0
BOL,2019,7.63288264501605,30.2665013291613,4203.15492855788,11671386.0
BOL,2020,9.12405586834666,29.9557364471746,3580.96761778303,11816299.0
BOL,2021,8.81001912255763,29.6549587173835,4010.76053686204,11937360.0
BOL,2022,8.66028481306177,29.3647401291869,4219.46113742445,12077154.0
BOL,2023,9.31098009756551,29.0848585955462,4274.70820547613,12244159.0
BRA,2010,4.11575648779356,15.656153963692,11403.2821278747,193701929.0
BRA,2011,4.34203412783304,15.3774241400317,13396.6243562986,195284734.0
BRA,2012,4.16832822439069,15.1026125818688,12521.7213519966,196876111.0
BRA,2013,4.50688618256533,14.8323414557274,12458.8912138813,198478299.0
BRA,2014,4.32561053879483,14.5668632101832,12274.9939689363,200085127.0
BRA,2015,4.31914942964047,14.3064302938119,8936.19661712113,201675532.0
BRA,2016,4.89135358790863,14.0512951551892,8836.28652735657,203218114.0
BRA,2017,4.60059169568986,13.8017102428909,10080.5092819305,204703445.0
BRA,2018,4.4203993038464,13.5579280054928,9300.66164923219,206107261.0
BRA,2019,4.20501409463474,13.3202008915704,9029.83326681073,207455459.0
BRA,2020,5.71148511499007,13.0887813496996,7074.19378337644,208660842.0
BRA,2021,6.5587626121061,12.8639218284561,7972.5366498646,209550294.0
BRA,2022,5.76747490819457,12.650443756119,9281.33334441234,210306415.0
BRA,2023,6.02306023526246,12.3840289764237,10377.5892792557,211140729.0
BRB,2010,1.67748044611002,40.7633991009644,19723.2381931602,275243.0
BRB,2011,1.58993660808425,40.763306794386,20146.2381264508,276139.0
BRB,2012,1.73171496111228,40.7627848937076,19811.2953079751,276938.0
BRB,2013,1.82045606338746,40.7614629164326,20384.4910233555,277665.0
BRB,2014,1.73293958856979,40.7589686570466,20423.7177921163,278348.0
BRB,2015,1.63003084162211,40.7549299100355,20429.4747123553,278990.0
BRB,2016,1.69589629439235,40.7489744698847,20311.4094163764,279598.0
BRB,2017,1.75316076515342,40.74073013108,20870.7596432179,280171.0
BRB,2018,2.16849354932179,40.729824688107,21378.2201267496,280711.0
BRB,2019,2.25994788015679,40.7158859354514,21929.435611489,281207.0
BRB,2020,3.09376013250699,40.6985416675989,19180.9915228365,281698.0
BRB,2021,1.98021547040137,40.6779634566181,21084.4013935998,282147.0
BRB,2022,1.44818197319859,40.6461485892314,24393.2193483944,282318.0
BRB,2023,1.6524151949563,40.5764259764225,25583.8722302505,282336.0
BRN,2010,0.733349877488411,24.7493440970002,34937.5555357155,392332.0
BRN,2011,0.572775314042004,24.687874495222,46382.8274255349,399389.0
BRN,2012,0.655156683935105,24.7285766496973,46968.5971164922,405557.0
BRN,2013,0.684937439812632,24.8243084851392,44003.0644273461,411202.0
BRN,2014,0.862827317122997,24.9427360198498,41026.5084247957,416750.0
BRN,2015,1.10321250063154,25.0515379431438,30625.1287744656,422212.0
BRN,2016,1.20365462606268,25.1183929443359,26663.2972950602,427564.0
BRN,2017,1.08645090330462,25.1523559345017,28024.3824580252,432772.0
BRN,2018,1.01764195887903,25.1827528285695,30988.1190267227,437810.0
BRN,2019,0.986055130118515,25.2076688216327,30426.5730656528,442680.0
BRN,2020,1.21750283610591,25.2251891087849,26834.3592233943,447404.0
BRN,2021,1.25629022275081,25.2332683063825,31006.9636289785,451721.0
BRN,2022,1.09616028876241,25.2227357985779,36632.9280952155,455370.0
BRN,2023,1.17312222164113,25.1800806118635,32890.5491812019,458949.0
BTN,2010,12.4128589573486,66.0948032186448,2435.5798056672,701632.0
BTN,2011,11.7996340560809,65.5362393311623,2787.97967608562,709377.0
BTN,2012,11.5729895457402,64.9811355751635,2751.2128864294,717279.0
BTN,2013,11.8526302443834,64.4259996841411,2679.95217201538,725273.0
BTN,2014,12.0637822394106,63.8673393915878,2849.49998647303,733139.0
BTN,2015,11.9950705393551,63.3016624309963,2954.04081911097,740618.0
BTN,2016,12.0023717482714,62.7254765358593,3152.30905106786,747866.0
BTN,2017,12.9297924115136,62.1354455004984,3435.28804735662,754335.0
BTN,2018,13.5509200361014,61.5338107223025,3400.20417245342,759759.0
BTN,2019,12.9339527848851,60.9253176594854,3576.87987100503,764824.0
BTN,2020,15.703075564462,60.3111160126561,3191.66906999331,770006.0
BTN,2021,15.7947840049801,59.6924800125621,3570.61257980872,775442.0
BTN,2022,14.6710119560904,59.0634856382419,3711.32767981591,780914.0
BTN,2023,14.9931086909036,58.2647542010061,3831.32535564326,786385.0
BWA,2010,2.0910409188325,36.5054025334723,6215.73216077919,2033111.0
BWA,2011,2.11892300680962,35.9812189277111,7287.38295334919,2073535.0
BWA,2012,2.3148110827158,35.6006752173096,6595.53845015424,2108617.0
BWA,2013,1.99354322327234,35.2420264541607,6666.91219583487,2140682.0
BWA,2014,1.81959835253259,34.9034877599175,7122.36423421503,2172044.0
BWA,2015,1.94776486758829,34.5896415686705,6141.20394726616,2203273.0
BWA,2016,1.97588757367029,34.3050703145101,6749.05994339013,2234776.0
BWA,2017,1.8419939490754,34.0543564315269,7104.96401088027,2266747.0
BWA,2018,2.11731083204729,33.8420823538112,7407.95940141786,2299141.0
BWA,2019,2.08342949351655,33.6728305154536,7172.08956480028,2332083.0
BWA,2020,2.20806905804054,33.5511833505446,6323.2974967659,2365894.0
BWA,2021,1.78859292903854,33.4817232931745,7807.88794570471,2401441.0
BWA,2022,1.57978982179367,33.4110212829523,8328.7090572666,2439892.0
BWA,2023,1.67651816572999,32.9787344650136,7827.30027960734,2480244.0
CAF,2010,37.3635795959409,61.3755036895797,476.873786950728,4492995.0
CAF,2011,37.5690227836114,61.1969330534993,534.057281471636,4565021.0
CAF,2012,36.8141664735428,60.9698303961483,544.395849142785,4610848.0
CAF,2013,32.2589062460725,60.6957036517223,364.36696260838,4642419.0
CAF,2014,33.9856217226143,60.3773478131262,409.8504859647,4623182.0
CAF,2015,31.5273810283745,60.0175578732649,366.322853938121,4629320.0
CAF,2016,31.9189914897237,59.6191288250434,387.176203444318,4713663.0
CAF,2017,32.7901712257048,59.1848556613666,432.324025684263,4793511.0
CAF,2018,31.2413315121572,58.7175333751394,455.243962859534,4878657.0
CAF,2019,28.3418324649438,58.2199569592668,449.228467602439,4944703.0
CAF,2020,29.4959372264099,57.6949214066537,462.879071294011,5026628.0
CAF,2021,35.7553299980455,57.1452217102051,492.263142830507,5112100.0
CAF,2022,36.2171100024119,56.7248032542715,467.359825026238,5098039.0
CAF,2023,28.6110555239693,56.3016307865835,495.978897288721,5152421.0
CAN,2010,1.49323070348344,18.9879107747063,47560.8378831258,34005902.0
CAN,2011,1.76565550890832,18.8968574565787,52224.1237767406,34339221.0
CAN,2012,1.81135268317938,18.8486516751209,52670.1429540952,34713395.0
CAN,2013,1.89424545337458,18.816560042542,52637.7313222622,35080992.0
CAN,2014,1.58654648681462,18.788816838444,50960.8942086685,35434066.0
CAN,2015,1.86983406717295,18.7534329723301,43594.2379080706,35704498.0
CAN,2016,1.86222405438563,18.6976988906297,42314.1033623905,36110803.0
CAN,2017,1.88999021790618,18.5981054167774,45129.7335281051,36545075.0
CAN,2018,1.69989005552688,18.4499658353347,46539.2177903178,37072620.0
CAN,2019,1.69707568569413,18.2636327952059,46352.9695208927,37618495.0
CAN,2020,1.83978682557174,18.0490111289434,43537.8981198851,38028638.0
CAN,2021,1.59798849520844,17.8220720920725,52886.6407813788,38239864.0
CAN,2022,1.93275289413659,17.6499102646032,56496.9275340663,38950132.0
CAN,2023,,17.4749435591654,54847.5370112652,40049088.0
CHE,2010,0.660915423473041,26.3913283580677,77956.1262043942,7824909.0
CHE,2011,0.676018757141646,26.34941251385,91910.3964565203,7912398.0
CHE,2012,0.633709414014706,26.2477370416378,87269.5594780124,7996861.0
CHE,2013,0.660494448808131,25.8878615214449,88851.2374497983,8089346.0
CHE,2014,0.704200947707509,25.2597320940418,90511.6484558843,8188649.0
CHE,2015,0.616778703156649,24.3955039856831,85265.06205193,8282396.0
CHE,2016,0.654422804507368,23.3273324226229,83432.4111596314,8373338.0
CHE,2017,0.63541491743859,22.0873726311157,83610.248611484,8451840.0
CHE,2018,0.631437161415847,20.7077798374156,87002.3382293532,8514329.0
CHE,2019,0.642940291854216,19.2207092677771,85872.9702303454,8575280.0
CHE,2020,0.696554620330853,17.6583161484543,87529.7016394892,8638167.0
CHE,2021,0.61398916783592,15.7993522391121,96582.8687080693,8704546.0
CHE,2022,0.59797791296259,15.0793733715479,97809.095567203,8777088.0
CHE,2023,0.609392602614754,14.8145787320185,104449.75451772,8888822.0
CHI,2010,,67.8131770919617,56123.4597963451,158621.0
CHI,2011,,67.673664983612,60415.2632075658,159706.0
CHI,2012,,67.5585665395252,58809.5698945413,160767.0
CHI,2013,,67.4567748224191,59308.4666588674,161777.0
CHI,2014,,67.3724404725163,64697.5485024325,162726.0
CHI,2015,,67.3092215723597,61847.8212238857,163454.0
CHI,2016,0.77509060316217,67.2573740254639,55947.579811974,163883.0
CHI,2017,0.807953278639483,67.2146780644369,55806.3554257428,164319.0
CHI,2018,0.767487166202,67.1874008002029,60784.8125397162,164949.0
CHI,2019,0.747910703064867,67.1764588973124,60564.6293993681,165639.0
CHI,2020,0.65071518437109,67.1752815020549,56785.9402005039,166235.0
CHI,2021,0.726325617227433,67.1851858928059,66915.3963925722,166741.0
CHI,2022,0.65038305783139,67.2079560901736,67627.1417347907,167215.0
CHI,2023,0.59887341153067,67.2445662024949,74585.5224096294,167691.0
CHL,2010,3.47828416321217,13.0439864407791,12632.8704724192,17181464.0
CHL,2011,3.6261825670011,12.9890835346674,14487.3927832032,17351816.0
CHL,2012,3.27493332872821,12.9175056264304,15241.9069981119,17519119.0
CHL,2013,3.47337489216733,12.8172222345779,15683.5486369155,17687006.0
CHL,2014,3.94662053881596,12.6866298502022,14529.6767206336,17864195.0
CHL,2015,3.70940380878663,12.5346679657613,13433.9202987032,18047625.0
CHL,2016,4.19908992069599,12.3693709421819,13649.8520452803,18267221.0
CHL,2017,4.28097139019722,12.1999704242719,14879.9086227187,18558868.0
CHL,2018,3.92743590539619,12.0379506246992,15659.4808675628,18893191.0
CHL,2019,3.98747725626258,11.8726314376462,14496.9345640362,19197744.0
CHL,2020,4.04444700251173,11.7046509561625,13117.9930230086,19370624.0
CHL,2021,3.50384190334655,11.5339488335548,16216.1840860289,19456334.0
CHL,2022,3.23604704755112,11.3604647231315,15399.1044717559,19553036.0
CHL,2023,3.39083152306151,11.1841382782028,17081.5180740049,19658835.0
CHN,2010,9.16649906130733,50.7659729371959,4629.24551710077,1337705000.0
CHN,2011,9.0338458593332,48.1699714660645,5703.76027973346,1345035000.0
CHN,2012,8.96505673533992,46.8996887207031,6405.0574241349,1354190000.0
CHN,2013,8.78442131602471,45.5099983215332,7147.03518622344,1363240000.0
CHN,2014,8.48242940933654,44.2497444152832,7781.06597484974,1371860000.0
CHN,2015,8.22401359479525,42.6702156066895,8175.33285077393,1379860000.0
CHN,2016,7.90065017505416,41.1600761413574,8254.86859320357,1387790000.0
CHN,2017,7.32839239286042,39.7597312927246,8979.67652709856,1396215000.0
CHN,2018,6.91714289236836,38.4998016357422,10085.6638148819,1402760000.0
CHN,2019,7.00621575788341,37.2900848388672,10342.9009524335,1407745000.0
CHN,2020,7.54018198521241,36.4765769733742,10627.4637989619,1411100000.0
CHN,2021,7.08935251618004,35.278923034668,12887.4357242941,1412360000.0
CHN,2022,7.14788692830171,34.7823638916016,12970.6056414327,1412175000.0
CHN,2023,6.88951941080068,34.4698551964477,12951.1782397043,1410710000.0
CIV,2010,17.4889170707842,52.7625698476799,1553.54887048143,22488065.0
CIV,2011,18.4866714886447,52.3202448730377,1596.62826565998,22982000.0
CIV,2012,16.3751498758861,51.8757492446646,1546.9460184731,23467078.0
CIV,2013,15.3429019354945,51.4297667813792,1786.15862031324,23939775.0
CIV,2014,15.2417555256185,50.9826855442632,1991.36539423404,24527395.0
CIV,2015,18.3620416868752,50.5305105310447,1814.71855088017,25246342.0
CIV,2016,17.4349684074971,50.070008965968,1862.59597081287,25989405.0
CIV,2017,16.9409871496938,49.6022690345656,1964.29930338343,26733372.0
CIV,2018,17.8526014022659,49.1281522243605,2130.86619381144,27464173.0
CIV,2019,15.6880480775561,48.6485200228759,2141.76836170115,28193009.0
CIV,2020,16.9334154768944,48.1642339176349,2179.72934832935,28915449.0
CIV,2021,16.1805529630135,47.6816538043941,2455.98127641148,29639736.0
CIV,2022,16.5843332097616,47.1507450323327,2333.37128301259,30395002.0
CIV,2023,15.9442578438607,46.5924798361296,2591.9659048119,31165654.0
CMR,2010,17.2697108767217,49.1494924628638,1398.58702025047,19668066.0
CMR,2011,16.6973907363193,48.7770156965875,1513.96056994878,20232304.0
CMR,2012,16.6572401682217,48.4112880017139,1449.09874362279,20809529.0
CMR,2013,16.7236611922507,48.0524408122976,1575.92882118897,21402376.0
CMR,2014,16.8258381780095,47.7006055623291,1649.4433905949,22059893.0
CMR,2015,17.2094159041593,47.3559136857258,1415.00009710569,22763414.0
CMR,2016,17.1926623891151,47.0184966163208,1441.7201725688,23454161.0
CMR,2017,16.6929418227731,46.6884857878496,1496.08951771242,24128601.0
CMR,2018,16.4988006978593,46.3660126339347,1610.69641591017,24806383.0
CMR,2019,16.8022835644401,46.0512085880669,1555.22660476477,25506095.0
CMR,2020,17.4968650540914,45.7442050835826,1555.60370660749,26210558.0
CMR,2021,16.9592035415957,45.4451335536365,1672.32657340872,26915758.0
CMR,2022,16.5461644132745,45.1541254311682,1604.87726954895,27632771.0
CMR,2023,17.0996372773511,44.8713121488612,1720.47510154506,28372687.0
COD,2010,28.8558506334207,60.608636291706,352.400398754692,68563038.0
COD,2011,15.741544467002,60.2150307174141,372.514273875789,70849311.0
COD,2012,15.3232580698254,59.8229614420849,409.931424783784,73254618.0
COD,2013,13.6738761208634,59.4324736802842,460.370334930107,75789395.0
COD,2014,12.488689362081,59.0436126465775,489.175952097319,78403242.0
COD,2015,12.456053797914,58.6564235555306,495.826633014883,81035531.0
COD,2016,12.2895509013421,58.2709516217089,459.765036590388,83956415.0
COD,2017,12.2591059827241,57.8872420596783,431.052559128788,87083398.0
COD,2018,12.3021936655493,57.5053400840042,518.169626875371,90047644.0
COD,2019,13.1512157041087,57.1252909092524,504.00419142286,92947442.0
COD,2020,13.7461066368954,56.7471397499885,486.425572682256,95989998.0
COD,2021,11.3157062519,56.3709318207782,595.743074403567,99148932.0
COD,2022,10.3370074738162,55.996712336187,687.738587554685,102396968.0
COD,2023,10.3773951595278,55.6245265107806,660.21205238997,105789731.0
COG,2010,4.03853452122591,37.6077128941261,2946.55798067708,4462290.0
COG,2011,3.98393619152519,37.4402491869769,3396.16505817952,4609724.0
COG,2012,3.79877492298434,37.2812830905655,3732.32737320389,4740450.0
COG,2013,4.26008218811564,37.1317182819314,3697.41705884249,4857099.0
COG,2014,4.55765474287642,36.9924584381141,3601.2365808718,4975880.0
COG,2015,5.81058893116428,36.864407236153,2439.35189403696,5097581.0
COG,2016,6.76365035154121,36.7484683530877,2093.10728558843,5222536.0
COG,2017,7.30993971951451,36.6455454659577,2211.63309874797,5351011.0
COG,2018,6.78839255400222,36.5565422518025,2694.43413191427,5483118.0
COG,2019,7.3469917082119,36.4823623876615,2488.42466724916,5616661.0
COG,2020,10.6904243097029,36.4239095505743,1993.586671931,5752791.0
COG,2021,9.09674868938002,36.3820874175804,2516.16255145432,5892183.0
COG,2022,8.0419106943363,36.3577996657193,2620.83804267402,6035104.0
COG,2023,8.95211587630601,36.3373242384375,2477.97845544866,6182885.0
COL,2010,6.32485387641069,23.2767024327881,6398.2958447102,44777319.0
COL,2011,6.09169610822215,23.160996386794,7400.9940695669,45259614.0
COL,2012,5.58268705354932,23.057788796735,8108.59838244229,45715810.0
COL,2013,5.39271495449472,22.9684011810078,8279.10255642981,46151584.0
COL,2014,5.44695721474421,22.8941550580091,8187.20824890084,46565429.0
COL,2015,5.98042480849816,22.8363719461354,6248.51490534512,46969940.0
COL,2016,6.60641226605787,22.7963733637834,5959.84250367574,47437512.0
COL,2017,6.38966355268118,22.7754808293497,6479.53231292429,48131078.0
COL,2018,6.22570968960033,22.7195183401916,6816.96818309544,49024465.0
COL,2019,6.41072082168314,22.5404471481623,6472.54544924705,49907985.0
COL,2020,7.50848046663348,22.3617466462955,5339.68711357943,50629997.0
COL,2021,7.77187301385002,22.1660429673872,6222.62164397614,51188173.0
COL,2022,8.83154473689041,21.9535366862665,6680.44506854481,51737944.0
COL,2023,8.79586693548387,21.724428420456,7012.49169137756,52321152.0
COM,2010,30.4159781880526,71.1459017086199,1386.57533553376,654836.0
COM,2011,30.5642731101881,70.8863249746314,1531.43969320468,668056.0
COM,2012,30.1730899304755,70.602049306101,1490.31425650871,681630.0
COM,2013,30.7898620674783,70.2956517478518,1603.32653496691,696192.0
COM,2014,30.0114530891401,69.9697093447068,1615.71709756316,711503.0
COM,2015,30.5986282117727,69.6267991414888,1329.37048235986,726682.0
COM,2016,31.3684720287721,69.2694981830208,1365.48403444497,741741.0
COM,2017,31.8988868689753,68.9003440310707,1423.9248027797,756669.0
COM,2018,33.7201530586489,68.5926354804161,1540.71132257526,771590.0
COM,2019,35.6200979878781,68.2712415931757,1519.26386436068,786578.0
COM,2020,35.7974035819198,67.9361927805119,1527.16991011916,802163.0
COM,2021,35.2409488047407,67.5875555686754,1587.72988658008,818174.0
COM,2022,35.1643241181568,67.2253964471252,1533.87755393614,834188.0
COM,2023,34.1551138143977,66.8497819053099,1723.89474946474,850387.0
CPV,2010,5.82909277007133,38.2025737267698,3579.46006137809,509784.0
CPV,2011,5.39925327001121,37.2580070963116,4002.01386888785,511447.0
CPV,2012,5.79088758494564,36.2739545479004,3736.81517011087,511955.0
CPV,2013,5.82359125603063,35.2513792478174,3960.97596791345,512225.0
CPV,2014,5.73506923863287,34.1914887287258,3985.60706548134,512326.0
CPV,2015,6.4082863760272,33.0954905232884,3415.06266730931,512394.0
CPV,2016,6.31352277353712,31.9645921641684,3608.96605234906,512554.0
CPV,2017,5.37533502619645,30.8000011840287,3893.09571382506,512893.0
CPV,2018,4.52276867410321,29.6029251155323,4294.96510035729,513415.0
CPV,2019,4.437360866953,28.3745714913423,4380.78117331128,514104.0
CPV,2020,6.19132745485182,27.1161478441216,3539.22661248299,514679.0
CPV,2021,5.97147405923183,25.8392069107173,3971.44409203423,516649.0
CPV,2022,4.95404868851136,24.966261939151,4323.31362032709,519741.0
CPV,2023,4.85483833304009,24.0935754246624,4794.90119772843,522331.0
CRI,2010,6.48518943828866,28.4918551025085,8265.78820580299,4555962.0
CRI,2011,5.59987200236542,27.1573413320086,9276.39109377477,4609833.0
CRI,2012,5.13084175441445,26.6104979331783,10126.9991155066,4663934.0
CRI,2013,4.78335102557187,26.0568223807137,10803.2401795009,4716147.0
CRI,2014,4.88788395875916,25.5133036818788,10911.4978703456,4767119.0
CRI,2015,4.74911027286369,24.9801804232451,11714.7106121672,4818038.0
CRI,2016,4.91435592970492,24.4576911914953,12091.0301560892,4866998.0
CRI,2017,4.69977628322676,23.9460745734392,12317.0902779911,4913177.0
CRI,2018,4.47325083104707,23.4455691560332,12620.0207321581,4957818.0
CRI,2019,4.18025788974533,22.9564135264037,12951.8588421841,4999553.0
CRI,2020,4.31579869146708,22.4788462718743,12475.6852076814,5034320.0
CRI,2021,4.34558711185467,22.0131059799991,12962.2716075659,5059988.0
CRI,2022,4.02952141180054,21.5594312386028,13971.7649991294,5081765.0
CRI,2023,3.73326442310783,21.1180606358298,17140.771430122,5105525.0
CUB,2010,3.61428926750404,23.3900867531315,5272.26755824835,11297409.0
CUB,2011,3.60487027105378,23.292336097212,6104.46105236166,11301571.0
CUB,2012,3.85009775638835,23.2223079933156,6470.83673392653,11303175.0
CUB,2013,3.92492352361694,23.18359375,6828.36428245396,11298167.0
CUB,2014,3.93770588957314,23.1557540893555,7146.70459051328,11285775.0
CUB,2015,3.83575415916853,23.1297149658203,7727.91997207998,11275065.0
CUB,2016,3.9383388809409,23.0884170532227,8110.55874283616,11265612.0
CUB,2017,3.80018101210528,23.0396728515625,8610.60829605429,11247829.0
CUB,2018,3.78237294808932,22.9843673706055,8911.46205998726,11227118.0
CUB,2019,3.56732632295441,22.9271774291992,9232.26115935183,11202846.0
CUB,2020,2.7619420225054,22.8919677734375,9605.27914559614,11176354.0
CUB,2021,0.882032508097678,22.9012298583984,,11122168.0
CUB,2022,0.800672255103121,22.8943939208984,,11059820.0
CUB,2023,1.40578740133741,22.8740127703679,,11019931.0
CUW,2010,0.441001800600715,8.75086967216031,19847.2310127979,148703.0
CUW,2011,0.309495090731695,8.7360583815896,19426.326382752,150831.0
CUW,2012,0.188964280562745,8.7208699387689,19809.8223198624,152088.0
CUW,2013,0.22782320389,8.7061214131203,19721.2921646576,153822.0
CUW,2014,0.207328308869147,8.6917969189052,19623.029993395,155909.0
CUW,2015,0.205942605210667,8.6779528350245,19361.8130008678,157980.0
CUW,2016,0.16956720845354,8.6646455403795,18944.0961493998,159664.0
CUW,2017,0.166280974292915,8.6519314138713,18938.2440469703,160175.0
CUW,2018,0.214779296434087,8.63986683440091,19119.1243941688,159336.0
CUW,2019,0.231767604640278,8.6285081808695,19220.6866958303,157441.0
CUW,2020,0.268419351323097,8.61791183217819,16299.8134688605,155482.0
CUW,2021,0.259156337604847,8.608134167228,17795.5826483092,153948.0
CUW,2022,0.266175017331497,8.5992315649201,20057.1404960105,153321.0
CUW,2023,0.268253249045421,8.5919070707765,21217.8109173312,154654.0
CYM,2010,0.312850351574142,0.0,76837.6699636672,54099.0
CYM,2011,0.329023759250102,0.0,75280.960764889,55606.0
CYM,2012,0.330634392733331,0.0,75101.59136128,57136.0
CYM,2013,0.34097402629238,0.0,75113.7332398618,58655.0
CYM,2014,0.357974783468847,0.0,75845.3060407986,60160.0
CYM,2015,0.378694095538705,0.0,76379.2095108681,61642.0
CYM,2016,0.399458774449959,0.0,77802.2541567187,63100.0
CYM,2017,0.418315712387287,0.0,80053.9444506891,64535.0
CYM,2018,0.408587365212128,0.0,83865.5531568184,65941.0
CYM,2019,0.414317853358841,0.0,88254.2903677044,67327.0
CYM,2020,0.435397889334994,0.0,82338.7977439023,68684.0
CYM,2021,0.454181072913047,0.0,86449.6749037302,70108.0
CYM,2022,0.469402852319854,0.0,92937.8838323153,71591.0
CYM,2023,0.407922277766161,0.0,100065.233841107,73038.0
CYP,2010,2.05766089497283,32.4770888443658,31105.02734375,1127816.0
CYP,2011,2.14531860991971,32.6020107241456,32485.8046875,1146493.0
CYP,2012,2.00128009868188,32.6989710851262,28991.9296875,1165397.0
CYP,2013,2.03633566673278,32.7897666374625,27764.7265625,1183895.0
CYP,2014,1.84487621232733,32.8769441180196,26993.095703125,1201801.0
CYP,2015,1.86798451841109,32.9597522081927,23088.4296875,1219502.0
CYP,2016,2.14376219902412,33.0374395893769,24280.044921875,1237112.0
CYP,2017,1.85263298228741,33.1092549429674,26247.46484375,1254275.0
CYP,2018,1.71813809861456,33.1744469503595,29120.38671875,1270737.0
CYP,2019,1.74820535403514,33.2322642929482,29227.16796875,1286671.0
CYP,2020,1.82533569194245,33.2819556521287,28130.330078125,1302247.0
CYP,2021,1.50250271739903,33.3281634605029,32937.8359375,1317309.0
CYP,2022,1.186076126012,33.3305170592416,33231.05078125,1331370.0
CYP,2023,1.15495918435607,33.3260522477361,36623.70703125,1344976.0
CZE,2010,1.52258196973334,26.6504400777277,20160.4355077059,10474410.0
CZE,2011,1.96393230867654,26.7121661605254,22049.1080788682,10496088.0
CZE,2012,2.23162666151254,26.7750760407102,20014.0354015165,10510785.0
CZE,2013,2.34758315581321,26.8377813065021,20260.4954999375,10514272.0
CZE,2014,2.39269564510297,26.9004078958531,20038.4163180257,10525347.0
CZE,2015,2.25892571347988,26.9629557125645,17931.5987670768,10546059.0
CZE,2016,2.14809736879598,27.0254246604377,18753.9686718096,10566332.0
CZE,2017,2.10545968755889,27.0878146432744,20913.197632212,10594438.0
CZE,2018,1.96856224682798,27.1501255648759,23705.9329811299,10629928.0
CZE,2019,1.89151770908811,27.2123573290437,24062.7190013343,10671870.0
CZE,2020,1.94399138825301,27.2745098395792,23472.8915454417,10697858.0
CZE,2021,1.75886666492278,27.3189405625684,27696.4619527544,10505772.0
CZE,2022,2.07634975500264,27.3032361620476,28282.2236715857,10672118.0
CZE,2023,2.14121915412639,27.2647611603183,31761.5944102491,10864042.0
DEU,2010,0.775984032180357,19.694297440051,42396.9665976293,81776930.0
DEU,2011,0.924638957956395,19.6594237071802,47630.9761883572,80274983.0
DEU,2012,0.911412934754651,19.606552479782,44718.0159214069,80425823.0
DEU,2013,0.927130138706706,19.5267681599638,47206.8353514242,80645605.0
DEU,2014,0.915606456087681,19.42425976257,48959.5991203133,80982500.0
DEU,2015,0.708512712866412,19.3025628367186,41929.7549110722,81686611.0
DEU,2016,0.730531013610999,19.1652129315275,42948.9381932694,82348669.0
DEU,2017,0.860007620510574,19.0157455961147,45553.9341495339,82657002.0
DEU,2018,0.742451289010288,18.8576963795982,48916.1686612154,82905782.0
DEU,2019,0.833126017731138,18.6946008310961,47656.199739747,83092962.0
DEU,2020,0.728659526127881,18.5299944997262,47394.8734504469,83160871.0
DEU,2021,0.753895620719434,18.3674129346066,52349.2459994422,83196078.0
DEU,2022,0.994638278032481,18.2132147219005,50506.5179638543,83177813.0
DEU,2023,0.929156663056282,18.0965633307871,54776.7668235491,83287273.0
DJI,2010,,29.3513445217097,1213.23352553429,930251.0
DJI,2011,,29.3223467541324,1306.34552844977,948558.0
DJI,2012,,29.2733688664623,1400.19357858954,966747.0
DJI,2013,1.19392304728354,29.2030668712516,2075.94498424748,984824.0
DJI,2014,1.22411023326762,29.1100967810522,2214.62084142432,1002717.0
DJI,2015,1.05900752644099,28.9931146084163,2376.12554719873,1020313.0
DJI,2016,0.99558771996226,28.8507763658959,2510.4300076241,1037653.0
DJI,2017,1.29424095183589,28.681738066043,2618.95521147369,1054841.0
DJI,2018,1.41671102035767,28.4846557214098,2718.08338799203,1071882.0
DJI,2019,1.51935229833123,28.2581853445482,2837.16902340932,1088709.0
DJI,2020,1.99744473588682,28.0009829480105,2844.88810647853,1105188.0
DJI,2021,3.00716226184265,27.7117045443485,3025.91126413549,1121248.0
DJI,2022,2.63101792247644,27.3890061461144,3133.25779772463,1137096.0
DJI,2023,2.50202235262172,27.1591754011079,3381.29779710722,1152944.0
DMA,2010,12.1671107564725,32.0016730088016,7549.61964680375,68859.0
DMA,2011,13.1398699725745,31.6021834397273,7705.40717248319,69053.0
DMA,2012,12.5284705614395,31.245390662906,7528.51001990155,69118.0
DMA,2013,14.0710957769054,30.880295802278,7822.21797211398,69715.0
DMA,2014,13.5810858914367,30.5092152889748,8131.74876096735,70373.0
DMA,2015,13.5413888147951,30.1320846536472,8282.59874702141,70410.0
DMA,2016,13.5004110450215,29.7488394269459,8802.56172041363,69606.0
DMA,2017,11.743783940147,29.3594151395213,8224.64896571414,68496.0
DMA,2018,9.64769551837572,28.9637473220238,9215.3085405645,68174.0
DMA,2019,10.1167002012072,28.5617715051036,9491.14995962374,67880.0
DMA,2020,12.2529146098099,28.153423219411,7827.74842680426,67573.0
DMA,2021,14.0151066545603,27.7386379955958,8376.40414141113,67202.0
DMA,2022,12.9438199575573,27.317351364308,9323.66089490562,66826.0
DMA,2023,12.1097217072814,26.8894988561973,9912.96212766668,66510.0
DNK,2010,1.1884393485634,13.1347579956055,58104.5445594981,5547683.0
DNK,2011,1.26832807403315,12.8432346044154,61809.737898222,5570572.0
DNK,2012,1.61758219917433,12.7663803100586,58443.7747103968,5591572.0
DNK,2013,1.25664041508446,12.4563475239568,61377.5940590412,5614932.0
DNK,2014,1.35342720224903,12.3176014268093,62520.4509747011,5643475.0
DNK,2015,0.908318060929302,12.2745943422671,53094.0133607574,5683483.0
DNK,2016,0.92879780499665,12.3000030517578,54500.9260410217,5728010.0
DNK,2017,1.25985806734514,11.9838056200491,57521.5514992225,5764980.0
DNK,2018,0.99704488734783,11.8940237689311,61324.7665045565,5793636.0
DNK,2019,1.24122741169144,11.7903509189331,59404.2663247723,5814422.0
DNK,2020,1.33752008668451,11.7605514526368,60985.4885601514,5831404.0
DNK,2021,1.08103120928969,11.7383550681851,69340.7334922138,5856733.0
DNK,2022,1.00228533729664,11.6119760162297,67781.0940939514,5903037.0
DNK,2023,1.03787056976317,11.447361457133,68043.5466971243,5946952.0
DOM,2010,5.87493178504912,25.8357226825823,5478.62470398954,9820175.0
DOM,2011,5.4136207001604,25.7559610498699,5826.51014109195,9945621.0
DOM,2012,5.13892705786417,25.7601320030432,6013.81965002603,10070411.0
DOM,2013,4.99410588425629,25.7748640048784,6136.59429329301,10193833.0
DOM,2014,4.83780303264764,25.8068466177847,6496.45166971142,10315528.0
DOM,2015,5.05883234424627,25.8627694041715,6800.95309395474,10434829.0
DOM,2016,5.02704510564373,25.9493219264478,7160.44200982307,10551430.0
DOM,2017,4.83760934052653,26.073193747023,7412.71571571512,10666843.0
DOM,2018,4.57147323875274,26.2410744283062,7882.98221584944,10782053.0
DOM,2019,4.32511956961036,26.4596535327067,8183.01623600375,10894043.0
DOM,2020,4.52252840237889,26.7356206226337,7135.22273255899,11008300.0
DOM,2021,4.21567590284055,27.0756652604965,8527.0754858205,11123476.0
DOM,2022,4.15371984188711,27.5796844356289,10104.2464008585,11230734.0
DOM,2023,4.29425303998525,27.6422008176662,10630.431743829,11331265.0
DZA,2010,7.53171561491377,32.8764942132541,4912.78585503672,36188236.0
DZA,2011,7.08352512171367,32.2655992492422,5916.31364364343,36903376.0
DZA,2012,8.02697167412095,31.6578741446325,6033.64884689543,37646166.0
DZA,2013,9.12007464194984,31.0536163920723,5979.60138960585,38414171.0
DZA,2014,9.40707440856373,30.4531234842385,6094.69392314956,39205031.0
DZA,2015,10.5327896965018,29.8566929138388,4685.05902729002,40019529.0
DZA,2016,11.0683130545794,29.2646221736149,4424.98529027556,40850721.0
DZA,2017,11.0318809304784,28.6772087563449,4554.66753957828,41689299.0
DZA,2018,11.2438301354995,28.094750154847,4577.21029180491,42505035.0
DZA,2019,11.4791798857164,27.5175438619825,4468.45341883656,43294546.0
DZA,2020,12.8341693887186,26.9458873706605,3743.5419522929,44042091.0
DZA,2021,11.2354345605089,26.3800781738427,4160.55926736925,44761099.0
DZA,2022,10.6470638553472,25.8204137645486,4960.30334332888,45477389.0
DZA,2023,13.3692450434856,25.267191635862,5370.477235078,46164219.0
ECU,2010,8.33021025899583,37.2594741388356,4520.30959039763,15076695.0
ECU,2011,7.90853917487421,37.2050946452309,5153.6916424375,15326227.0
ECU,2012,6.99944108995073,37.1591267180865,5634.08393191094,15572194.0
ECU,2013,6.96320880489033,37.1162713375878,6109.29031510341,15807128.0
ECU,2014,7.40439967003185,37.0767567804201,6405.79979300441,16035124.0
ECU,2015,8.02049629728797,37.040811323269,5976.1596805651,16266225.0
ECU,2016,8.07212585894998,37.0086632428196,5917.63771271481,16505139.0
ECU,2017,7.90222040951574,36.9805408157575,6233.32244797718,16759519.0
ECU,2018,7.64505994805811,36.9566723187679,6303.91886658338,17049547.0
ECU,2019,7.78676459859086,36.9372860285362,6205.05765246766,17340021.0
ECU,2020,8.38574905899645,36.9226102217479,5463.64515348598,17546065.0
ECU,2021,8.07999983280318,36.9128731750883,6061.32350181711,17682454.0
ECU,2022,7.39303992355462,36.9098164067734,6515.58528418336,17823897.0
ECU,2023,8.05137468415854,36.8692270445737,6718.1447938811,17980083.0
EGY,2010,13.3407591579645,57.0942824479846,2455.08194645282,89196072.0
EGY,2011,13.8691050980964,57.1365831529823,2590.64384891965,91093059.0
EGY,2012,11.2727652713919,57.1881485861475,2996.0677072015,93161001.0
EGY,2013,11.2743496022361,57.2485722811249,3025.52563552448,95333553.0
EGY,2014,11.3377089201878,57.3174477715592,3133.39102265541,97528654.0
EGY,2015,11.3940627685257,57.3943685910952,3306.98159414141,99597342.0
EGY,2016,11.769316084742,57.4789282733775,3270.6287768197,101644589.0
EGY,2017,10.9863806449848,57.5513991312821,2395.10333299491,103696057.0
EGY,2018,10.8302490249025,57.5422822550031,2484.70315630508,105682094.0
EGY,2019,10.6971354538956,57.5187972667352,2962.98892023003,107553158.0
EGY,2020,11.1668239443487,57.4818465369326,3511.11381026379,109315124.0
EGY,2021,11.4369326589725,57.4313937378532,3827.35415374308,110957008.0
EGY,2022,10.9457535224737,57.3674870991968,4233.30783744856,112618250.0
EGY,2023,10.6003111645036,57.2901884958081,3456.78965212363,114535772.0
ERI,2010,,64.3653450012207,539.699512069686,2945186.0
ERI,2011,,64.3293724060059,688.68165957684,2998485.0
ERI,2012,,64.3175735473633,,3036988.0
ERI,2013,,64.3286666870117,,3074360.0
ERI,2014,,64.360279083252,,3095173.0
ERI,2015,,64.408992767334,,3105546.0
ERI,2016,,64.4745712280273,,3124698.0
ERI,2017,,64.5572853088379,,3150347.0
ERI,2018,,64.6548957824707,,3192760.0
ERI,2019,,64.7647666931152,,3240194.0
ERI,2020,,64.883861541748,,3291271.0
ERI,2021,,65.0128860473633,,3350183.0
ERI,2022,,65.1530723571777,,3409447.0
ERI,2023,,65.303596496582,,3470390.0
ESP,2010,2.41740898393438,21.4861843765112,30658.7422282912,46576897.0
ESP,2011,2.3625185975353,21.304602043505,31824.6219134777,46742697.0
ESP,2012,2.39776671776239,21.1544319698382,28456.4438151477,46773055.0
ESP,2013,2.60946207875576,21.0141913097888,29228.846559842,46604197.0
ESP,2014,2.52697678134345,20.8803286166512,29707.765509467,46460733.0
ESP,2015,2.72327046339292,20.7545107256977,25982.4416197775,46422303.0
ESP,2016,2.81522075003094,20.6384044722003,26755.6061149398,46458139.0
ESP,2017,2.80344676690393,20.5336766914317,28381.3425596906,46571232.0
ESP,2018,2.70128254621885,20.4419942186639,30602.4212881113,46782011.0
ESP,2019,2.51980122994951,20.3650238891693,29786.5245689007,47118501.0
ESP,2020,2.78468031745976,20.3044325382201,27233.9426461608,47359424.0
ESP,2021,2.76824927112995,20.2153757016402,30799.4775937775,47443821.0
ESP,2022,2.36964000049424,20.0451205432186,30319.4987196616,47786102.0
ESP,2023,2.6062235563618,19.871508998144,33493.2225409111,48352528.0
EST,2010,3.17092945309266,32.1951957073738,14663.7041018705,1331475.0
EST,2011,3.66566862923271,32.1224443665494,17555.5455239426,1327439.0
EST,2012,3.2843229052027,32.0370406679684,17568.2137969714,1322696.0
EST,2013,3.04742973666601,31.9076541703232,19310.3874900757,1317997.0
EST,2014,3.11496161660999,31.7331617191968,20581.7898991695,1314545.0
EST,2015,2.80642152865051,31.5203390309447,17722.1557669523,1315407.0
EST,2016,2.0715978609001,31.275961821922,18666.3736521706,1315790.0
EST,2017,2.33885596628311,31.0068058084842,20851.5223496861,1317384.0
EST,2018,2.04938469969066,30.7196467069867,23618.1361254581,1321977.0
EST,2019,2.265648962634,30.4212602337846,24021.2501413306,1326898.0
EST,2020,1.93181527353408,30.1184221052335,23933.9939421065,1329522.0
EST,2021,1.94353771254558,29.8222725864178,27951.1659277744,1330932.0
EST,2022,2.44640859997873,29.5107666263262,28340.3826549406,1348840.0
EST,2023,1.71558125919165,29.3229914476874,30264.0064885057,1370286.0
ETH,2010,41.4468200699758,82.5062160491943,330.619412798644,90538514.0
ETH,2011,41.2499638574537,82.136209487915,343.024942351887,93149970.0
ETH,2012,44.3309427521463,81.7938632965088,452.101031885754,95798767.0
ETH,2013,41.2395055340925,81.384485244751,484.039833104062,98438751.0
ETH,2014,38.5204496889284,80.9737129211426,549.986577082588,101115610.0
ETH,2015,36.0569753905786,80.548433303833,597.912113218663,103867135.0
ETH,2016,34.6969564523634,80.1236381530762,641.651523286233,106718162.0
ETH,2017,33.7792813400479,79.6915149688721,696.348429076216,109666481.0
ETH,2018,31.218806650139,79.2161903381348,739.702022272086,112664152.0
ETH,2019,33.6333246910556,78.7513294219971,793.473247218996,115737383.0
ETH,2020,35.5582700358115,78.3739948272705,829.790982552951,118917671.0
ETH,2021,37.5791137563489,77.8932914733887,893.009835441784,122138588.0
ETH,2022,37.6422268391462,77.2632312774658,982.103161502198,125384287.0
ETH,2023,35.7864807851174,76.9413528442383,1055.81091593061,128691692.0
FIN,2010,2.36676641136983,30.2144201203053,46506.2919016566,5363352.0
FIN,2011,2.25898661809719,29.9416738125748,51060.3242589767,5388272.0
FIN,2012,2.18836399205502,29.6338636831288,47551.6740841369,5413971.0
FIN,2013,2.21182621856833,29.3257881840723,49691.0145200739,5438972.0
FIN,2014,2.21758033567317,29.0120831059247,50073.7760815871,5461512.0
FIN,2015,2.06049706934612,28.6945069959396,42560.3456767103,5479531.0
FIN,2016,2.08977502932082,28.3841616571829,43451.2562442158,5495303.0
FIN,2017,2.06803556647353,28.0436961687044,46085.0174739036,5508214.0
FIN,2018,2.11422780880102,27.6576532259657,49654.2497035329,5515525.0
FIN,2019,2.18977184111891,27.2568785641686,48358.1807773701,5521606.0
FIN,2020,2.24039393029227,26.9150560208327,48828.6846862799,5529543.0
FIN,2021,2.15907446415076,26.6289784219671,53099.1351400148,5541017.0
FIN,2022,2.24134367895993,26.3032402164051,50440.560224974,5556106.0
FIN,2023,2.33109283712753,25.9937451397172,52864.6931581216,5583911.0
FJI,2010,9.38189737562413,47.9584852214896,3449.14452883369,910419.0
FJI,2011,9.21771557173261,47.4664550524895,4139.60288609702,912989.0
FJI,2012,9.67577870713452,46.9616788705229,4341.40338748749,914918.0
FJI,2013,10.1131069949223,46.4447273700709,4572.44377544245,916352.0
FJI,2014,8.0985227018506,45.9161712456144,5293.35676680464,917585.0
FJI,2015,7.8716240846939,45.3765811916347,5097.53106864695,918578.0
FJI,2016,10.6643336396929,44.8265279026126,5363.79026679243,919166.0
FJI,2017,10.5318273601847,44.2591656550391,5826.84814459328,918759.0
FJI,2018,10.9065639753696,43.7671652614302,6085.41979485376,917180.0
FJI,2019,12.4005161469113,43.29010447743,5842.07344577597,914899.0
FJI,2020,15.6918345311972,42.813315308126,4620.6457238014,914963.0
FJI,2021,17.2536724147942,42.3381635238072,4536.73312110335,916711.0
FJI,2022,14.1928948833304,41.8647298534734,5414.12092119088,919422.0
FJI,2023,12.8245910153207,41.3930950261232,5926.20586394763,924145.0
FRA,2010,1.50088040274637,22.9037155191197,40694.8211697025,65026211.0
FRA,2011,1.55137276231397,22.8817282612491,43929.7840873812,65340830.0
FRA,2012,1.52594468949115,22.8330535080084,40863.5814412333,65657659.0
FRA,2013,1.36140137870511,22.7559278529082,42669.1795111893,65997932.0
FRA,2014,1.46154600121993,22.6475703211387,43148.0459288416,66312067.0
FRA,2015,1.50360116027898,22.2389080849934,36702.4323733379,66548272.0
FRA,2016,1.33798472564444,21.4000885294221,37024.2157133669,66724104.0
FRA,2017,1.43496006533197,21.3532195973632,38687.1626407164,66918020.0
FRA,2018,1.53110170543578,21.3285567463401,41418.1766484844,67158348.0
FRA,2019,1.40828485472535,21.3109215450644,40408.2848574751,67382061.0
FRA,2020,1.4604342657704,21.2880868234751,39169.8606000707,67601110.0
FRA,2021,1.46334541457898,21.2635396607662,43725.0999521245,67842811.0
FRA,2022,1.72017137018833,21.2408078876644,40988.6396406579,68184457.0
FRA,2023,1.48475796304424,21.2195676873453,44700.1384177544,68372286.0
FRO,2010,14.8137133793903,62.7463073730469,47924.1364756678,48656.0
FRO,2011,14.4254642225295,62.7024040222168,51620.0541648551,48542.0
FRO,2012,12.2216295031829,62.6755027770996,50263.0024625867,48290.0
FRO,2013,14.8016017473608,62.2585182189941,55759.364098362,48245.0
FRO,2014,14.9925404162692,62.0906105041504,60173.3057854661,48427.0
FRO,2015,15.6643760466594,61.8568496704102,52638.2668218454,48898.0
FRO,2016,19.4105036381493,61.6799774169922,56876.4302363804,49463.0
FRO,2017,17.9788585658383,61.6675300598145,59388.5365965776,50179.0
FRO,2018,16.3200031785764,61.5941162109375,62525.2647698273,50997.0
FRO,2019,17.0514062234626,61.6054344177246,63070.7228080361,51790.0
FRO,2020,13.7184823893818,61.3310012817383,62247.9273907098,52561.0
FRO,2021,14.2148369483437,61.1916236877441,69421.6981686515,53291.0
FRO,2022,18.7358298803846,61.0040175453243,67069.3987440509,53903.0
FRO,2023,17.7553649648471,60.8024729876355,72486.6910957957,54398.0
FSM,2010,25.2001712328767,77.7096470124862,2715.26873721406,107540.0
FSM,2011,26.8051948051948,77.7085335864528,2859.8488365615,107698.0
FSM,2012,28.5720987654321,77.7057431211575,3003.05867086848,107890.0
FSM,2013,26.8475477707006,77.7013676038854,2904.1536796737,108121.0
FSM,2014,25.2221835443038,77.6953806877521,2915.23672460238,108396.0
FSM,2015,26.5239423076923,77.6877663900589,2869.86276169101,108716.0
FSM,2016,27.0007645259939,77.6785103862445,2997.93719917488,109075.0
FSM,2017,27.4768698060942,77.667598810458,3297.37580036719,109481.0
FSM,2018,22.3979187817259,77.6550179644567,3584.78377566896,109909.0
FSM,2019,23.1956202531646,77.640754222919,3581.72684572278,110282.0
FSM,2020,22.0481374900209,77.6247939963402,3362.02802120524,110916.0
FSM,2021,22.1845195337408,77.6071237144589,3508.22314197664,111624.0
FSM,2022,23.2675927172437,77.5877298180947,3703.66680343222,112114.0
FSM,2023,23.3320526006399,77.5665987548097,3933.01607031874,112630.0
GAB,2010,3.91445441728357,13.8147407527055,8356.74662013345,1719879.0
GAB,2011,3.43228977977158,13.4334616349685,10219.1139339454,1781985.0
GAB,2012,3.35369777676334,13.1161364212999,9296.96587941088,1846889.0
GAB,2013,3.32908065074657,12.8517519328363,9197.70106323947,1913059.0
GAB,2014,3.62120476996243,12.3763982037031,9201.36276648105,1978399.0
GAB,2015,4.31162904410146,11.914691616108,7047.12654634355,2040989.0
GAB,2016,4.97313690987068,11.4554116593822,6677.07003901644,2100306.0
GAB,2017,5.2657648440765,10.9990266743104,6921.73373135624,2156900.0
GAB,2018,5.43595280305822,10.5460050018134,7624.2775233771,2212318.0
GAB,2019,5.5544308701413,10.0968149829606,7441.1786472281,2267706.0
GAB,2020,6.61619761297697,9.6519249589853,6605.80346077904,2322539.0
GAB,2021,6.76982280995704,9.2118032713033,8181.40914134398,2376722.0
GAB,2022,6.50616941615975,8.7756644540012,8409.20741452279,2430747.0
GAB,2023,6.66942563518248,8.3624037202687,7802.82433276138,2484789.0
GBR,2010,0.565712301782542,19.004834883723,39778.3220528565,62766365.0
GBR,2011,0.704214809469773,18.8640314407373,42295.9273835322,63258810.0
GBR,2012,0.62478654917094,18.7094332240492,42688.3263728372,63711000.0
GBR,2013,0.640890919985333,18.5426231305113,43607.6636827371,64138000.0
GBR,2014,0.737947357586346,18.3644249249278,47746.9810645521,64619000.0
GBR,2015,0.633552833586443,18.1756227704353,45256.040227057,65087000.0
GBR,2016,0.590496095532871,17.9770008301705,41258.5374285695,65606000.0
GBR,2017,0.606135163563991,17.76934326727,40918.0520870944,65964000.0
GBR,2018,0.563097756036101,17.5534342448705,43704.3162296687,66287000.0
GBR,2019,0.576929649470186,17.3300579261087,43160.6843971799,66628000.0
GBR,2020,0.683760683760684,17.0999984741211,40815.1255364787,66740000.0
GBR,2021,0.698210493866494,17.0113568476359,47695.6491523474,66978000.0
GBR,2022,0.681106058275464,16.9246017002495,47034.7795621476,67636000.0
GBR,2023,0.648180849687737,16.8398067108665,49919.6896621586,68526000.0
GEO,2010,8.86598672626304,44.8030655251772,3281.72930937343,3786695.0
GEO,2011,9.73887160427603,44.3100742351467,4119.66818307193,3756441.0
GEO,2012,8.56565938989856,43.8316473240021,4530.69533409431,3728874.0
GEO,2013,9.21478687624408,43.3817880980593,4712.00229382665,3717668.0
GEO,2014,9.2042368072631,42.9762387005742,4830.33486170249,3719414.0
GEO,2015,8.54206032187102,42.6196199544328,4086.6223465965,3725276.0
GEO,2016,8.00327332913851,42.3015967994938,4143.40125686315,3727505.0
GEO,2017,6.91860933720368,42.0003172794243,4418.75206546679,3728004.0
GEO,2018,7.56159033807908,41.6961818137424,4804.0546040444,3726549.0
GEO,2019,7.33548626473072,41.3695908219657,4741.2832715876,3720161.0
GEO,2020,8.31654843439314,41.0009447236122,4300.85701291207,3722716.0
GEO,2021,7.22731737039721,40.5706439381995,5083.60695484577,3708610.0
GEO,2022,6.63235520175679,39.9898377320885,6729.84659930283,3712502.0
GEO,2023,6.01579508133932,39.2476922200276,8283.66960652261,3715483.0
GHA,2010,28.0387379636491,49.2703073211296,1263.89251760539,25474995.0
GHA,2011,23.663704967184,48.6695913353512,1507.43573198753,26095088.0
GHA,2012,22.1311546901572,48.0802081618969,1543.77524235764,26734268.0
GHA,2013,20.3698425406713,47.5014205524087,2294.79584693743,27386193.0
GHA,2014,19.5837731324669,46.9336601202852,1949.90832923846,28041592.0
GHA,2015,19.9826505985758,46.3773584789248,1722.77282833606,28696068.0
GHA,2016,20.8442929192419,45.832947241726,1912.47991339951,29356742.0
GHA,2017,19.5617099184239,45.3008580220872,2012.28662641265,30008354.0
GHA,2018,18.1365503192521,44.781522433407,2195.32166016377,30637585.0
GHA,2019,17.323230201462,44.2753720890839,2186.65822682613,31258945.0
GHA,2020,18.8537826616486,43.7828386025163,2195.45481659987,31887809.0
GHA,2021,19.6574735227332,43.3047443173464,2445.18662529344,32518665.0
GHA,2022,19.5136382081198,42.749390397129,2229.89122654479,33149152.0
GHA,2023,20.9430687855615,42.1925262225346,2383.90410476221,33787914.0
GIB,2010,,0.0,,31248.0
GIB,2011,,0.0,,31660.0
GIB,2012,,0.0,,32029.0
GIB,2013,,0.0,,32407.0
GIB,2014,,0.0,,32813.0
GIB,2015,,0.0,,33193.0
GIB,2016,,0.0,,33658.0
GIB,2017,,0.0,,34245.0
GIB,2018,,0.0,,34854.0
GIB,2019,,0.0,,35494.0
GIB,2020,,0.0,,36173.0
GIB,2021,,0.0,,36858.0
GIB,2022,,0.0,,37609.0
GIB,2023,,0.0,,38471.0
GIN,2010,17.4849504866218,66.1924573119794,659.235326211315,10396086.0
GIN,2011,16.0697496615218,65.9267945314397,636.694958747648,10656810.0
GIN,2012,16.8316746641336,65.6686063066233,699.353377212197,10921581.0
GIN,2013,17.5452728357444,65.4187258022878,748.455020824734,11191873.0
GIN,2014,17.5238169176245,65.1822079173318,765.146999389279,11472924.0
GIN,2015,18.478241904135,64.9626808166504,747.356966759448,11767070.0
GIN,2016,17.5899474364211,64.6899719238281,711.996509782316,12073030.0
GIN,2017,20.5284733113745,64.4172668457031,833.598621691121,12385659.0
GIN,2018,22.9400092652548,64.1445617675781,933.273615633705,12704774.0
GIN,2019,26.4272768142306,63.8718452453613,1031.34146480732,13034346.0
GIN,2020,26.3032774879888,63.5197791939449,1053.66097696415,13371183.0
GIN,2021,27.0715374807562,63.1497821563744,1244.96550477914,13710513.0
GIN,2022,28.3819737139685,62.7615032530894,1416.59612011764,14055137.0
GIN,2023,29.4714397653024,62.3545916045295,1555.49375806861,14405468.0
GMB,2010,35.1932434877047,43.9889103394338,801.033372714536,1926630.0
GMB,2011,27.202420609824,43.3303307005775,710.608411468152,1983784.0
GMB,2012,27.393571461515,42.6792695792909,692.579361628102,2043094.0
GMB,2013,26.2221225134284,42.029694388495,653.862713272743,2103820.0
GMB,2014,22.4588391707898,41.3858200344449,568.00453558864,2164528.0
GMB,2015,22.2088860199147,40.7541500591612,619.536364296461,2224529.0
GMB,2016,21.8613793599274,40.1347527513437,650.056501323611,2283769.0
GMB,2017,21.0018946913892,39.528287342763,642.522641296331,2342189.0
GMB,2018,19.8715961801257,38.9354130651893,696.219806960615,2399632.0
GMB,2019,20.0040458725555,38.356789150393,738.186751987483,2456844.0
GMB,2020,21.2440052017636,37.7930748301445,720.335143352133,2515733.0
GMB,2021,23.579267737043,37.2449293362141,781.890925169531,2576010.0
GMB,2022,22.8604385781593,36.7130119003722,836.244875868476,2636470.0
GMB,2023,22.0375866230172,36.1979817543892,883.024111978927,2697845.0
GNB,2010,37.9530889182683,59.9904403686523,600.194298540768,1566347.0
GNB,2011,37.5633896672074,59.5608863830566,719.539573498937,1608076.0
GNB,2012,38.08528951059,59.1313972473145,635.461653303881,1651417.0
GNB,2013,38.6615813465664,58.7023620605469,654.304534409417,1695973.0
GNB,2014,34.8258068713683,58.2728004455566,652.022501029449,1741122.0
GNB,2015,35.1577785508063,57.8431854248047,645.066837207039,1786457.0
GNB,2016,36.3487649050334,57.413890838623,679.665386626818,1831893.0
GNB,2017,36.3584920912937,56.9844207763672,783.123186602022,1877072.0
GNB,2018,32.5475708900674,56.5550918579102,808.531613218504,1922168.0
GNB,2019,31.3857385123606,56.1254425048828,811.210004050041,1967696.0
GNB,2020,36.6407419590115,55.6961669921875,846.918134967613,2013255.0
GNB,2021,40.05238080001,55.2665863037109,926.54619187706,2058841.0
GNB,2022,39.6677212772359,54.8372840881348,881.602654162231,2105529.0
GNB,2023,36.8048503128592,54.4076156616211,964.431832665395,2153339.0
GNQ,2010,1.06137128570531,46.8781193470824,13720.1658723222,1189085.0
GNQ,2011,1.05350238777482,44.0256650903089,17198.2136668275,1241835.0
GNQ,2012,1.05565709179581,40.9893059328797,17308.5723924575,1293483.0
GNQ,2013,1.19199068015273,37.7879926416016,16304.0713196418,1346218.0
GNQ,2014,1.29424877164029,34.4406759832816,15548.6624656619,1399828.0
GNQ,2015,1.88839087566802,31.048729384645,9068.91003238645,1453923.0
GNQ,2016,2.33223920932761,30.746730146949,7453.19797948517,1508186.0
GNQ,2017,2.31546339686272,30.4483980867015,7809.10465655488,1562396.0
GNQ,2018,2.25797968820385,30.1603376333825,8102.47084834031,1616422.0
GNQ,2019,2.43787857420381,29.8824580452707,6804.14923073888,1670177.0
GNQ,2020,3.15157383866339,29.6146685806753,5764.05502912947,1716468.0
GNQ,2021,2.8263690019315,29.3568784979408,6945.63069794539,1758786.0
GNQ,2022,2.48978303214525,29.1089970554533,7589.29964909381,1803545.0
GNQ,2023,2.76906225778674,28.8709335116483,6788.35271638376,1847549.0
GRC,2010,2.9142102078812,23.6368523016923,26653.0488008626,11121341.0
GRC,2011,3.0618456010827,23.3647390070593,25504.7866510124,11104899.0
GRC,2012,3.41908207828197,23.1320202550678,21624.346052551,11045011.0
GRC,2013,3.35146223879432,22.9048000349829,21573.3449762805,10965211.0
GRC,2014,3.53346105430384,22.6869513724134,21474.7257123892,10892413.0
GRC,2015,3.82153798821664,22.4805573682455,17980.7298238137,10820883.0
GRC,2016,3.45812941533327,22.2877011233652,17919.2426377048,10775971.0
GRC,2017,3.7522702094539,22.1104657386589,18631.9930129293,10754679.0
GRC,2018,3.52573090341626,21.9509343150126,19873.4015238771,10732882.0
GRC,2019,3.66151933931312,21.8111899533125,19335.3602002969,10721582.0
GRC,2020,3.9238294812332,21.6933157544448,17886.733165236,10698599.0
GRC,2021,3.53173488105093,21.6115101352558,20652.89659591,10570130.0
GRC,2022,3.78490731948212,21.4497809019191,20884.6773436263,10437805.0
GRC,2023,3.74222017907683,21.2253696157912,23343.7103964562,10407351.0
GRD,2010,4.5130515818498,64.1256640518557,6909.60169568597,111586.0
GRD,2011,4.4473617869357,64.1398908907674,6947.38136096464,112079.0
GRD,2012,4.83219736257223,64.1347244226868,7092.71985352677,112775.0
GRD,2013,4.83545561235478,64.1207757376222,7424.80212287327,113487.0
GRD,2014,6.10189188310633,64.0985375653438,7986.33421210788,114132.0
GRD,2015,7.42852685072365,64.0680508888292,8694.12438005692,114676.0
GRD,2016,6.20632633624404,64.0293985818117,9221.23461079424,115130.0
GRD,2017,5.37154325760442,63.9826703583421,9751.42661155932,115438.0
GRD,2018,5.20543943814909,63.9279578575468,10083.021279225,115691.0
GRD,2019,4.67951202688308,63.8653534320096,10462.7929159533,115981.0
GRD,2020,4.90307786781958,63.7949497484212,8968.55890108484,116341.0
GRD,2021,5.34059405940594,63.7168396293092,9617.28902905373,116688.0
GRD,2022,4.12004284650904,63.6311159816513,10469.3867012856,116913.0
GRD,2023,3.10780887557402,63.537871761416,11414.4781691181,117081.0
GRL,2010,13.3982099730075,15.7215118408203,44277.1993400972,56534.0
GRL,2011,14.5808036302829,15.4713973999023,47186.8759969388,56890.0
GRL,2012,16.1929017960507,15.1135406494141,45936.9562817724,56810.0
GRL,2013,15.0270234424218,14.6274108886719,47535.4883792376,56483.0
GRL,2014,17.3355902451257,14.3227615356445,50485.2244135291,56295.0
GRL,2015,17.0377903864683,13.953742980957,44536.3549705377,56114.0
GRL,2016,18.4117385602265,13.7738952636719,48181.7453541266,56186.0
GRL,2017,19.0568753352559,13.6084442138672,50765.7494665372,56172.0
GRL,2018,18.430149097486,13.27490234375,54545.135857765,56023.0
GRL,2019,18.4763686569553,12.9782104492188,53309.2035905065,56225.0
GRL,2020,15.7316156099106,12.7159118021885,54812.6661771023,56367.0
GRL,2021,15.2368028357423,12.4547982386322,58135.9939910203,56653.0
GRL,2022,16.0258939138543,12.1950594743168,55635.0006491223,56661.0
GRL,2023,16.5579499888738,11.9368852250092,58498.9707973609,56865.0
GTM,2010,11.2341516901897,48.6729619407294,2805.25960237322,14500112.0
GTM,2011,11.2587427520036,48.1342530100577,3168.98370607705,14792126.0
GTM,2012,10.7227497533367,47.6476614824,3286.61959336267,15089647.0
GTM,2013,10.3562262011186,47.2190177233755,3444.15802275864,15387337.0
GTM,2014,10.0744824629421,46.8541520986036,3689.14510410202,15681725.0
GTM,2015,9.96700294850351,46.5588949737039,3893.50533299068,15971743.0
GTM,2016,9.66139477990376,46.3390767142957,4060.13784737643,16268760.0
GTM,2017,9.69628321231672,46.2005276859983,4324.99768915601,16567357.0
GTM,2018,9.43550881537545,46.154037696458,4352.94593289707,16845685.0
GTM,2019,9.40872375710839,45.8117732732026,4511.99839552697,17103803.0
GTM,2020,9.9263191804303,45.4516832088372,4477.61785000665,17357325.0
GTM,2021,9.17348943872533,45.0952928446242,4912.62240414681,17598650.0
GTM,2022,9.07942583528994,44.7418771784735,5356.92435887895,17847877.0
GTM,2023,9.62190880667852,44.3917680434461,5754.42833909847,18124838.0
GUM,2010,,5.92348267326921,29719.7967836082,166522.0
GUM,2011,,5.9228945563502,29926.2052442913,166543.0
GUM,2012,,5.92227232958849,31653.7506538168,166331.0
GUM,2013,,5.9217248596138,32530.7593121483,165966.0
GUM,2014,,5.9212523217443,33900.1486530583,165486.0
GUM,2015,,5.92085489129801,35165.7014644795,164905.0
GUM,2016,,5.920532743593,35930.6594898711,164233.0
GUM,2017,,5.92028605394729,36779.0078903909,163490.0
GUM,2018,,5.92011499767899,37195.9503070464,162679.0
GUM,2019,,5.92001975010611,39274.9431424899,161808.0
GUM,2020,,5.9195008912199,36482.9363953675,162158.0
GUM,2021,,5.9115672305925,38074.8793745801,163730.0
GUM,2022,,5.89317381579539,41833.1517132825,165180.0
GUM,2023,,5.8650658361079,,166506.0
GUY,2010,28.5284323037662,73.5407814862632,4581.76179693492,749256.0
GUY,2011,25.6836014005978,73.6000003814697,4947.22170589917,746153.0
GUY,2012,25.4400079005114,73.6000003814697,5444.39751913913,746288.0
GUY,2013,25.6475733667273,73.5996108646331,5556.91231156932,750021.0
GUY,2014,24.5940865009998,73.5981847983843,5472.68820452237,754229.0
GUY,2015,25.4431214761023,73.5956081702421,5640.41560569466,758781.0
GUY,2016,20.3872409058451,73.5919107117101,5870.87823759835,763548.0
GUY,2017,22.7580270434004,73.587094453427,6178.6650437298,768479.0
GUY,2018,19.5356933126322,73.5811621482116,6048.38697180418,791556.0
GUY,2019,17.5953367342493,73.5741165226942,6405.82443444562,807665.0
GUY,2020,16.8510033249851,73.5659602646324,6775.70939096303,807481.0
GUY,2021,13.4551932931892,73.556696038053,9860.87014834386,815482.0
GUY,2022,10.0298359219808,73.5463264931817,17913.4928066879,821637.0
GUY,2023,9.74362070901044,73.5348542720122,20473.7002190617,826353.0
HKG,2010,0.0533684018528068,0.0,32550.136489179,7024200.0
HKG,2011,0.0487999048815413,0.0,35142.4879344543,7071600.0
HKG,2012,0.0546866831053985,0.0,36730.796195815,7150100.0
HKG,2013,0.0572883662527095,0.0,38403.7777145477,7178900.0
HKG,2014,0.0661945438173809,0.0,40315.3739510191,7229500.0
HKG,2015,0.0679653751855497,0.0,42432.1619740441,7291300.0
HKG,2016,0.0762065977729043,0.0,43734.1980702999,7336600.0
HKG,2017,0.0652727034141459,0.0,46160.429791493,7393200.0
HKG,2018,0.0621422719454446,0.0,48537.5668888343,7452600.0
HKG,2019,0.0723017256105577,0.0,48359.0011950597,7507900.0
HKG,2020,0.098961317261836,0.0,46109.2299946609,7481000.0
HKG,2021,0.0755934592131795,0.0,49770.5642374739,7413100.0
HKG,2022,0.0529028573951146,0.0,48825.0272275805,7346100.0
HKG,2023,0.0379376159344696,0.0,50525.1119312663,7536100.0
HND,2010,11.5912204379757,48.6726266838902,1893.32722662035,8365878.0
HND,2011,14.2196558016976,48.0091107695049,2073.66121088074,8540583.0
HND,2012,13.5662940347061,47.3358442890969,2126.03474686503,8715076.0
HND,2013,12.1911279403961,46.643620866747,2081.12843527945,8889278.0
HND,2014,12.5383501333105,46.1231910875751,2179.88171977271,9063122.0
HND,2015,12.2159784468116,45.6171526248566,2271.20265980349,9237305.0
HND,2016,12.0499014058464,45.1131585421143,2307.34468351082,9412380.0
HND,2017,12.6697681094878,44.6122677660085,2413.0076562942,9588137.0
HND,2018,11.6101604613644,44.1147422283753,2464.64241531918,9765210.0
HND,2019,10.6380334094751,43.6208438610234,2502.32744328073,9943633.0
HND,2020,12.1880671407553,43.1308345957315,2307.61494319511,10119640.0
HND,2021,10.8930519266193,42.6449763642453,2735.14751503977,10289877.0
HND,2022,12.4732730244455,42.1635310982746,3003.28996826399,10463872.0
HND,2023,11.9787948406632,41.6867607294898,3227.45762509776,10644851.0
HRV,2010,3.64384300678865,44.7175020672114,13729.7472872883,4295427.0
HRV,2011,3.62557825538414,44.7226206718752,14691.591757962,4280622.0
HRV,2012,3.2841419035074,44.6957111375127,13507.6349882758,4260368.0
HRV,2013,3.43748613022059,44.6340520312567,14135.0903485872,4233922.0
HRV,2014,2.93973433181778,44.5408165073156,14186.7712230471,4201598.0
HRV,2015,2.96305965278684,44.4187405490996,12283.8750299177,4151725.0
HRV,2016,3.05890762309212,44.2705601400192,12820.1872746645,4106867.0
HRV,2017,2.8894876538245,44.0990112634845,13901.6498657787,4041407.0
HRV,2018,2.95114617844763,43.906829902906,15460.4560798984,3988775.0
HRV,2019,2.85761119003388,43.696752041694,15563.7354996625,3949390.0
HRV,2020,3.12943402175627,43.4715136632589,14807.5559227544,3914206.0
HRV,2021,3.35944329225443,43.2316497439829,17788.7601163765,3878981.0
HRV,2022,3.39283865528818,43.0022428266395,18465.531473659,3855641.0
HRV,2023,2.68355517389438,42.7568439327802,22183.4982258492,3859686.0
HTI,2010,20.2326950876929,53.9320258161249,1209.72733503094,9803294.0
HTI,2011,20.0431188990154,53.2476250480015,1312.03953552013,9914904.0
HTI,2012,19.4699035948555,52.5685156504221,1361.39396587374,10069771.0
HTI,2013,19.3274999569264,51.8950569776952,1457.83221179626,10222362.0
HTI,2014,17.8297636475726,51.2276083841313,1460.18898613914,10373235.0
HTI,2015,17.2198989989619,50.5665292240428,1411.12684746796,10523242.0
HTI,2016,17.9835139851461,49.912178851744,1318.40268167953,10671457.0
HTI,2017,18.8264709950195,49.264916621551,1395.23945184461,10817754.0
HTI,2018,18.7060141160075,48.625101887781,1496.38048970156,10962362.0
HTI,2019,19.1874037315046,47.9930940047525,1352.17204191532,11105163.0
HTI,2020,20.362493732044,47.3692523267849,1290.32538667383,11243848.0
HTI,2021,20.8736635722952,46.7539362081974,1824.6798742577,11374586.0
HTI,2022,20.41702851414,46.1475050033093,1748.40890116803,11503606.0
HTI,2023,17.7053514644328,45.5503180664382,1681.84407667059,11637398.0
HUN,2010,3.00710894106453,30.4694519042969,13189.8433874768,10000023.0
HUN,2011,3.97302154410133,30.5220065917969,14211.460557822,9971727.0
HUN,2012,3.88850753892061,30.4227673339844,12950.1594488143,9920362.0
HUN,2013,3.92253734459854,30.0722363733362,13739.4620151401,9872734.0
HUN,2014,3.94529830379291,29.6928946487992,14352.501883174,9833038.0
HUN,2015,3.76135548183773,29.5152282714844,12782.9412577973,9797755.0
HUN,2016,3.8677257212942,29.5266189575195,13215.8605277789,9759755.0
HUN,2017,3.74894666908719,29.5457458496094,14736.1668157258,9726756.0
HUN,2018,3.47162730279737,29.5288238525391,16605.0570511887,9706964.0
HUN,2019,3.32505112170721,29.5434722900391,17012.8598553199,9694824.0
HUN,2020,3.36254685371176,29.7082672119141,16386.9308821258,9670419.0
HUN,2021,3.45755919325803,29.7940724668587,19030.628130329,9630932.0
HUN,2022,3.14401314538933,29.8414935756555,18428.028825614,9605074.0
HUN,2023,2.92753080419927,29.7076973108569,22208.6509820466,9592186.0
IDN,2010,13.929212707137,50.1478624851112,3065.68348377765,246305322.0
IDN,2011,13.5122870743946,49.5169982910156,3579.46442466152,249470032.0
IDN,2012,13.3739742350727,48.8406066894531,3632.27254030331,252698525.0
IDN,2013,13.3566991621949,48.1692504882812,3566.60284506078,255852467.0
IDN,2014,13.3367549992146,47.4997863769531,3441.06808464008,258877399.0
IDN,2015,13.4926435578886,46.8279228210449,3288.22269725538,261799249.0
IDN,2016,13.4787485470271,46.187442779541,3521.46943457574,264627418.0
IDN,2017,13.1566308462661,45.5458984375,3798.88326174526,267346658.0
IDN,2018,12.8084975586902,44.9043159484863,3860.95353090726,269951846.0
IDN,2019,12.7126026577522,44.2617950439453,4106.94856160358,272489381.0
IDN,2020,13.6984142796138,43.7214712351232,3853.70288774146,274814866.0
IDN,2021,13.2801691376596,43.1238297535973,4287.17313995098,276758053.0
IDN,2022,12.3996501634108,42.5065295773401,4730.83484836107,278830529.0
IDN,2023,12.5294431866213,41.8820646602122,4876.2992959843,281190067.0
IMN,2010,,48.0603829699083,70587.3140283741,83873.0
IMN,2011,,47.9753675902473,77808.8579649376,84382.0
IMN,2012,0.642657103075182,47.9444682677371,79329.2034347434,84335.0
IMN,2013,0.596599796488864,47.9195892907074,83207.6588430451,84141.0
IMN,2014,0.446094368875088,47.9002086596101,91885.4528718026,83892.0
IMN,2015,0.472320117585132,47.8835159525474,84753.5187422732,83593.0
IMN,2016,0.590100696950693,47.8668467830525,82025.9454509241,83466.0
IMN,2017,0.400506349187324,47.8501584255691,83481.3038489014,83609.0
IMN,2018,0.410935899164255,47.8348106135462,89393.8244248812,83805.0
IMN,2019,0.316670665474295,47.8210101752422,87127.5517977404,83957.0
IMN,2020,0.372633924187371,47.8090480213134,79513.5330346598,84064.0
IMN,2021,0.337744275420086,47.8000440339366,94299.969348965,84106.0
IMN,2022,0.372466783015541,47.8044390837338,88328.548125887,84132.0
IMN,2023,0.372599048577164,47.8167428269818,90015.2074234398,84165.0
IND,2010,17.0265090136912,69.0957809189906,1347.51939071367,1243481564.0
IND,2011,17.191973558015,68.7253497146691,1445.46127486037,1261224954.0
IND,2012,16.8453770661356,68.4101064395601,1429.32199520032,1278674502.0
IND,2013,17.1484235433697,68.0903210764763,1432.84397512195,1295829511.0
IND,2014,16.7919345145039,67.7711766591179,1553.88396075118,1312277191.0
IND,2015,16.1745081068401,67.4527009977701,1583.99815907985,1328024498.0
IND,2016,16.3638005616331,67.1349219027177,1707.50892912243,1343944296.0
IND,2017,16.5583314049368,66.8178671842461,1950.10468280866,1359657400.0
IND,2018,16.031630686449,66.5015646526402,1966.25455171679,1374659064.0
IND,2019,16.7555683032837,66.1860421181853,2041.42863698585,1389030312.0
IND,2020,18.6685376603727,65.8713273911667,1907.04251637669,1402617695.0
IND,2021,17.3725615260314,65.5574482818696,2239.61384367482,1414203896.0
IND,2022,18.2106659929942,65.2444326005794,2279.98145719369,1425423212.0
IND,2023,17.6565389328245,64.9323081575814,2434.44826340989,1438069596.0
IRL,2010,0.955429971049666,38.1089310651488,48623.9666422487,4560155.0
IRL,2011,1.20481169133057,37.9127264179723,52613.8540355689,4580084.0
IRL,2012,0.98628534243733,37.7470681488962,49335.8408099555,4599533.0
IRL,2013,1.07000530417849,37.5952842243882,52537.6108648692,4623816.0
IRL,2014,1.21732475012945,37.464598269423,57214.5379785709,4657740.0
IRL,2015,0.86869465225802,37.3607876507236,64250.1385181257,4701957.0
IRL,2016,0.925941331563359,37.2770600876266,64129.5571542383,4762722.0
IRL,2017,1.11981590911886,37.0964803478768,72161.4047531385,4827445.0
IRL,2018,0.928168981879793,36.9155496523221,80804.1123164826,4898022.0
IRL,2019,0.953896616119834,36.7262990845873,81827.6688873996,4976456.0
IRL,2020,1.00897235932956,36.5286633275085,86514.0706108754,5039747.0
IRL,2021,1.03312440304987,36.3225770643015,103783.446284479,5110585.0
IRL,2022,1.17281530326124,36.1079749784941,105190.685952731,5212836.0
IRL,2023,0.846910710164401,35.8847917538732,106818.917130804,5311538.0
IRN,2010,6.49939072557201,29.3907373225614,6291.19443655454,77420842.0
IRN,2011,4.64211620456629,28.795949055483,8025.68743364356,78383598.0
IRN,2012,6.79693716710654,28.2366365958706,8114.08099831877,79370580.0
IRN,2013,8.77490977276026,27.6969126484588,6222.74194840326,80414686.0
IRN,2014,9.37842415684426,27.1675929614777,5672.06372896319,81502045.0
IRN,2015,10.0916014141126,26.6438596424051,4952.73355532178,82619362.0
IRN,2016,8.44788029281743,26.1203899903405,5710.59947089104,83812228.0
IRN,2017,8.49044927227644,25.5988159179688,6000.93346404409,85026754.0
IRN,2018,9.63092024660805,25.1965713500977,4783.01067340237,86117998.0
IRN,2019,11.8081014676882,24.7961120605469,3997.4935449585,87051648.0
IRN,2020,11.6933506979702,24.4013595581055,3202.50003502169,87723443.0
IRN,2021,10.6344854027271,24.0073623657227,4605.14881318992,88455488.0
IRN,2022,10.6950417706195,23.6657791137695,4721.20437099984,89524246.0
IRN,2023,10.750872506583,23.3240432739258,5049.29931642754,90608707.0
IRQ,2010,5.16228354680036,30.9417046621526,4461.75196161555,31045366.0
IRQ,2011,4.56377343749618,30.8747766130084,5775.54229080293,32161424.0
IRQ,2012,4.12427143758484,30.7777786254883,6477.59618450955,33654842.0
IRQ,2013,4.76843971585529,30.555549621582,6650.35282247395,35281989.0
IRQ,2014,4.92940777204755,30.3333358764648,6249.39226978969,36550059.0
IRQ,2015,4.19186817517212,30.079475402832,4440.14189252367,37560535.0
IRQ,2016,3.97718981146129,30.0876221740357,4334.42096404188,38469627.0
IRQ,2017,2.97672780101335,30.1055488809247,4759.2846435467,39337353.0
IRQ,2018,2.81581764320492,30.1234851134158,5646.68932074742,40265624.0
IRQ,2019,3.77000825306199,30.1316604614258,5671.8568632942,41192171.0
IRQ,2020,6.08867414692412,30.1316833496094,4295.18945121228,42116605.0
IRQ,2021,3.27919752953038,30.1317291259766,4868.49431080783,43071211.0
IRQ,2022,2.05870621388374,30.1317138671875,6520.73154560584,44070551.0
IRQ,2023,3.10603121448412,30.131721496582,5965.31835077761,45074049.0
ISL,2010,6.30607576724851,6.5411651892114,43776.4677400475,318041.0
ISL,2011,6.80354686881859,6.58893887572999,48254.953927254,319014.0
ISL,2012,6.78778087975117,6.485107421875,46594.9869146614,320716.0
ISL,2013,6.04859910943695,6.3833274841308,50173.3360061057,323764.0
ISL,2014,5.2481645293506,6.3803283684195,55140.364935793,327386.0
ISL,2015,5.38208899929138,6.272080231434,53505.6964079339,330815.0
ISL,2016,4.47135515188719,6.2177352905274,62854.0906407932,335439.0
ISL,2017,3.75031988716598,6.2281017689908,72976.3729990975,343400.0
ISL,2018,4.16468316974913,6.1473332974513,75633.8651351915,352721.0
ISL,2019,4.42492787831943,6.0229152583869,69296.3144361601,360563.0
ISL,2020,4.79261696705132,5.8632897125278,60127.9393575616,366463.0
ISL,2021,4.41052130328966,5.7891793596159,70425.4064277273,372520.0
ISL,2022,4.20588929303782,5.82129287719719,76376.9599334915,382003.0
ISL,2023,4.3005455805291,5.84817382151989,82201.2908518078,385663.0
ISR,2010,1.83828057709311,8.26835732960539,31398.9266927022,7623600.0
ISR,2011,1.85284294203979,8.2695975326219,34476.7252065949,7765800.0
ISR,2012,1.49484781325948,8.2723497180485,33268.7066672115,7910500.0
ISR,2013,1.5233149487473,8.27721685345939,36980.622214228,8059500.0
ISR,2014,1.39092717696261,8.2848019064284,38265.3651949373,8215700.0
ISR,2015,1.42574237362895,8.2957078445295,36138.13561386,8380100.0
ISR,2016,1.45872080858947,8.3105376353368,37571.2561196275,8546000.0
ISR,2017,1.44031962010396,8.3298942464241,41013.2575323519,8713300.0
ISR,2018,1.39351241557999,8.3543806453654,42269.3770257585,8882800.0
ISR,2019,1.35332886174885,8.3845997997348,44091.8678022544,9054000.0
ISR,2020,1.37217783069975,8.4211546771061,44590.8237253282,9215100.0
ISR,2021,1.33051800415199,8.4646482450534,52258.4693499398,9371400.0
ISR,2022,1.18596323576565,8.5020165726673,54947.2091250715,9557500.0
ISR,2023,1.39228590650126,8.4910430205495,52126.4489280033,9849000.0
ITA,2010,1.76928173132246,31.7836258170143,35856.8625485539,59819407.0
ITA,2011,1.84910093882918,31.5984926110489,38432.3742820019,60026841.0
ITA,2012,1.90886941227517,31.2391205764741,34854.3949441965,60191247.0
ITA,2013,2.05779366637333,30.6926010083924,35701.6746002376,60311613.0
ITA,2014,1.90848213125891,30.4192361385121,36028.3494022349,60320707.0
ITA,2015,1.99152552817849,30.3899993896484,30639.8829751432,60229605.0
ITA,2016,1.84915248302101,30.4030767474714,31391.5692898108,60115223.0
ITA,2017,1.89343264776643,30.4819215740618,32844.115660604,60002252.0
ITA,2018,1.85755612561626,30.5199966430664,35062.3364176949,59877221.0
ITA,2019,1.81866879873849,30.4949989318847,33812.788724868,59729081.0
ITA,2020,1.9280162015612,30.4812507629394,32091.4866621366,59438851.0
ITA,2021,1.83339290794707,30.5187492370606,36852.5425414951,59133173.0
ITA,2022,1.89037175125669,30.5160220233461,35653.9042103495,59013667.0
ITA,2023,1.8596431753596,30.4618459876699,39279.699782164,58984216.0
JAM,2010,5.26899732039303,46.2464320519194,4809.977380312,2748568.0
JAM,2011,5.64728677796925,46.043413890872,5232.63644918132,2760494.0
JAM,2012,5.77144048591992,45.7521182296268,5340.83333232158,2772430.0
JAM,2013,5.97047963265033,45.451180188017,5124.21301411137,2783687.0
JAM,2014,5.97248983885497,45.1339604329605,4975.11325459872,2793749.0
JAM,2015,5.85612196392822,44.8004751985076,5339.30718256806,2802534.0
JAM,2016,6.09832325620201,44.450740722385,5302.29553353854,2809915.0
JAM,2017,5.91066469479472,44.0847732451693,5605.43541173019,2815764.0
JAM,2018,5.90087317528371,43.702589009675,5976.90362644337,2820097.0
JAM,2019,6.30529102020964,43.3042042604926,6030.68896415921,2823271.0
JAM,2020,7.72056947491963,42.8896352436373,5299.04530804283,2830739.0
JAM,2021,7.38278062941281,42.4588982062774,5625.67806271236,2837682.0
JAM,2022,6.79979684725228,42.0120093965225,6626.47502388538,2839144.0
JAM,2023,7.78255886920727,41.5489850632571,7542.39855849054,2839786.0
JOR,2010,4.97053082877959,17.7398916112916,4139.04283161368,7297043.0
JOR,2011,4.59269751586294,16.4494956174936,4363.42800211536,7480424.0
JOR,2012,3.97973556725392,15.0407370360577,4593.83609729005,7587127.0
JOR,2013,3.97733734427352,13.5372889811665,4739.02253641778,7991809.0
JOR,2014,4.24636795376777,11.9628245670022,4610.60460269382,8791710.0
JOR,2015,4.43181485575889,10.1118608060867,4441.61896013754,9544729.0
JOR,2016,4.64825852368191,9.43727205293,4366.06999647268,10006367.0
JOR,2017,4.56751477814013,9.1235390285572,4449.34618076611,10234226.0
JOR,2018,4.46958792425547,8.7991140900271,4533.97658437205,10462306.0
JOR,2019,4.39686183197217,8.484033507493,4557.79334729121,10671891.0
JOR,2020,4.73287537525391,8.17832770076809,4411.48321838396,10865228.0
JOR,2021,4.82885342865116,7.88202708954699,4581.71967230365,11066356.0
JOR,2022,4.76761883150185,7.59516209338371,4754.41362207378,11256263.0
JOR,2023,4.95629590864962,7.31776313166399,4906.23543006639,11439213.0
JPN,2010,1.11140166338783,9.37714131593511,45378.1378109399,128070000.0
JPN,2011,1.10595400106158,9.1368345565749,49122.077634247,127833000.0
JPN,2012,1.13661659778411,8.9734722673348,49626.6830327571,127629000.0
JPN,2013,1.07559314069116,8.8483404345683,41369.1948479498,127445000.0
JPN,2014,0.991053653091654,8.7451054867667,39172.8471161948,127276000.0
JPN,2015,1.0203205987902,8.6467355896375,35664.6446110613,127141000.0
JPN,2016,1.10437494356716,8.54587451478579,40214.9688631562,127076000.0
JPN,2017,1.10813828591854,8.4501580314117,39679.8635262948,126972000.0
JPN,2018,1.01125619011391,8.36226813902719,40645.478086519,126811000.0
JPN,2019,0.981152004588712,8.2835792101893,41424.8655601543,126633000.0
JPN,2020,1.00457628073053,8.2190073732111,41098.9739004553,126261000.0
JPN,2021,0.938649382602401,8.1258950720473,41580.739040705,125681593.0
JPN,2022,0.848657019671377,8.0223467571594,35548.2645222433,125124989.0
JPN,2023,0.825345395457711,7.9173096108527,35215.003535366,124516650.0
KAZ,2010,4.51052752955614,45.7945872502898,8793.07589980782,16836810.0
KAZ,2011,4.9889741557576,45.6003913574482,11287.1464926039,17066002.0
KAZ,2012,4.28833015629833,45.30791807162,12018.7966527993,17306106.0
KAZ,2013,4.50354556962711,44.9220235178748,13478.459627612,17556502.0
KAZ,2014,4.32955246164473,44.4475638212822,12427.7094576939,17816285.0
KAZ,2015,4.71054741881579,43.8893951069118,10196.1226255982,18084169.0
KAZ,2016,4.55600427070659,43.2523734998333,7475.56688689424,18363600.0
KAZ,2017,4.51698454026741,42.5413551251163,8943.08416791984,18651931.0
KAZ,2018,4.39585810287636,41.7611961078305,9472.48527327758,18932727.0
KAZ,2019,4.46633595812751,40.9167525730454,9457.12614657136,19209555.0
KAZ,2020,5.3912826934481,40.0128806458308,8781.50797787648,19482117.0
KAZ,2021,5.03000193996331,38.969745719733,9983.60103576902,19743603.0
KAZ,2022,5.24714480730074,38.555842672752,11255.3396437881,20034609.0
KAZ,2023,3.82500311361663,38.2439080500819,12879.4275257974,20330104.0
KEN,2010,17.5677598863696,68.1286712293542,1091.51873101194,41598567.0
KEN,2011,18.8947112249953,68.1326050974591,1096.14499807675,42758461.0
KEN,2012,18.8297259329446,68.1441869857239,1285.00536171512,43888303.0
KEN,2013,18.6165515854622,68.1675545566012,1370.87885214659,44986791.0
KEN,2014,18.3478393393556,68.2068454725437,1482.81566253497,46051440.0
KEN,2015,19.4696147780528,68.2661973960042,1489.11959777284,47088526.0
KEN,2016,20.0345164328349,68.3497479894353,1554.12610314423,48139687.0
KEN,2017,20.8936374065292,68.4616349152898,1667.48447230835,49197766.0
KEN,2018,20.314910419968,68.6059958360204,1836.45275528993,50207107.0
KEN,2019,20.8611638110686,68.8104433578865,1960.40808854893,51202827.0
KEN,2020,22.7027261604451,68.7936505367384,1927.66459027849,52217334.0
KEN,2021,21.4770750957252,68.7120665978029,2061.35622089594,53219166.0
KEN,2022,21.0361920649933,68.5692179933054,2109.56288513137,54252461.0
KEN,2023,21.4522060902205,68.3669659183571,1942.58802756191,55339003.0
KGZ,2010,17.4482561772443,64.732231759602,876.954476440354,5467059.0
KGZ,2011,16.56531665018,64.7533492038016,1117.40174350185,5546587.0
KGZ,2012,16.654196378216,64.781083778082,1168.62244675446,5652076.0
KGZ,2013,14.6378725497812,64.8149470774895,1269.66303464348,5777150.0
KGZ,2014,14.7186631194877,64.8544506970703,1264.52668823891,5905848.0
KGZ,2015,14.0607643300857,64.8991062318709,1105.65193844261,6040036.0
KGZ,2016,12.8344731564928,64.9484252769373,1103.27489428412,6175338.0
KGZ,2017,12.5145788958853,65.0019194273161,1221.39046807082,6306696.0
KGZ,2018,11.6752864842384,65.0591002780534,1283.5203037417,6444079.0
KGZ,2019,10.3739026248931,65.1194794241956,1421.99927504102,6590211.0
KGZ,2020,12.1696556730884,65.1825684607889,1229.51766602907,6726596.0
KGZ,2021,12.4122330298243,65.2478789828796,1349.99730650542,6851224.0
KGZ,2022,10.9968056651977,65.2996946502257,1739.72018344174,6975220.0
KGZ,2023,9.49216108207808,65.293560824638,2138.22210211478,7099750.0
KHM,2010,27.8742916555508,78.8767748831238,952.274616324008,14500726.0
KHM,2011,28.0358544598065,77.6175211468724,1088.98152823081,14722584.0
KHM,2012,26.7953499375283,76.0588952417651,1192.80263041673,14945085.0
KHM,2013,24.447155140413,74.2355264909729,1305.6600972686,15170208.0
KHM,2014,22.1938152404445,72.1820442176669,1431.56396469993,15396772.0
KHM,2015,20.1408488554582,69.9330777450181,1547.32010444393,15623251.0
KHM,2016,18.9079815555917,67.5232563961976,1675.19555711109,15852803.0
KHM,2017,17.8681771583586,64.9872094943765,1826.35391688754,16073372.0
KHM,2018,16.4979479082228,62.3595663627258,2036.67377566578,16274522.0
KHM,2019,15.4385065177157,60.4169758743974,2225.87705485686,16481304.0
KHM,2020,17.0396522911435,60.167341969078,2081.73914242939,16725474.0
KHM,2021,16.9044143710096,59.8908141871153,2167.40324198499,16974305.0
KHM,2022,16.5440859884848,59.625383812632,2325.03050040841,17201724.0
KHM,2023,17.0784472455351,59.3709211927492,2429.74853452838,17423880.0
KIR,2010,24.656994278618,51.5396160435282,1522.10068744154,108704.0
KIR,2011,25.7140796838501,50.8771830463205,1771.12926848792,110647.0
KIR,2012,25.2322527301857,50.4199213304452,1843.55336349889,112284.0
KIR,2013,23.6658906066429,50.0312956741205,1772.08718317132,113838.0
KIR,2014,25.295949931433,49.6090691077615,1736.70535682101,115326.0
KIR,2015,22.919663600839,49.0458029597936,1639.85274740652,116815.0
KIR,2016,27.0676818963115,48.2289446997679,1742.66799324117,118478.0
KIR,2017,31.0106872852234,47.0265302724549,1854.3326920967,120275.0
KIR,2018,26.7699361022364,45.4995976857503,1915.56002581991,122084.0
KIR,2019,26.9900320512821,43.7153272854511,1750.24040333237,123921.0
KIR,2020,26.9632710280374,41.5876285887252,1751.87199542272,126099.0
KIR,2021,24.6990263157895,40.3635354698015,2223.54147866465,128377.0
KIR,2022,27.9577956877189,39.4260873440581,2078.7648751855,130469.0
KIR,2023,26.9850960163305,38.4755323805592,2200.68918614289,132530.0
KNA,2010,1.26846576046116,68.6943874306835,16622.9457908577,46846.0
KNA,2011,1.33469179826796,68.7999351620354,17832.4572919975,46886.0
KNA,2012,1.16601837961175,68.7964861195777,17532.0559008608,47033.0
KNA,2013,1.08373424583277,68.7868514417113,18580.1301949935,47069.0
KNA,2014,0.937876842883261,68.7709984682091,20219.3954237956,47089.0
KNA,2015,0.848520023215322,68.7486070304417,20328.8003530109,47087.0
KNA,2016,0.789799919806063,68.7193828093831,21387.5415511103,47075.0
KNA,2017,0.902993860903204,68.6830357494079,22464.9899633959,47050.0
KNA,2018,0.916165522176504,68.6392770004924,22901.3816403197,47008.0
KNA,2019,0.899635933284524,68.5878181607715,23595.4923231291,46952.0
KNA,2020,1.12671217092169,68.5283710261048,18859.0190361046,46870.0
KNA,2021,1.23971220042445,68.4606474906028,18361.1449697886,46763.0
KNA,2022,1.18610039775686,68.3843595016833,21011.5744209816,46709.0
KNA,2023,1.3967146856778,68.2992190377178,22576.9248439166,46758.0
KOR,2010,2.0444228836758,18.0314924013514,24071.2620526362,49554112.0
KOR,2011,2.10765665250747,18.0384591913624,26175.2398553363,49936638.0
KOR,2012,2.08215187594443,18.0912101799622,26600.5477433903,50199853.0
KOR,2013,1.99508166521127,18.1730616497297,28449.3591104972,50428893.0
KOR,2014,1.95176665660859,18.2684317183046,30667.0912467447,50746659.0
KOR,2015,1.89858430952633,18.360510139322,30171.7906545222,51014947.0
KOR,2016,1.73945648142804,18.4440758202943,30832.0628072516,51217803.0
KOR,2017,1.71494254133381,18.528969570016,33296.9845439195,51361911.0
KOR,2018,1.59932774432361,18.6176476964804,35363.9508228687,51585058.0
KOR,2019,1.50689433955588,18.7098936464381,33826.9443301597,51764822.0
KOR,2020,1.57795135359259,18.8240404377087,33645.7719545073,51836239.0
KOR,2021,1.66515978191584,18.8383473492215,37518.4635305697,51769539.0
KOR,2022,1.4483461547482,18.8375058373127,34822.4048404971,51672569.0
KOR,2023,1.44773871445502,18.8354448279579,35674.095995632,51712619.0
KWT,2010,0.451728985475114,0.0,39212.252220155,2943372.0
KWT,2011,0.438835825324165,0.0,49169.6063813095,3132814.0
KWT,2012,0.359874300848834,0.0,52155.2225833921,3337109.0
KWT,2013,0.355177608949371,0.0,49651.0439275077,3507844.0
KWT,2014,0.450636106109894,0.0,44368.7813457751,3665876.0
KWT,2015,0.537729008869637,0.0,29882.2126495698,3834574.0
KWT,2016,0.518592131185869,0.0,27323.6890735517,4004096.0
KWT,2017,0.525092139249465,0.0,29047.6536135703,4154812.0
KWT,2018,0.44590687116951,0.0,32067.9623756889,4323515.0
KWT,2019,0.370434138380291,0.0,31707.8737443551,4442316.0
KWT,2020,0.496326689989677,0.0,25236.0755848941,4400267.0
KWT,2021,0.473024818982534,0.0,34018.6342592913,4360865.0
KWT,2022,0.402460238899801,0.0,39981.7691035833,4589643.0
KWT,2023,0.468514016254576,0.0,34091.9714813002,4853420.0
LAO,2010,22.5957941345194,69.3531399109828,1125.91610151261,6334194.0
LAO,2011,20.7912551864005,68.7853122871332,1361.54704394913,6426590.0
LAO,2012,18.5484865737637,68.2577198959128,1563.5650771337,6518978.0
LAO,2013,17.9304984280697,67.7735966551659,1812.51774424651,6611385.0
LAO,2014,17.8487917824206,67.3361764827365,1981.03910900473,6703172.0
LAO,2015,17.5877596970627,66.8759795567801,2121.01339097363,6801645.0
LAO,2016,17.2301765948066,66.1732544466526,2303.22156035363,6908802.0
LAO,2017,16.1997598561979,65.4884653555784,2432.43059478511,7018147.0
LAO,2018,15.7091868201084,64.7949929967987,2545.1075420815,7128045.0
LAO,2019,16.0503390570341,64.0927119120549,2589.32081035237,7237636.0
LAO,2020,16.3377623592616,63.3814966430889,2583.77730696131,7346533.0
LAO,2021,16.0676970155249,62.661221731643,2526.05105018529,7453194.0
LAO,2022,14.8688822282276,61.9317617194603,2046.40440255621,7559007.0
LAO,2023,16.1390568351887,61.1929911482844,2066.94979776957,7664993.0
LBN,2010,3.86195936751946,12.3607807189321,7625.81051551165,5041288.0
LBN,2011,3.80460970714467,12.1729186346921,7834.96257108993,5096020.0
LBN,2012,3.76453077704882,11.9804933191925,8406.98405608118,5235742.0
LBN,2013,3.9553991560217,11.7834521535337,8162.37929361396,5743436.0
LBN,2014,4.02280590517852,11.5817425188158,7577.6413302369,6346990.0
LBN,2015,3.28466326670943,11.3753117961392,7714.1099998804,6472469.0
LBN,2016,2.72714945763945,11.164107366604,8089.012088155,6323060.0
LBN,2017,2.79291148520091,10.9480766113105,8608.21084982387,6160128.0
LBN,2018,3.23189728304163,10.727166911359,9174.53666204759,5984119.0
LBN,2019,3.16909985150245,10.5013256478497,8905.88005497437,5794594.0
LBN,2020,3.07825000560689,10.270500201883,5561.19166950397,5702398.0
LBN,2021,1.40016561487545,10.034637954559,4045.37391066234,5718122.0
LBN,2022,1.1895732629522,9.793686286978,3654.35845534878,5744489.0
LBN,2023,0.966455367369224,9.54759258024021,3477.72489842684,5773493.0
LBR,2010,35.9187137137137,51.8592482942093,492.252808033724,4058890.0
LBR,2011,35.9187155963303,51.3416697229151,568.087865520004,4221178.0
LBR,2012,35.918715839654,50.8226752360474,638.368751462083,4373043.0
LBR,2013,35.9187140392662,50.3022013757923,710.744570927863,4470239.0
LBR,2014,35.9187165881502,49.7801846843358,706.714490064507,4564293.0
LBR,2015,35.9187142712518,49.2565617038637,692.590082351257,4659431.0
LBR,2016,35.9187135102446,48.7312689765616,714.613063145659,4755608.0
LBR,2017,35.9426159185731,48.2042430446151,699.269095727404,4848925.0
LBR,2018,35.4966999096751,47.6754204502094,692.203127129794,4944726.0
LBR,2019,36.4371513224574,47.14473773553,658.164180770507,5043721.0
LBR,2020,39.2922850706535,46.6121314427619,616.787867006715,5149463.0
LBR,2021,37.4176168027237,46.0775381140902,667.96610514319,5259323.0
LBR,2022,36.2030463526172,45.5408942917,744.617175237387,5373294.0
LBR,2023,34.5650022779043,45.002136517776,799.194470229642,5493031.0
LBY,2010,1.79953001101668,11.8822860717773,11600.9068649472,6497839.0
LBY,2011,3.05766833710666,11.9029541015625,7593.8391525702,6343203.0
LBY,2012,1.81559365235981,11.9272079467773,14975.8902795144,6179328.0
LBY,2013,2.41548515289585,11.9548568725586,11951.7134126011,6304628.0
LBY,2014,3.51667860719144,11.9857940673828,8926.42074591474,6427252.0
LBY,2015,4.3862973349324,12.1840896606445,7458.48917756374,6531819.0
LBY,2016,4.61177989572916,12.1839943296823,7525.80299308216,6632126.0
LBY,2017,3.87477645520451,12.1833270129472,9965.83236729757,6738770.0
LBY,2018,3.66012922036917,12.181515724666,11196.5854810844,6849055.0
LBY,2019,2.04201619232517,12.1779884790658,9963.19489084483,6951033.0
LBY,2020,4.326770152924,12.1721732903737,6650.33810585348,7045399.0
LBY,2021,1.9292341608539,12.1634981728165,4935.82787349801,7135175.0
LBY,2022,1.68643769937353,12.1513911406214,5986.63694851258,7223805.0
LBY,2023,1.7692779613025,12.1352802080152,6026.51518708812,7305659.0
LCA,2010,2.69060872867551,81.4874929028687,8673.68720340529,170906.0
LCA,2011,2.34543994710244,81.5256520442686,9128.99442011613,171801.0
LCA,2012,2.36885770168429,81.3806918724823,9260.30006551714,172587.0
LCA,2013,2.62387744085513,81.0741629000052,9577.21733754358,173369.0
LCA,2014,2.21690522571356,80.6084554095274,10044.8218377677,174138.0
LCA,2015,2.15259095649537,79.9795711823927,10334.9860823918,174905.0
LCA,2016,2.07707722588586,79.1835119999449,10638.1269396653,175646.0
LCA,2017,1.56172395644149,78.216279643528,11333.1123822102,176342.0
LCA,2018,1.62887405698184,77.0738758944856,11642.6984727769,177017.0
LCA,2019,1.73660334561951,75.7523025341618,11764.3944032403,177661.0
LCA,2020,1.95682332611288,74.2475613439002,8537.11495506727,178250.0
LCA,2021,1.63301662707838,72.5556541050449,10481.1233971786,178522.0
LCA,2022,1.60927247473538,70.902321473324,12976.1489693474,178781.0
LCA,2023,1.25466516976667,70.9023686751964,13616.6397593734,179285.0
LIE,2010,,85.5845645894389,141089.812849014,36022.0
LIE,2011,,85.5900001525879,158066.369379163,36312.0
LIE,2012,,85.5875454629555,148842.035144342,36657.0
LIE,2013,,85.5798244028376,172823.607794648,36984.0
LIE,2014,,85.5663014854033,178735.153020908,37248.0
LIE,2015,,85.5464412238218,167187.15730982,37494.0
LIE,2016,0.115518531775731,85.5197081312621,165375.491396259,37716.0
LIE,2017,0.134897728698707,85.4855667208933,170547.092298954,37962.0
LIE,2018,0.139045930996547,85.4434815058846,174988.775083446,38246.0
LIE,2019,0.139140766681258,85.3929169994049,166907.839305016,38563.0
LIE,2020,0.211170416188623,85.3333377146235,164671.093553454,38901.0
LIE,2021,0.161805584367091,85.3010840629304,201944.830335076,39182.0
LIE,2022,0.169219054065488,85.3076929928462,188055.003235348,39493.0
LIE,2023,0.159394839929758,85.3216238765923,206780.590353385,39846.0
LKA,2010,9.04833700695796,82.7513790619307,2808.36245207687,20879089.0
LKA,2011,9.53315934995748,82.2118807182036,3224.95745082305,21009048.0
LKA,2012,7.91028886801456,81.7382313251716,3327.77612404326,21169458.0
LKA,2013,7.9246041166418,81.5676863519084,3739.43182292825,20585000.0
LKA,2014,8.08070792377259,81.3846122796276,3972.04377042271,20778000.0
LKA,2015,8.21693887934065,81.203743387869,4057.71582716521,20970000.0
LKA,2016,7.26171847766503,81.0252320631838,4149.19189391879,21209000.0
LKA,2017,7.43067877940601,80.8492306921912,4398.88828786059,21453000.0
LKA,2018,7.5920639513666,80.6758916615873,4358.56095905888,21670000.0
LKA,2019,7.2562466999024,80.5053673581563,4081.94772178134,21803000.0
LKA,2020,8.25132326034921,80.3378101687839,3847.60136741182,21919000.0
LKA,2021,8.78994016441411,80.1733724804731,3996.96240531688,22156000.0
LKA,2022,8.4479528697634,80.0122066803633,3342.63650438046,22181000.0
LKA,2023,8.04312180256758,79.8544651557537,3815.41531767474,22037000.0
LSO,2010,4.86217527655246,72.5995184992005,1119.47557793042,1996251.0
LSO,2011,4.54395157549887,71.3849644824079,1280.73390931581,2014009.0
LSO,2012,4.89530867188129,70.1029659944547,1217.93071228944,2034354.0
LSO,2013,5.06436346227762,68.7592539066593,1151.03735837227,2056504.0
LSO,2014,3.9607145663379,67.3595590903396,1173.5377928819,2080089.0
LSO,2015,3.78190344669127,65.9096124168139,1121.19851342518,2104611.0
LSO,2016,4.92411763358152,64.4922049290559,992.491840678465,2130422.0
LSO,2017,4.9636238571378,63.4716351931154,1069.36673247542,2157110.0
LSO,2018,4.24977543430507,62.430907252585,1170.65569702819,2183603.0
LSO,2019,4.46380208822172,61.3959079553741,1082.05706777516,2209405.0
LSO,2020,5.30771204408517,60.3670694574468,918.582574704447,2235727.0
LSO,2021,5.95625262808585,59.3448239148003,1066.58645143823,2261542.0
LSO,2022,5.95085393730342,58.3296034834678,1030.12582947757,2286110.0
LSO,2023,6.66144889853683,57.3218403195215,921.435141557056,2311472.0
LTU,2010,3.06871518554059,33.2287139892578,11829.122609457,3097282.0
LTU,2011,3.51897129368263,33.2481659944244,14261.8433787325,3028115.0
LTU,2012,4.00007448760216,33.1463241577148,14288.1853493139,2989139.0
LTU,2013,3.53435810553224,32.9907913208008,15636.5252586048,2961250.0
LTU,2014,3.4401608409572,32.8485062371977,16446.1647181663,2937253.0
LTU,2015,3.43671864804715,32.7717514038086,14269.8039878287,2911109.0
LTU,2016,3.12061896056681,32.8105773925781,14934.2702840428,2877325.0
LTU,2017,3.54933633712632,32.8987045288086,16800.1510246099,2842639.0
LTU,2018,2.88685726647675,32.8535257989543,19247.2315367967,2819200.0
LTU,2019,3.12404744403716,32.754264831543,19608.7943945553,2811089.0
LTU,2020,3.53241993914326,32.5745391845703,20428.6478157394,2810369.0
LTU,2021,3.39405707261599,31.8087882995605,23882.8668916753,2808380.0
LTU,2022,3.94942094367082,31.7133547573187,24946.5724005188,2831639.0
LTU,2023,2.49720067319748,31.424545416801,27983.3658256887,2871585.0
LUX,2010,0.268409699709087,11.51208318342,110885.991378721,506953.0
LUX,2011,0.25111528958498,11.0437185162746,119025.057203467,518347.0
LUX,2012,0.28795364886368,10.5594231982708,112584.676270958,530946.0
LUX,2013,0.261907196956465,10.0586253320295,120000.140729859,543360.0
LUX,2014,0.289554289054283,9.5422192323141,123678.706919314,556319.0
LUX,2015,0.223728934771597,9.0106320646932,105462.012584423,569604.0
LUX,2016,0.214197008159042,8.46429099473509,106899.293549552,582014.0
LUX,2017,0.23457255011554,7.9036231880084,110193.213797228,596336.0
LUX,2018,0.233738394048527,7.3290558100816,116926.759593905,607950.0
LUX,2019,0.214828063048275,6.7410160265233,112696.649059674,620001.0
LUX,2020,0.20041631187567,6.1399310029019,116860.02817236,630419.0
LUX,2021,0.194861687098922,5.4138256603467,134965.815442152,640064.0
LUX,2022,0.242167478298755,5.23945990598151,123719.658915996,653103.0
LUX,2023,0.187250952835075,5.1984699679213,133230.619178899,666430.0
LVA,2010,4.11588497283241,32.1729318247547,11188.4191700977,2097555.0
LVA,2011,3.77780079362838,32.1733102991733,12902.574053337,2059709.0
LVA,2012,3.53285388028976,32.1668361057781,13329.3499931271,2034319.0
LVA,2013,3.2120869041368,32.152665517067,14484.4715282132,2012647.0
LVA,2014,3.61639638963682,32.1313964635056,15185.814581236,1993782.0
LVA,2015,3.55445018445087,32.1034604331741,13321.9753140616,1977527.0
LVA,2016,3.32532538955761,32.0692889141528,13838.5266823272,1959537.0
LVA,2017,3.62476211824764,32.0293133945221,15132.4958333982,1942248.0
LVA,2018,3.66104778019513,31.9839653623624,17252.1710428626,1927174.0
LVA,2019,3.85343444199836,31.933676305754,17294.9751600969,1913822.0
LVA,2020,4.0791819421756,31.8788777127772,17564.2321549354,1900449.0
LVA,2021,4.20672251535361,31.8191208536307,20261.8887788916,1884490.0
LVA,2022,5.11411038456871,31.7429781890966,20221.103686109,1879383.0
LVA,2023,3.93344279418518,31.6413683656939,22710.2637544197,1883710.0
MAC,2010,,0.0,52596.2250160214,537000.0
MAC,2011,,0.0,67046.7284292101,549600.0
MAC,2012,,0.0,76058.0224963659,567900.0
MAC,2013,,0.0,87107.8313063626,591900.0
MAC,2014,,0.0,88355.3181764446,621700.0
MAC,2015,,0.0,69902.9605741233,642900.0
MAC,2016,,0.0,68911.6755919628,652500.0
MAC,2017,,0.0,77570.9876166977,648400.0
MAC,2018,,0.0,83588.2875009014,658900.0
MAC,2019,,0.0,81882.6964523869,672000.0
MAC,2020,,0.0,36883.6652578543,685400.0
MAC,2021,,0.0,44884.8961602393,682500.0
MAC,2022,,0.0,36806.891255461,677300.0
MAC,2023,,0.0,67216.3631112124,678800.0
MAF,2010,,0.0,,36856.0
MAF,2011,,0.0,20930.5821177758,37069.0
MAF,2012,,0.0,,37276.0
MAF,2013,,0.0,,37419.0
MAF,2014,,0.0,20638.7705882379,37450.0
MAF,2015,,0.0,,37369.0
MAF,2016,,0.0,,37175.0
MAF,2017,,0.0,,36837.0
MAF,2018,,0.0,,36012.0
MAF,2019,,0.0,19033.0649634889,34267.0
MAF,2020,,0.0,,31786.0
MAF,2021,,0.0,21668.3776525323,29961.0
MAF,2022,,0.0,,28870.0
MAF,2023,,0.0,,27515.0
MAR,2010,11.9620812709231,41.6712483513354,3067.9853515625,32467016.0
MAR,2011,12.0819026098454,41.097423309588,3301.98876953125,32912588.0
MAR,2012,11.3297511522793,40.5651444020105,3164.17724609375,33355241.0
MAR,2013,12.3583661932506,40.0916500697531,3379.7431640625,33787571.0
MAR,2014,10.3531465249527,39.6969513828346,3435.40698242188,34204780.0
MAR,2015,11.7961931846113,39.3582875262846,3146.24780273438,34607588.0
MAR,2016,10.3219651103177,39.0342343462821,3140.85546875,35023457.0
MAR,2017,11.1602887992375,38.7238942968158,3296.52661132813,35446392.0
MAR,2018,11.3055402401365,38.4304177246686,3501.69799804688,35839760.0
MAR,2019,10.8424017370039,38.1569549766235,3508.09765625,36210898.0
MAR,2020,10.6636401420592,37.9066563994634,3268.0302734375,36584208.0
MAR,2021,11.9779439009277,37.6826723399711,3785.93627929688,36954442.0
MAR,2022,9.79618893785634,37.4881531449297,3463.1376953125,37329064.0
MAR,2023,11.1311743840061,37.326249161122,3813.72607421875,37712505.0
MCO,2010,,0.0,161853.922745228,33163.0
MCO,2011,,0.0,179364.009524397,33946.0
MCO,2012,,0.0,165444.625782803,34711.0
MCO,2013,,0.0,184940.633666281,35447.0
MCO,2014,,0.0,195693.519540544,36128.0
MCO,2015,,0.0,170437.021128628,36757.0
MCO,2016,,0.0,173604.669723126,37276.0
MCO,2017,,0.0,170663.470051177,37678.0
MCO,2018,,0.0,188298.389694191,38154.0
MCO,2019,,0.0,193746.729890885,38109.0
MCO,2020,,0.0,176891.806328966,38050.0
MCO,2021,,0.0,223823.327192464,38527.0
MCO,2022,,0.0,226052.060664649,38931.0
MCO,2023,,0.0,256799.911212051,38956.0
MDA,2010,11.1612572325879,60.7195053100586,2436.79935102421,2862354.0
MDA,2011,11.3842525996445,60.6530838012695,2941.36224066021,2860699.0
MDA,2012,10.4481727207152,60.6385803222656,3044.8084324815,2860324.0
MDA,2013,11.550361937388,60.5724487304688,3321.04397795719,2859558.0
MDA,2014,14.0709569584487,60.3701515197754,3289.95758568777,2857815.0
MDA,2015,12.8212557522034,60.3045959472656,2749.55137054338,2835978.0
MDA,2016,12.4797438509487,60.2626762390137,2847.08794770479,2803186.0
MDA,2017,12.1995910772854,60.0263442993164,3453.26727720294,2755189.0
MDA,2018,10.1468784571365,59.6741905212402,4156.44981956646,2707203.0
MDA,2019,10.1608126286441,59.227710723877,4405.33418162155,2664224.0
MDA,2020,9.36669201380178,58.6631469726562,4375.7788930524,2635130.0
MDA,2021,10.5865870134286,58.1884574890137,5274.60582195352,2595809.0
MDA,2022,8.11428000058421,57.5951156616211,5744.29618434435,2528654.0
MDA,2023,7.08454848490601,56.9988174438477,6799.58594644576,2457783.0
MDG,2010,29.0780963483597,72.1348315050897,450.009391645726,22183340.0
MDG,2011,29.0502057606452,71.8663192975037,506.163691559309,22822300.0
MDG,2012,28.0006123574142,71.6011967128919,493.511162904211,23462438.0
MDG,2013,26.4930339794941,71.3395362894607,515.301589361832,24109290.0
MDG,2014,25.8453829296172,71.0814105654162,505.684922503435,24764348.0
MDG,2015,25.7433543337656,70.8268920789646,445.320069480568,25426702.0
MDG,2016,25.1334543599723,70.5760533683122,453.970714522463,26099952.0
MDG,2017,24.5501377693098,70.328966971665,491.866848718929,26788375.0
MDG,2018,23.9733833005861,70.0818874653091,500.45718552916,27494926.0
MDG,2019,22.9562520100657,69.6953027629796,499.818837622534,28219554.0
MDG,2020,24.6929443979329,69.2980525832452,450.771615205157,28953556.0
MDG,2021,22.5220913616157,68.8862876783964,483.469463351195,29691083.0
MDG,2022,21.608800850098,68.4602186534114,504.059106969168,30437261.0
MDG,2023,22.2232371808595,68.0200561139054,514.064076551927,31195932.0
MDV,2010,5.63412062612204,63.2353862237447,7173.59601844692,360792.0
MDV,2011,5.385634653611,62.8725376482269,7424.520410971,373674.0
MDV,2012,5.19060478867434,62.524036566456,7461.29703686309,386818.0
MDV,2013,5.41343405241382,62.1742924844074,8236.08177944126,400070.0
MDV,2014,5.30718633604263,61.8061140131893,8939.07416571472,413617.0
MDV,2015,5.53360361810085,61.4228489284709,9644.90655028145,428154.0
MDV,2016,5.62856345772863,61.0439127682185,9947.80744731739,443308.0
MDV,2017,5.27109968794242,60.67212280857,10509.628805812,458287.0
MDV,2018,5.12400558285918,60.3076645571721,11423.2838427029,473099.0
MDV,2019,4.49402391073316,59.9507235216718,11740.2724029785,487731.0
MDV,2020,7.57494511363438,59.6014852097161,7393.8886543933,502118.0
MDV,2021,5.30620393459186,59.2601351289517,10176.143882547,516154.0
MDV,2022,5.06182473582962,58.9358230309337,11786.0191492983,524106.0
MDV,2023,5.08184564628541,58.4903167066027,12587.6126038651,525994.0
MEX,2010,3.09200838871919,23.4755558585287,9728.80078307432,113623895.0
MEX,2011,2.97569483968178,23.4332197720463,10664.4944032313,115243504.0
MEX,2012,3.04872937167333,23.3414800859266,10744.1335236186,116818208.0
MEX,2013,3.02454277542456,23.2044231922048,11216.800851866,118343573.0
MEX,2014,3.02713651699048,23.0258632908234,11391.3773503964,119784261.0
MEX,2015,3.08518633863416,22.8096145817247,10021.2386113616,121072306.0
MEX,2016,3.2462890783797,22.5594912648514,9097.92397674769,122251351.0
MEX,2017,3.29751177589907,22.2793075401459,9649.27816729586,123400057.0
MEX,2018,3.29695945141921,21.9728776075506,10084.7937570364,124573711.0
MEX,2019,3.31502440257968,21.644015667008,10369.5553593527,125762982.0
MEX,2020,3.71114888178603,21.322039397176,8841.27074929751,126799054.0
MEX,2021,3.78266528622109,21.0675992581943,10314.0506733708,127648148.0
MEX,2022,3.89806571238006,20.800316784209,11405.7940469896,128613117.0
MEX,2023,3.84569758598285,20.5265064251954,13830.843848864,129739759.0
MHL,2010,10.5856610800745,26.5884341238191,3095.45768964722,52044.0
MHL,2011,13.8842716192687,26.1446288827415,3319.39815439151,51907.0
MHL,2012,17.8198118428334,25.7294867481076,3514.26515490383,51419.0
MHL,2013,15.8570815450644,25.3209398193917,3677.90690791421,50681.0
MHL,2014,12.0370967741935,24.9209444627823,3735.23977829545,49796.0
MHL,2015,12.4228089275993,24.5297431792637,3764.34426229508,48800.0
MHL,2016,12.7276511397423,24.1475784698204,4229.80988911945,47709.0
MHL,2017,15.8322414599906,23.7746928354366,4592.83457628576,46529.0
MHL,2018,16.2795,23.4113287770965,4858.12079054875,45285.0
MHL,2019,18.2091455560326,23.0577287957846,5292.33985502306,44007.0
MHL,2020,19.9060380479735,22.714135392485,5661.96787336674,42706.0
MHL,2021,24.7417084696196,22.3836842568857,6315.31172190393,41367.0
MHL,2022,20.580387943113,22.0144033804813,6455.6603538189,40077.0
MHL,2023,18.9214015151515,21.6406071115718,6799.39217554794,38827.0
MKD,2010,10.1206048077275,41.8793184458709,4833.36586759968,1946298.0
MKD,2011,9.35099292094117,41.7590496073033,5416.86672931659,1937398.0
MKD,2012,9.10471970396591,41.6075782188271,5049.8265386157,1929821.0
MKD,2013,10.0274760854448,41.421305567201,5626.26115664893,1922716.0
MKD,2014,10.1775672771312,41.1966329391838,5925.38592218015,1917557.0
MKD,2015,9.72691849418736,40.9299616215341,5262.68671928674,1912430.0
MKD,2016,9.17290831294816,40.6176929010109,5598.48622617967,1906313.0
MKD,2017,7.87324504211252,40.2562280643727,5955.2973863451,1898657.0
MKD,2018,8.47039846991427,39.8419683983784,6713.98925398989,1889051.0
MKD,2019,8.13229139447626,39.3713151897868,6718.85826635458,1876262.0
MKD,2020,8.56905928759264,38.8406697253565,6659.59651070776,1856124.0
MKD,2021,7.14748884425831,38.3158024371861,7620.80296977508,1837114.0
MKD,2022,7.27988785468163,38.0469433392733,7606.2375253797,1831712.0
MKD,2023,6.2308866977397,37.7481677454221,8674.35846327485,1827816.0
MLI,2010,25.9857196705545,76.8640538175106,797.151541141189,15945198.0
MLI,2011,27.5615497300786,76.3620325960696,938.292902579598,16469049.0
MLI,2012,30.7772665368303,75.8393831151412,872.506092463946,16957033.0
MLI,2013,28.4968116057941,75.2966373145117,901.920957649814,17459615.0
MLI,2014,29.3244531264164,74.7343271339675,947.915033293219,18020267.0
MLI,2015,30.525122276133,74.152984513295,838.11986940103,18593022.0
MLI,2016,30.9987192702461,73.5531413922805,872.468587171653,19191289.0
MLI,2017,31.4007766435761,72.9353297107104,924.057531692284,19813011.0
MLI,2018,32.4975413984656,72.3000814083712,996.379292136901,20442030.0
MLI,2019,32.2682205547332,71.6479284250491,971.949318638092,21068405.0
MLI,2020,32.2899608370191,70.9794027005307,953.242943290974,21713836.0
MLI,2021,32.0375587266747,70.2950361746022,1027.27345365357,22388630.0
MLI,2022,32.7176729018653,69.5984294318101,976.914116406452,23072640.0
MLI,2023,31.3747850068698,68.9968110976765,1042.44223444837,23769127.0
MLT,2010,1.27165148764665,5.7587564379846,21946.6073066905,414508.0
MLT,2011,1.08713374993752,5.68440835771879,23516.972445816,416268.0
MLT,2012,1.0910541183165,5.6373743506347,22878.3095862582,420028.0
MLT,2013,1.01983625203559,5.60934321437939,25415.5525389054,424810.0
MLT,2014,1.00159746008451,5.587487226102,27424.5693619702,433481.0
MLT,2015,0.941565497029315,5.5612303731989,25529.6693210673,444220.0
MLT,2016,1.01031771377506,5.51999664306641,26459.0644285369,454505.0
MLT,2017,0.675890607316043,5.43081936696861,30317.2611769875,467106.0
MLT,2018,0.621888918723848,5.27576267382941,33382.280781103,483903.0
MLT,2019,0.471910717650196,5.06679674753561,32421.9087471186,503912.0
MLT,2020,0.78562042891342,4.8158917719737,31823.422001724,515490.0
MLT,2021,0.886000827253817,4.48546563829549,38078.0064279067,518150.0
MLT,2022,0.833481606690094,4.3996844867121,35658.8318250199,531113.0
MLT,2023,0.0444448692460621,4.3727722852035,40932.5238774461,552747.0
MMR,2010,36.853075751266,70.8584670781976,1010.53417343401,49024382.0
MMR,2011,32.4961825024034,70.7275234863787,1213.62898703376,49419820.0
MMR,2012,30.5901997024538,70.6043710636655,1202.6658960055,49837446.0
MMR,2013,29.5337253604993,70.4896053762761,1199.09561597055,50262658.0
MMR,2014,27.8298025759612,70.3835657883538,1293.00042298688,50681634.0
MMR,2015,26.771778645598,70.2833178808318,1166.73305546337,51089056.0
MMR,2016,25.6286228737595,70.1870834417906,1229.19713515893,51495696.0
MMR,2017,23.4041280962744,70.0948272296563,1272.82241830603,51894938.0
MMR,2018,22.0756064041111,70.006425949271,1298.21310320785,52272247.0
MMR,2019,20.8421577754282,69.9217563054768,1425.98954211903,52640713.0
MMR,2020,22.4186525400503,69.8406950031158,1490.21683548367,53016522.0
MMR,2021,22.7852901568211,69.7631187470302,1242.72134419599,53387102.0
MMR,2022,22.3343500768495,69.688904242062,1158.05005034332,53756787.0
MMR,2023,22.7222309725462,69.6179281930534,1233.19666209269,54133798.0
MNE,2010,5.46716738531637,35.6930374248707,6678.63939560908,619428.0
MNE,2011,5.17096892815778,35.5789085164189,7265.51771176628,620345.0
MNE,2012,4.89539575741918,35.4755991341049,6552.47970337373,621418.0
MNE,2013,5.20960137991499,35.3747012040347,7102.7776714702,622587.0
MNE,2014,5.11569218646198,35.2767856227541,7342.17147363741,623744.0
MNE,2015,4.96369912493667,35.1818347062829,6421.00005731419,624651.0
MNE,2016,4.80607864194884,35.0898307706591,6968.01202883651,625353.0
MNE,2017,4.43612645373447,35.0007561319416,7674.2856571219,625982.0
MNE,2018,4.02702654709881,34.9145931062131,8673.59469069858,626438.0
MNE,2019,3.70351082097405,34.8313240095841,8749.25629734676,626753.0
MNE,2020,4.18386978297396,34.7509311581973,7555.48699036321,626590.0
MNE,2021,3.7713187551422,34.6733968682325,9315.86435643142,625053.0
MNE,2022,3.99672766573405,34.5987034559134,10038.1849482517,623591.0
MNE,2023,3.7692433716629,34.5268332375151,12258.1600477339,623529.0
MNG,2010,11.7325631980129,32.1701981686746,2625.21881402433,2738622.0
MNG,2011,10.3073568180221,32.0803941201324,3736.04201455077,2786317.0
MNG,2012,11.2580245572127,32.0477217462215,4328.89001905655,2839705.0
MNG,2013,13.4140624660902,32.0223249944085,4340.14310544449,2899011.0
MNG,2014,13.3412210879498,32.0058642770374,4126.23975800524,2963113.0
MNG,2015,14.079203180176,32.0000000093905,3838.92126989984,3026864.0
MNG,2016,12.6278436864479,32.0223245179021,3619.90026383792,3088856.0
MNG,2017,11.1372332713568,32.0739416776328,3645.96708669551,3148917.0
MNG,2018,11.4280045193059,32.1316555166628,4107.64288528468,3208189.0
MNG,2019,11.5583828612266,32.1722700448443,4347.54610314873,3267673.0
MNG,2020,12.9656563031474,31.9105228229225,4001.25193077703,3327204.0
MNG,2021,13.1631741927742,30.7846755981445,4517.61578018785,3383741.0
MNG,2022,13.0278534035361,30.216194152832,4993.51487463495,3433748.0
MNG,2023,9.92060281298024,29.5535507202148,5838.63108083902,3481145.0
MNP,2010,,9.05118196718939,14771.4037455399,54091.0
MNP,2011,,8.9746632098648,13598.7166094613,53608.0
MNP,2012,,8.89880724407659,14013.6003306158,53234.0
MNP,2013,,8.8235058127871,14632.8518897608,52758.0
MNP,2014,,8.7487655648724,15945.417608954,52178.0
MNP,2015,,8.6745931492085,17665.1007493109,51514.0
MNP,2016,,8.6009952146717,24225.474169342,50773.0
MNP,2017,,8.52797841013791,31225.6049960968,49959.0
MNP,2018,,8.45554938448321,26509.3628379893,49077.0
MNP,2019,,8.38371478658379,24496.6652122421,48129.0
MNP,2020,,8.30916326370919,18220.8382427201,47528.0
MNP,2021,,8.2157862696198,19455.50139424,46979.0
MNP,2022,,8.12142113543921,23785.754590043,46078.0
MNP,2023,,8.0245887112427,,45143.0
MOZ,2010,27.3093770922399,69.0138220177079,496.185839392659,22999235.0
MOZ,2011,26.4848729989708,68.7937769967206,618.17649286789,23649039.0
MOZ,2012,25.5177066547282,68.5684748264895,685.685748199513,24337846.0
MOZ,2013,24.2529090836336,68.3380846023821,686.505672517351,25051611.0
MOZ,2014,24.6554671607897,68.1027754197658,697.142680444123,25788475.0
MOZ,2015,23.5663164946958,67.8627163740082,610.563774706589,26547572.0
MOZ,2016,23.6272810887625,67.6180765604766,441.489734819071,27337105.0
MOZ,2017,26.0749604736416,67.3725588507325,470.93856305196,28166393.0
MOZ,2018,25.5425597958909,67.0097440926459,517.507260258101,29018644.0
MOZ,2019,24.7697818145637,66.5822758482968,519.09255091362,29884380.0
MOZ,2020,26.8819744087655,66.0955993583715,462.433876479921,30783688.0
MOZ,2021,26.8945913502365,65.5500740598446,509.907829475551,31707800.0
MOZ,2022,25.6382662600095,64.9463361952055,578.273222184503,32656246.0
MOZ,2023,25.3638190039758,64.2850216851593,622.191133245967,33635160.0
MRT,2010,16.7330487035243,54.0458076890058,1659.96369705455,3390965.0
MRT,2011,14.5158947387598,52.8649592976309,1931.19975525465,3502811.0
MRT,2012,16.0859607599369,51.7267552648475,1859.11733247641,3619034.0
MRT,2013,16.2826011052317,50.6446026774087,1936.26950446101,3734318.0
MRT,2014,18.8142560652114,49.5305208773144,1718.97089374709,3848514.0
MRT,2015,20.6295456111909,48.3319649950378,1558.84205473416,3965959.0
MRT,2016,21.7392133521855,47.0814372680054,1568.00551190332,4086657.0
MRT,2017,22.7188300742502,45.8029551497996,1617.93401542267,4210600.0
MRT,2018,23.655966000294,44.8694922999919,1723.37809442655,4337685.0
MRT,2019,19.957882454072,43.9403784220854,1767.072710621,4467708.0
MRT,2020,19.1523401706647,43.0163298941107,1795.72437324423,4600131.0
MRT,2021,19.1485811289032,42.098464858359,1947.47413907209,4734874.0
MRT,2022,21.2302013888594,41.1879003802774,1961.28166648869,4875637.0
MRT,2023,19.1616076506323,40.2857535252942,2127.9576285973,5022441.0
MUS,2010,3.59110980182453,59.6953868172282,8113.17670740212,1250400.0
MUS,2011,3.65312332199749,59.8334076771284,9324.24232310496,1252404.0
MUS,2012,3.6066947724863,59.9630488384915,9421.52514098225,1255882.0
MUS,2013,3.29265321839171,60.0891151441229,9877.13865958834,1258927.0
MUS,2014,3.15422608043165,60.2112428028265,10490.3315563853,1261208.0
MUS,2015,3.03283321645437,60.3290389382274,9630.5437837507,1262879.0
MUS,2016,3.05756982303852,60.4421106739506,10095.1225574156,1263747.0
MUS,2017,2.95521989373646,60.5500651336211,10986.7034093005,1264887.0
MUS,2018,2.52593212825691,60.6525094408641,11818.7480619272,1265577.0
MUS,2019,2.66862745852887,60.7490507193045,11568.2533399824,1265985.0
MUS,2020,3.09894065143015,60.8392960925675,9135.84773751062,1266014.0
MUS,2021,3.2413713398879,60.922852684278,9177.71195973013,1266334.0
MUS,2022,3.55513254765837,60.9999874114216,10246.5017455553,1262523.0
MUS,2023,4.01265286259242,60.9960098907774,11269.9684462139,1248647.0
MWI,2010,24.6321400620979,84.5223030619482,683.124694716799,14826463.0
MWI,2011,23.9314133083531,84.4476846091277,763.061000394572,15265022.0
MWI,2012,23.5292854390256,84.3746866959536,558.46208832772,15709577.0
MWI,2013,23.8492870296807,84.3033826535258,496.947368267313,16161816.0
MWI,2014,23.8734416539637,84.233845812944,529.5133440206,16621538.0
MWI,2015,22.9948363698368,84.1661495053082,539.605363240686,17085587.0
MWI,2016,22.1929077690151,84.100367061718,450.506105510719,17557739.0
MWI,2017,22.9262319821323,84.0365718132734,495.769683367165,18039715.0
MWI,2018,21.632593506951,83.9778513445745,533.202567189331,18528081.0
MWI,2019,22.9473991790142,83.8616253380999,580.889139762475,19025752.0
MWI,2020,25.0150110062267,83.7038528243591,602.507478176106,19533888.0
MWI,2021,25.5328304255348,83.5118074199306,617.446994451007,20047258.0
MWI,2022,27.5975518762201,83.2853968020564,604.269740360317,20568728.0
MWI,2023,28.869380408768,83.0251253334644,633.214767978695,21104482.0
MYS,2010,10.0899159275121,29.1374685168975,8899.34505544675,28655776.0
MYS,2011,11.4533531198278,28.5754833318036,10217.1068585031,29162039.0
MYS,2012,9.79375074645921,28.0319872073913,10600.5744240026,29662831.0
MYS,2013,9.11336384538206,27.5117282881922,10713.6407638899,30174265.0
MYS,2014,8.87320901302643,27.0197793089227,11013.3107334403,30696137.0
MYS,2015,8.2874950827938,26.5612130042994,9648.6797937523,31232798.0
MYS,2016,8.46251885618027,26.1411021090386,9476.53409809923,31789685.0
MYS,2017,8.59827753533139,25.7645193578568,9862.54806612235,32355644.0
MYS,2018,7.51205693063821,25.4365374854704,10901.8019954421,32910967.0
MYS,2019,7.24131401562151,25.1622292265958,10920.191763972,33440596.0
MYS,2020,8.16597089919598,24.9488104424328,9957.52626697613,33889558.0
MYS,2021,9.56621458844467,24.4911371808093,10903.1037480772,34282399.0
MYS,2022,8.96184922741417,24.0258642926997,11754.5678336248,34695493.0
MYS,2023,7.76530932127302,23.5565247894261,11386.0395636528,35126298.0
NAM,2010,8.45536944089181,58.2053823438009,5418.21633365814,2109811.0
NAM,2011,8.11362720295374,57.3723924378465,5834.7917675794,2146325.0
NAM,2012,8.05447519990682,56.6195920814306,5942.64680978673,2194654.0
NAM,2013,7.82146490072164,55.8893230920868,5346.62131149967,2252508.0
NAM,2014,8.13893575439091,55.1785751789441,5378.32326241205,2312139.0
NAM,2015,6.65042679589334,54.4896445554675,4774.10650865775,2374300.0
NAM,2016,6.72011763526388,53.8248274351216,4395.68776162376,2439213.0
NAM,2017,7.67615608936274,53.1864200313712,5143.96072323076,2506853.0
NAM,2018,7.76829756756805,52.5767185576811,5308.60813408705,2577327.0
NAM,2019,7.08397673847435,51.9980192275161,4731.9210318831,2650494.0
NAM,2020,9.15817808891199,51.452618254341,3878.58982993966,2728762.0
NAM,2021,9.56300379482636,50.9428118516204,4412.8355693052,2810548.0
NAM,2022,8.75889366457648,50.4708962328193,4349.79908493314,2889662.0
NAM,2023,7.60787868693767,50.0454162169179,4225.99102418102,2963095.0
NCL,2010,1.34474139086715,33.296163781993,35798.9084757829,261582.0
NCL,2011,1.36822830098318,33.273790877787,38835.9401851385,266543.0
NCL,2012,1.64443691439298,33.2582940085552,35559.5672006157,271633.0
NCL,2013,1.71329146676256,33.2415872135075,36671.1566752621,276822.0
NCL,2014,1.77245534055282,33.2153612927231,37816.9558599295,281224.0
NCL,2015,1.91334103691976,33.1721954452197,30858.7237060533,283168.0
NCL,2016,1.92670811679751,33.1097945341594,30782.8544433514,283423.0
NCL,2017,2.01190197330879,33.0316606706906,32354.7102832901,283546.0
NCL,2018,,32.9411190242325,34902.8968780031,283541.0
NCL,2019,1.78613861386139,32.8425326292168,33411.3358835672,283606.0
NCL,2020,,32.7252738934067,33270.330597637,284176.0
NCL,2021,,32.5869223460354,35311.5543551452,285214.0
NCL,2022,,32.4279694978718,33516.363085906,287123.0
NCL,2023,,32.248477688663,33701.8923322781,289870.0
NER,2010,35.8213879566765,83.7583698720884,474.425692340831,16548835.0
NER,2011,33.6467642815211,83.7696933946504,510.75956176268,17176283.0
NER,2012,33.6809938208632,83.7858715995645,528.510104469655,17836769.0
NER,2013,32.2350107295479,83.7837404303936,552.103334363117,18519898.0
NER,2014,33.4290442343639,83.7549575388335,565.30989731175,19215909.0
NER,2015,32.4169952714448,83.6964393412507,485.662574175279,19939498.0
NER,2016,37.2079514113705,83.6101719456764,499.910520068193,20685753.0
NER,2017,38.2607137093769,83.4963012093104,529.929418934868,21435446.0
NER,2018,37.6792191632916,83.3550988200779,576.927536415462,22188069.0
NER,2019,36.1554960959216,83.186853500315,541.265819870273,22947757.0
NER,2020,38.8344569845244,82.9918579996206,575.451340306915,23717613.0
NER,2021,38.1399427232346,82.7704063333314,609.585703670137,24502140.0
NER,2022,41.4571749267894,82.522792992488,613.614736429298,25311973.0
NER,2023,43.9880889564123,82.2493126704763,647.930108509567,26159867.0
NGA,2010,23.8937040912791,48.3221811744554,2202.25672957344,166642886.0
NGA,2011,22.2347109931956,47.509647575921,2418.41316975875,171379598.0
NGA,2012,21.8599586165277,46.697885097707,2633.19734671361,176200625.0
NGA,2013,20.7586228322439,45.8869144807432,2872.79083379398,181049443.0
NGA,2014,19.9902547680805,45.0767564659596,3088.72131316169,185896915.0
NGA,2015,20.6318934800012,44.2674317942862,2585.73360671797,190671878.0
NGA,2016,20.9831097083173,43.458961206653,2070.4127339595,195443700.0
NGA,2017,20.8465714300542,42.6513654439899,1876.34027111773,200254579.0
NGA,2018,21.203773720121,41.8446652472271,2057.87944554011,204938755.0
NGA,2019,25.7349305728483,41.0388813572944,3189.81286496183,209485641.0
NGA,2020,28.3454204381389,40.2340345151219,2797.184580679,213996181.0
NGA,2021,29.3882780434873,39.4301454616396,2787.48779220991,218529286.0
NGA,2022,28.5515522200407,38.6272349377775,2899.16047469267,223150896.0
NGA,2023,27.7182912792899,37.8253236844657,2138.76383718757,227882945.0
NIC,2010,16.9826368007048,43.157688908027,1526.56706951408,5737450.0
NIC,2011,18.8847883857771,42.9637574995816,1679.71192084633,5819051.0
NIC,2012,17.6115834733674,42.7683157773394,1784.69836017555,5901287.0
NIC,2013,16.4909112111851,42.5725720498701,1835.43996363715,5983845.0
NIC,2014,16.7090173834472,42.3777346257436,1958.37047579547,6066492.0
NIC,2015,16.1099292353151,42.1850118135295,2074.45620634731,6149417.0
NIC,2016,14.9153392298097,41.9956119217977,2131.68704828322,6232666.0
NIC,2017,14.9964086019473,41.8107432591178,2182.61380995674,6316231.0
NIC,2018,15.3222113237126,41.6316141340595,2035.16549390507,6400080.0
NIC,2019,15.5297840677071,41.4594328551928,1958.62051528095,6483657.0
NIC,2020,15.9067799804023,41.2954077310872,1938.44704754382,6565267.0
NIC,2021,15.7299148913114,41.1407470703125,2138.38573878237,6644741.0
NIC,2022,16.803025682188,41.0045623779297,2322.89069619459,6730654.0
NIC,2023,15.3285658671977,40.8749046325684,2609.44491147975,6823613.0
NLD,2010,1.78780819318779,12.6497209752871,51305.7338533973,16615394.0
NLD,2011,1.59844393327571,11.9940795027427,54701.7728030611,16693074.0
NLD,2012,1.69697006526574,11.4657537608667,50473.9442002689,16754962.0
NLD,2013,1.84474290341919,10.8250007629395,52602.2860520766,16804432.0
NLD,2014,1.80098935055634,10.1635212902835,53457.2234864322,16865008.0
NLD,2015,1.80598562591626,9.7212262785379,45793.8135434697,16939923.0
NLD,2016,1.86399139098136,9.4196760547223,46808.5291492503,17030314.0
NLD,2017,1.96787421373596,8.8780299323398,49513.6817346384,17131296.0
NLD,2018,1.75987236955923,7.39375275989561,53955.0770024266,17231624.0
NLD,2019,1.7588069903961,6.1101971143521,53554.9007491475,17344874.0
NLD,2020,1.73737205482673,5.7467722234065,53467.9277413737,17441500.0
NLD,2021,1.65464640233302,5.3705216779685,60141.9880911492,17533044.0
NLD,2022,1.64194723390554,5.01438222658641,59123.318556487,17700982.0
NLD,2023,1.75149243000648,4.6778317907871,63515.6030780019,17877117.0
NOR,2010,1.43735583964105,20.754997253418,90020.342257973,4889252.0
NOR,2011,1.21405066122744,20.688379548537,103545.218988177,4953088.0
NOR,2012,0.991694683877473,20.5094074558383,104627.93694681,5018573.0
NOR,2013,1.15423267492879,20.0276019544641,106333.138368566,5079623.0
NOR,2014,1.2824764519382,19.3882840464421,100410.020200979,5137232.0
NOR,2015,1.36267847454537,18.7621759028647,77220.9524311414,5188607.0
NOR,2016,1.88806883866435,18.3199996948242,73222.4006864905,5234519.0
NOR,2017,1.77206243765106,18.0300254087625,78771.2151264554,5276968.0
NOR,2018,1.66053367321766,17.7547887598277,85579.0776455494,5311916.0
NOR,2019,1.61597276444378,17.5064105121719,79329.3075190012,5347896.0
NOR,2020,1.66758075208392,17.2970114299468,71057.5879471399,5379475.0
NOR,2021,1.45805904148152,17.1387122773044,96442.5552173002,5408320.0
NOR,2022,1.51756476583542,17.0436338183966,113122.130765691,5457127.0
NOR,2023,1.64416506232656,16.9281439297834,90984.4087141111,5519601.0
NPL,2010,33.1793784908122,37.9843418421662,585.278491984574,27341952.0
NPL,2011,30.805485476422,36.860050201416,785.518656222132,27464494.0
NPL,2012,30.0760569589773,36.3441593805667,788.202937148377,27534915.0
NPL,2013,28.6226575274714,35.8685429843952,803.269595420477,27589996.0
NPL,2014,27.4618953626735,35.4359152901512,821.455224911731,27672370.0
NPL,2015,26.518508431071,35.0489905750845,875.543635474862,27823629.0
NPL,2016,25.5178753726064,34.7104831164447,877.256454696737,27955462.0
NPL,2017,23.6995484588973,34.4231071914816,1034.28374906846,28011258.0
NPL,2018,22.3346720502565,34.1895770774449,1179.19843190389,28079689.0
NPL,2019,21.583372760027,34.0126070515843,1203.14294706401,28414064.0
NPL,2020,22.1800901927916,33.8949113911495,1154.21517578318,28966574.0
NPL,2021,22.0214522788058,33.855764725478,1252.75076731986,29475010.0
NPL,2022,20.9143699815129,33.7007031278947,1385.91066002922,29715436.0
NPL,2023,21.2987131119062,33.4567066546056,1382.38300895424,29694614.0
NRU,2010,,0.0,4735.92000502092,10043.0
NRU,2011,,0.0,6444.03642094634,10098.0
NRU,2012,,0.0,9842.77032731856,10267.0
NRU,2013,,0.0,8974.51886874433,10517.0
NRU,2014,,0.0,9230.05440328927,10742.0
NRU,2015,,0.0,7747.25584993607,10954.0
NRU,2016,,0.0,8748.15632605428,11150.0
NRU,2017,,0.0,9656.97976571484,11324.0
NRU,2018,,0.0,11413.7463016389,11477.0
NRU,2019,,0.0,10801.7705659635,11587.0
NRU,2020,,0.0,10709.068810538,11643.0
NRU,2021,,0.0,12748.1701249353,11709.0
NRU,2022,,0.0,15309.8345351924,11801.0
NRU,2023,,0.0,13602.6372112893,11875.0
NZL,2010,6.57130523506789,14.1385956741772,33761.9009639947,4350700.0
NZL,2011,6.2779911553811,14.1766848124866,38425.829997974,4384000.0
NZL,2012,5.50809920086661,14.222299323104,40041.7524816244,4408100.0
NZL,2013,7.03235726127178,14.2919870213545,42984.9571801167,4442100.0
NZL,2014,4.77478924457513,14.4923340469589,44599.8992733675,4516500.0
NZL,2015,4.4696017756274,14.8481236239469,38648.7302562109,4609400.0
NZL,2016,5.54820885901096,15.308634406,40088.3205470499,4714100.0
NZL,2017,5.91537474588689,15.8298974125892,42912.1537002148,4813600.0
NZL,2018,5.66864597596724,16.1982153314423,43204.1305124872,4900600.0
NZL,2019,5.68759062703863,16.195034128333,42872.2681243427,4970300.0
NZL,2020,5.69753974020289,16.1861022904092,42054.6743136586,5072400.0
NZL,2021,5.77486500876711,16.1700617414095,49902.154346032,5084600.0
NZL,2022,4.57625698536786,16.1452694982188,49141.6316294227,5081700.0
NZL,2023,4.00852725247614,16.1101008538771,49302.341876493,5200000.0
OMN,2010,1.24729891956783,24.8420275333726,23570.1798147325,2757446.0
OMN,2011,1.10041680929465,24.3414196485312,25188.0074151885,3076763.0
OMN,2012,1.01551086474633,23.911843378932,24642.2978768596,3547106.0
OMN,2013,1.14226556083793,23.5085765785687,23458.0233840053,3833913.0
OMN,2014,1.11270719472095,23.1107423251049,23160.6502252547,4002439.0
OMN,2015,1.72976080728779,22.6974636962045,18808.3077921839,4184895.0
OMN,2016,1.98532211721536,22.2478637695312,17110.1897460545,4390877.0
OMN,2017,1.98459925247834,21.6857739959864,17820.0661809335,4537396.0
OMN,2018,1.84942019099591,21.0344160279724,19901.7615642016,4597877.0
OMN,2019,1.99471933938581,20.4219982454038,19180.1864152801,4591241.0
OMN,2020,2.46923308847714,19.9823621077278,16784.8630630058,4522497.0
OMN,2021,2.39218489397188,19.8760057896431,19403.4600160211,4500424.0
OMN,2022,2.10827114663434,19.9882946847699,23223.5829405935,4730226.0
OMN,2023,2.41559858874993,20.4297026771068,21027.7384572657,5049269.0
PAK,2010,22.6888101741789,65.1840812524461,987.304571124485,199239047.0
PAK,2011,23.819642978628,64.9886324110103,1131.73513834324,203746065.0
PAK,2012,23.3861955340345,64.7839770616269,1204.36475491585,207667125.0
PAK,2013,23.7075945934908,64.5684647505634,1225.4340119198,211073978.0
PAK,2014,23.4927320097855,64.3404450240872,1266.61340849959,214264647.0
PAK,2015,23.2628407756242,64.0982674284658,1380.47020838317,217290883.0
PAK,2016,22.3283302035697,63.8402815099667,1424.69161195897,220138869.0
PAK,2017,21.9632035366872,63.5648451776601,1519.23459514248,223273967.0
PAK,2018,21.6512353593957,63.2521488449641,1569.33814626355,226928892.0
PAK,2019,20.6778713222887,62.8908368264231,1390.41690981745,230800899.0
PAK,2020,21.8541325548966,62.4919807051901,1278.39735206896,235001746.0
PAK,2021,22.6625080760743,62.0666604485827,1455.31922370186,239477801.0
PAK,2022,22.3268646996031,61.6259560239184,1538.3228133171,243700667.0
PAK,2023,23.426703596366,61.1808138127209,1360.32417758419,247504495.0
PAN,2010,3.63600328993314,34.9073902352094,8331.46421351868,3628535.0
PAN,2011,3.27922461816528,34.8103321335182,9662.29592216607,3693505.0
PAN,2012,3.12877687887502,34.7170531711849,11064.8063606203,3759256.0
PAN,2013,3.05395074897129,34.6290229896635,12273.3225037637,3825329.0
PAN,2014,2.98667755648831,34.5468835229904,13213.1989637473,3892101.0
PAN,2015,2.94961630201192,34.4712767052019,14082.6548502728,3960035.0
PAN,2016,2.78054588931133,34.4028444703344,14832.3611608191,4029086.0
PAN,2017,2.57262188471475,34.3422287524242,15694.6297454295,4098707.0
PAN,2018,2.44618170062367,34.2900714855076,16151.3273478476,4167860.0
PAN,2019,2.45508077795197,34.247014603621,16477.9066285687,4234700.0
PAN,2020,3.06418840436243,34.2137000408007,13290.5608347594,4293261.0
PAN,2021,2.80289215776646,34.1907697310831,15509.8069109784,4345405.0
PAN,2022,2.60370307107068,34.1788656085044,17378.6070083597,4400773.0
PAN,2023,2.49627490786682,34.1398728823916,18797.1933894611,4458759.0
PER,2010,6.82799723597835,22.5979063166066,5072.11494019615,29086019.0
PER,2011,7.10011013658205,21.9881835014538,5861.35793645245,29304086.0
PER,2012,6.72523424077649,21.3511938548732,6519.37852981527,29550366.0
PER,2013,6.66831016491401,20.6894472179414,6746.80025696601,29817919.0
PER,2014,6.80424741378252,20.0054534317351,6667.13410360861,30115826.0
PER,2015,7.04564405972046,19.301722337331,6231.71150338894,30457600.0
PER,2016,6.93503461650105,18.5807637758057,6217.03599995447,30866494.0
PER,2017,6.77975956010925,17.8068349497597,6736.16693725487,31324637.0
PER,2018,6.88584285144097,17.3145070039079,6978.49121548627,31897584.0
PER,2019,6.85303103477238,16.8966996912895,7037.00803692604,32449303.0
PER,2020,7.7158463734968,16.4732562810363,6133.32552410183,32838579.0
PER,2021,7.12023137308911,16.0519881727639,6828.53422535638,33155882.0
PER,2022,7.17112273409977,15.6336445048806,7353.74598721667,33475438.0
PER,2023,7.22315955429279,15.2189744150255,7919.04634828547,33845617.0
PHL,2010,13.7488650524217,54.4791823273353,2162.91375885614,96337125.0
PHL,2011,14.0957351510823,53.3166367535241,2383.91892522087,98248614.0
PHL,2012,13.0958070106782,52.0817215189574,2614.61644401308,100175512.0
PHL,2013,12.4734251044125,50.8686311233794,2781.27957677397,102076336.0
PHL,2014,12.2716816211446,49.7607599787632,2866.83803761407,103767130.0
PHL,2015,10.9964991548623,48.8450952254773,2909.85818010301,105312992.0
PHL,2016,10.2051255325616,48.0885251848825,2985.19564024046,106735719.0
PHL,2017,10.1829541314109,47.3989517645656,3038.12124959289,108119693.0
PHL,2018,9.65014035815306,46.7911102535246,3168.51036609727,109465287.0
PHL,2019,8.82032374730525,46.2842140051983,3400.78949767074,110804683.0
PHL,2020,10.1853110317615,45.8922280104023,3227.57910235199,112081264.0
PHL,2021,10.0691640204876,45.5495897489224,3484.38593882819,113100950.0
PHL,2022,9.55176804414326,45.2097656431673,3548.06930572116,113964338.0
PHL,2023,9.40036652869164,44.8757283831149,3804.08274131718,114891199.0
PLW,2010,4.07759784493199,19.3373332687696,10018.065238367,18396.0
PLW,2011,3.99593001671915,19.0252768753737,10795.639900708,18078.0
PLW,2012,3.84928374731951,18.8714336431565,12098.4124331551,17765.0
PLW,2013,3.97466910847905,18.9243104660858,12820.5931621147,17648.0
PLW,2014,3.53052555144249,19.2661359637434,13854.730278013,17715.0
PLW,2015,3.03306826116009,19.611753730766,15938.3652222848,17770.0
PLW,2016,3.06745750963587,19.8910664233935,17043.6660673147,17797.0
PLW,2017,3.47557518597223,20.1715420977502,16280.241199753,17812.0
PLW,2018,3.45833441302561,20.4479131431256,16179.877834849,17814.0
PLW,2019,3.39002106726629,20.7196185847173,15841.8923474548,17798.0
PLW,2020,3.30964015590861,20.9203115993736,14556.30954221,17792.0
PLW,2021,3.4153792011821,20.9109201217584,13267.4877340719,17783.0
PLW,2022,3.30414723150432,20.8865168287044,13934.951996171,17759.0
PLW,2023,3.04695793397719,20.8468008561153,15578.3497630733,17727.0
PNG,2010,19.6083870979546,86.9978079930593,1866.86889851208,7633523.0
PNG,2011,19.1997113715188,86.9999974984636,2288.37591141234,7859346.0
PNG,2012,19.2739507668723,86.9856203928638,2635.0873631547,8081390.0
PNG,2013,19.2600193533343,86.9417524266906,2560.77458976327,8302698.0
PNG,2014,17.6919442750767,86.8683595974735,2723.17529825196,8523441.0
PNG,2015,17.4569301700841,86.7658640163681,2484.5963398603,8743246.0
PNG,2016,17.8663404294926,86.6346348057608,2316.39479758492,8961718.0
PNG,2017,17.649568905745,86.4750355118112,2477.76530986323,9178714.0
PNG,2018,16.9738355202322,86.2874279467838,2566.36833735041,9394513.0
PNG,2019,16.9764457469667,86.0721732553053,2575.77274140393,9609010.0
PNG,2020,18.7553254780877,85.8296322814271,2429.61134585269,9815746.0
PNG,2021,18.9898815838299,85.5601657177647,2607.97769973161,10012896.0
PNG,2022,16.9085678890435,85.2641341739159,3102.29409730005,10203169.0
PNG,2023,16.959612272756,84.9418982108794,2966.06455045333,10389635.0
POL,2010,2.91554815662609,39.1525216012323,12567.7317676382,38042794.0
POL,2011,3.17180701243977,39.2642909347456,13867.6669408192,38063255.0
POL,2012,2.98562113420809,39.3658367211134,13087.420943321,38063164.0
POL,2013,3.22652536867249,39.4666812534677,13621.9023794031,38040196.0
POL,2014,2.97119902232799,39.5659936655672,14262.2841914116,38011735.0
POL,2015,2.48363694237949,39.6637113194365,12637.5220324406,37986412.0
POL,2016,2.6237968659564,39.7597715771003,12464.0121044827,37970087.0
POL,2017,2.98537285986431,39.854111800583,13913.3415190124,37974826.0
POL,2018,2.41564136866167,39.9466693519093,15658.210586693,37974750.0
POL,2019,2.37029744646443,40.0373815931037,15874.5220531254,37965475.0
POL,2020,2.56844423547416,40.1261858861908,16150.9304813473,37515748.0
POL,2021,2.24552304361646,40.1903486794457,18635.5104895754,36981559.0
POL,2022,2.80606930357805,40.1684511951679,18891.2121169279,36821749.0
POL,2023,2.76537109467644,40.1140438629786,22145.2660647429,36687353.0
PRI,2010,0.83552463730404,6.24112277856089,26414.8810634548,3724465.0
PRI,2011,0.792213784121246,6.2401797898991,27170.0766543278,3693464.0
PRI,2012,0.803821796527931,6.2369255575683,27742.024476618,3661045.0
PRI,2013,0.826451927769644,6.2301683092695,28212.0499737431,3631427.0
PRI,2014,0.846398778671258,6.21869281810319,28576.0988023209,3585017.0
PRI,2015,0.826985117363399,6.2012838571697,29242.041465085,3535167.0
PRI,2016,0.805660903593846,6.1767261995697,29978.0889268918,3480432.0
PRI,2017,0.818676213745449,6.14380461840361,30328.479490518,3410837.0
PRI,2018,0.70791744297882,6.1013038867717,30679.9181934488,3290690.0
PRI,2019,0.682321472056496,6.0480087777747,31830.5284993358,3302691.0
PRI,2020,0.66100460676674,5.9883855004413,31427.1034994916,3281591.0
PRI,2021,0.673046024208234,5.9449287402698,32618.8705106244,3262731.0
PRI,2022,0.663980527688401,5.8889076945063,35353.5613891039,3220148.0
PRI,2023,0.705611740327775,5.82256407241189,36980.7653928068,3203794.0
PRK,2010,,39.692992530852,,24987258.0
PRK,2011,,39.5163769315596,,25097874.0
PRK,2012,,39.3218859220265,,25211728.0
PRK,2013,,39.1156936841966,,25329451.0
PRK,2014,,38.9059052459127,,25451262.0
PRK,2015,,38.6752428825499,,25575350.0
PRK,2016,,38.4318648571197,,25698326.0
PRK,2017,,38.1793923908598,,25817709.0
PRK,2018,,37.9173880192377,,25931147.0
PRK,2019,,37.6457773388422,,26037632.0
PRK,2020,,37.3644859461505,,26136312.0
PRK,2021,,37.073439437543,,26232534.0
PRK,2022,,36.7725634093171,,26328845.0
PRK,2023,,36.4617834576979,,26418204.0
PRT,2010,1.94034870976094,38.9211132758269,22551.935098809,10573100.0
PRT,2011,1.8384390598893,38.8589301604498,23246.5425416481,10557560.0
PRT,2012,1.92004687349348,38.8590206085334,20593.4274224109,10514844.0
PRT,2013,2.04188706497902,38.8594684784358,21676.4859642714,10457295.0
PRT,2014,1.97659101484386,38.8605462638884,22120.6850127107,10401062.0
PRT,2015,1.97541250129625,38.862530788462,19215.7813014347,10358076.0
PRT,2016,1.92235840837832,38.8656988757277,19980.2808866516,10325452.0
PRT,2017,1.96367345206825,38.8703273492564,21442.3842768879,10300300.0
PRT,2018,1.91817470918666,38.8766930326192,23541.1401075289,10283822.0
PRT,2019,1.99991845769704,38.885072749387,23343.3628970034,10286263.0
PRT,2020,2.14089692520428,38.8957433231309,22299.4044062173,10297081.0
PRT,2021,2.16204629838151,38.9048750703403,24711.4510062111,10361831.0
PRT,2022,1.90543676193935,38.8740744227218,24620.5197587181,10434332.0
PRT,2023,2.13721069426312,38.7951347366336,27634.6183139773,10578174.0
PRY,2010,13.0144797820733,40.4877207381214,4750.96273669322,5737971.0
PRY,2011,13.7962263457725,40.306500460102,5805.40154543044,5814626.0
PRY,2012,10.0422288967986,40.0787090545298,5642.1699167298,5897008.0
PRY,2013,12.8648395783659,39.7624684399099,6435.68342733182,5982445.0
PRY,2014,11.7708565050207,39.2898034051843,6652.25478942291,6069811.0
PRY,2015,9.44042072521197,38.6697231466737,5879.33792308671,6159103.0
PRY,2016,10.6965134075242,37.9172386791394,5775.1596339946,6249126.0
PRY,2017,10.1848244821521,37.0473610173426,6152.26711537703,6338660.0
PRY,2018,9.95020338548856,36.0751011760447,6258.44991640954,6427382.0
PRY,2019,9.66747366416727,35.0154701700071,5821.18199548637,6515058.0
PRY,2020,10.7279902822115,33.883479013991,5365.47220721191,6603739.0
PRY,2021,11.2827254343473,32.6941387227579,5974.9057185863,6684182.0
PRY,2022,10.9265749590137,31.3603462180542,6189.10205375331,6760464.0
PRY,2023,11.7050639471675,30.6533918266306,6303.26495017292,6844146.0
PSE,2010,9.00273717915612,16.1146508860324,2557.07562356699,3786161.0
PSE,2011,8.34249649118102,15.7659049395659,2880.79843707909,3882986.0
PSE,2012,8.10589430228367,15.4534864056778,3067.43872735614,3979998.0
PSE,2013,7.59868299359994,15.1821540110407,3315.29753909282,4076708.0
PSE,2014,7.83505007255338,14.9566664823277,3352.11259506043,4173398.0
PSE,2015,7.40889181529301,14.7817825462114,3272.15432360708,4270092.0
PSE,2016,7.60382722941306,14.6622609293649,3527.61382413178,4367088.0
PSE,2017,7.0405505952381,14.6217744646,3620.36048715937,4454805.0
PSE,2018,7.3596451347333,14.4648868929128,3562.33094270256,4569087.0
PSE,2019,7.05401698427058,14.1863825816344,3656.85827137011,4685306.0
PSE,2020,7.10160510439939,13.9258816256075,3233.56863835858,4803269.0
PSE,2021,6.31674857805511,13.665043612663,3678.63565662194,4922749.0
PSE,2022,5.74521927421669,13.4038576783984,3799.95527015163,5043612.0
PSE,2023,4.87628185520872,13.1423129584114,3607.41611858821,5165775.0
PYF,2010,2.26967001717539,39.2389776049012,22494.806706186,270580.0
PYF,2011,2.4923805279951,38.7282657402259,22831.5185348524,271727.0
PYF,2012,2.63770555361179,38.4713460395408,20846.5457478364,273084.0
PYF,2013,3.02217318220315,38.3869513338005,21955.6329264095,274728.0
PYF,2014,3.17771114316168,38.3175192598732,22258.6321384251,276387.0
PYF,2015,3.22845890100068,38.2625257845093,19166.9594761931,277866.0
PYF,2016,3.21708081765994,38.2255618630349,19690.0775734589,279178.0
PYF,2017,3.0564999715999,38.2103058937154,20826.9312492172,280087.0
PYF,2018,2.85240041681856,38.2111974763125,21925.616043938,279815.0
PYF,2019,2.25047826168236,38.2175857572492,21582.5892046801,279034.0
PYF,2020,2.21570108763617,38.2326899079,19966.4838503859,279209.0
PYF,2021,,38.2600186773992,21426.3854449835,279792.0
PYF,2022,,38.3086193062888,20053.9569369322,280378.0
PYF,2023,,38.3032864971431,21832.2831795569,281118.0
QAT,2010,0.117906662714488,1.4933767833335,77387.2936379616,1616832.0
QAT,2011,0.0966101306365461,1.3699389789091,103261.510293068,1624761.0
QAT,2012,0.0941964622110214,1.25719895280319,108470.378825036,1722438.0
QAT,2013,0.0960229515645713,1.16423781720989,103697.008372373,1916426.0
QAT,2014,0.117168462919326,1.098372161174,95840.6310094498,2151745.0
QAT,2015,0.161318389310859,1.06175923188459,68985.2946961507,2344557.0
QAT,2016,0.183872269651982,1.0144734654577,61253.6375482797,2477113.0
QAT,2017,0.214741536757396,0.968987473402194,63279.8556949332,2545820.0
QAT,2018,0.218257646242842,0.924431523775596,71039.8490579352,2580734.0
QAT,2019,0.260005315111579,0.880830332793295,66841.3013484919,2638657.0
QAT,2020,0.338750396492592,0.838208616696605,51683.5054376677,2794148.0
QAT,2021,0.298239680088491,0.796591091756994,71751.8831257169,2504910.0
QAT,2022,0.256559617750539,0.756002474281004,88701.463352273,2657333.0
QAT,2023,0.292779131249811,0.716467480616501,80195.8746508549,2656032.0
ROU,2010,5.1772466335768,46.0961772058671,8399.5374234284,20246871.0
ROU,2011,5.95088848587022,46.0391125755831,9560.6755277458,20147528.0
ROU,2012,4.54079724771484,46.0436907503927,8929.95366231474,20058035.0
ROU,2013,5.50972556892124,46.0898241965635,9497.67411615237,19983693.0
ROU,2014,4.94834094527624,46.1732812375947,10031.7710755404,19908979.0
ROU,2015,4.42592968395419,46.2928160481107,8977.01748158196,19815616.0
ROU,2016,4.2921753725524,46.4471828027361,9404.54005870715,19702267.0
ROU,2017,4.43884283682194,46.6351356760954,10727.9822007426,19588715.0
ROU,2018,4.50660889280427,46.8554288428132,12416.134317959,19473970.0
ROU,2019,4.31147831319992,47.1068164775138,12909.6104013244,19371648.0
ROU,2020,4.07184426240682,47.388052754822,13009.1525348396,19265250.0
ROU,2021,4.616339720378,47.7678487869189,14908.0412813921,19122059.0
ROU,2022,3.8180329334627,47.8365167522728,15503.4691366242,19048502.0
ROU,2023,3.32416909916798,47.8354252988133,18244.4186876321,19061062.0
RUS,2010,3.34389824902191,26.3303692112376,10674.990234375,142849468.0
RUS,2011,3.1507257212962,26.1465148925781,14305.33203125,143018195.0
RUS,2012,2.92603087775353,26.02734375,15401.8515625,143378447.0
RUS,2013,2.99360048776678,25.9237050229772,15941.4482421875,143805638.0
RUS,2014,3.36060548804252,25.8223523251209,14055.47265625,144237223.0
RUS,2015,3.87310448732299,25.724080934473,9277.7138671875,144640716.0
RUS,2016,3.84021728459951,25.6296861290757,8663.158203125,145015460.0
RUS,2017,3.55363208990976,25.539963186971,10658.9130859375,145293260.0
RUS,2018,3.3942533806976,25.4557073862008,11211.8876953125,145398106.0
RUS,2019,3.53030291392166,25.3777140048074,11447.701171875,145453291.0
RUS,2020,4.00635163401546,25.3067783208326,10108.3271484375,145245148.0
RUS,2021,3.67156378990517,25.2483159779748,12425.029296875,144746762.0
RUS,2022,3.41890901633034,25.1455106374983,15625.6328125,144236933.0
RUS,2023,3.01939316812813,25.0194952126721,13986.9951171875,143826130.0
RWA,2010,23.4080982541515,83.0744419689386,586.599950359877,10317553.0
RWA,2011,22.9164629891831,83.0676413118727,643.356138618166,10573733.0
RWA,2012,23.7888658574855,83.0589751117852,697.760143509565,10829901.0
RWA,2013,23.8917103230198,82.9257793946388,695.397140963607,11093340.0
RWA,2014,23.6787751489992,82.4979283460244,715.36808783393,11364757.0
RWA,2015,23.1107918816185,81.8046850141584,725.691418696952,11640022.0
RWA,2016,24.2954788777688,80.8786048213452,721.258515833094,11919183.0
RWA,2017,25.6342490728521,79.7522431898889,751.049039527547,12202060.0
RWA,2018,23.2642496908276,78.4581555420936,772.754982959354,12487996.0
RWA,2019,21.5583090597452,77.0288973002638,823.355304065304,12776103.0
RWA,2020,24.1891694102271,75.4970238867034,802.638686936204,13065837.0
RWA,2021,21.4316327202507,73.8950907237167,842.581492947672,13355260.0
RWA,2022,21.9285537380026,72.2193297262239,1007.05989322914,13651030.0
RWA,2023,23.1373057605237,71.1444689354523,1061.05788154076,13954471.0
SAU,2010,2.61912238524459,17.9208331455535,22028.3901426586,23978487.0
SAU,2011,2.15288829129967,17.7456123840053,27126.7498747702,25091867.0
SAU,2012,2.06209514825132,17.5688081974642,28733.4375513452,26168861.0
SAU,2013,2.14783287096443,17.3928115380898,27865.465604962,27624004.0
SAU,2014,2.27940419211986,17.2177428705129,27805.4850319422,28309273.0
SAU,2015,2.75387031670143,17.0437226593837,23256.1549553531,29816382.0
SAU,2016,2.91802299444676,16.870871369374,22267.7217050387,30954198.0
SAU,2017,2.83525700890872,16.699309465178,23929.2907135982,30977355.0
SAU,2018,2.41396154385256,16.5291574115151,29360.0658968566,30196281.0
SAU,2019,2.45384656461481,16.3605356731322,29566.7933827436,30063799.0
SAU,2020,2.95556974627207,16.1935647148058,24338.8307301067,31552510.0
SAU,2021,2.44812792691627,16.0283650013462,31920.7653655643,30784383.0
SAU,2022,2.21479159080364,15.8650569976007,38510.2276211037,32175224.0
SAU,2023,2.45769245330047,15.7037611684585,36156.8562500172,33702731.0
SDN,2010,30.6000000071348,67.2825973408487,1305.63598632813,35414399.0
SDN,2011,30.599999994069,67.0940239858014,1332.6572265625,36140806.0
SDN,2012,30.5999999961027,66.8574438385099,1019.22210693359,36923178.0
SDN,2013,30.6000000025472,66.5735222041897,1138.62780761719,37785849.0
SDN,2014,31.9000000019741,66.2375417591883,1275.43835449219,38823318.0
SDN,2015,31.3999999994923,65.9085605371403,1292.37963867188,40024431.0
SDN,2016,31.6000000015638,65.8118041158787,1033.21594238281,41259892.0
SDN,2017,31.7999999982698,65.7127774336491,966.505676269531,42714306.0
SDN,2018,21.999999999848,65.617945777995,731.027465820313,44230596.0
SDN,2019,20.19999999954,65.5272314175764,709.975280761719,45548175.0
SDN,2020,20.4,65.4405566210754,577.795227050781,46789231.0
SDN,2021,20.1999999999641,65.3578436572006,712.122009277344,48066924.0
SDN,2022,26.4,65.2790147946914,1046.24084472656,49383346.0
SDN,2023,30.2756760075975,65.2039923023236,797.283447265625,50042791.0
SEN,2010,15.945261535619,56.3628214940308,1275.88357492357,12635413.0
SEN,2011,12.9470610352017,55.9310331490525,1374.67591873844,12958897.0
SEN,2012,14.0976923523704,55.4640227547011,1326.83798848379,13310495.0
SEN,2013,13.7248803755401,54.9601249460544,1379.83196553924,13710849.0
SEN,2014,13.3687650760268,54.3979094658412,1398.89137601382,14152102.0
SEN,2015,14.2825767344045,53.7252330370142,1218.00613555438,14593331.0
SEN,2016,14.4140203888971,52.9446420090071,1266.43957151587,15034521.0
SEN,2017,15.0045395764691,52.0661650360947,1354.77007193387,15475002.0
SEN,2018,14.9875195578847,51.0998307725515,1452.55612562445,15914498.0
SEN,2019,14.8962721234445,50.0556678726523,1431.18128932159,16352922.0
SEN,2020,16.1487794824433,48.9437049906718,1461.08720350553,16789219.0
SEN,2021,15.5512646222076,47.7739707808845,1598.10676952274,17220867.0
SEN,2022,16.3333231968406,46.5564938975652,1574.0281059306,17651103.0
SEN,2023,17.4112512141863,45.3007723809206,1698.03387300843,18077573.0
SGP,2010,0.0361489888834213,0.0,47236.683084953,5076732.0
SGP,2011,0.0346076007512354,0.0,53891.4570264372,5183688.0
SGP,2012,0.033272726533169,0.0,55547.5553077786,5312437.0
SGP,2013,0.0343752167938134,0.0,56967.4257940383,5399162.0
SGP,2014,0.0345408510735362,0.0,57564.8023114977,5469724.0
SGP,2015,0.0326135138026483,0.0,55645.6068614606,5535002.0
SGP,2016,0.0313442414603302,0.0,57204.0340105222,5607283.0
SGP,2017,0.030663495025163,0.0,61436.1325502558,5612253.0
SGP,2018,0.0300492085211082,0.0,67032.8225769734,5638676.0
SGP,2019,0.0321757269350714,0.0,66068.7003106378,5703569.0
SGP,2020,0.0326659815683798,0.0,61772.5036492256,5685807.0
SGP,2021,0.0301708500316389,0.0,80884.8565369236,5453566.0
SGP,2022,0.0256846779118822,0.0,91227.6970426492,5637022.0
SGP,2023,0.0288899443180196,0.0,86382.5900499252,5917648.0
SLB,2010,32.4643247305045,79.8805941793743,1685.14535823757,532968.0
SLB,2011,32.8222868801178,79.2715107037045,1924.05795643133,552945.0
SLB,2012,33.3378659699208,78.6093035780013,2066.25738638356,573606.0
SLB,2013,33.6180259322108,77.8972737515235,2161.38627543917,594945.0
SLB,2014,34.7578947381245,77.1387221735297,2164.95289873002,616908.0
SLB,2015,33.2230640760498,76.3369497932787,2045.47721526649,639415.0
SLB,2016,34.4468095703573,75.4952575600293,2082.62383124213,662379.0
SLB,2017,33.2802067308765,74.6169464230401,2143.57670489272,685672.0
SLB,2018,33.968525917344,73.7053173315698,2278.19908624102,709101.0
SLB,2019,32.6714892883641,72.724893249724,2223.65890942466,728147.0
SLB,2020,34.1195267292323,71.9672444849978,2063.32780991967,744498.0
SLB,2021,34.4855546012102,71.3110603179422,2043.44413170658,762591.0
SLB,2022,31.9698479049908,70.6488310143194,1877.78104490956,781066.0
SLB,2023,30.5256377079793,69.9911178911611,1882.64394148042,800005.0
SLE,2010,30.542621858137,61.3582671061387,685.039673490948,6222714.0
SLE,2011,31.5846615609542,60.9527846508398,761.146365577281,6387251.0
SLE,2012,30.6570937162864,60.5355905123025,937.504428180231,6551080.0
SLE,2013,30.1232322468759,60.1083577219925,1117.47183075115,6714051.0
SLE,2014,31.9043952976079,59.6727593113755,1117.7586465721,6876385.0
SLE,2015,34.3025554909897,59.2330434812901,964.575980888989,7037655.0
SLE,2016,32.5776913387757,58.770588461229,844.416411175476,7205328.0
SLE,2017,33.3320506947837,58.2893317894942,779.186007841728,7379299.0
SLE,2018,34.9852345791337,57.7988974732197,845.914540460932,7554563.0
SLE,2019,34.547180978919,57.2981555085559,843.71251730417,7731991.0
SLE,2020,35.1293857770036,56.7870340876454,845.277558236182,7912558.0
SLE,2021,33.6443431144422,56.2654614026301,885.396401613729,8094602.0
SLE,2022,33.7568527151259,55.7333656456513,860.371067874555,8276807.0
SLE,2023,29.0526202422585,55.190675008849,758.329137301888,8460512.0
SLV,2010,6.98170850697531,34.5672072456838,3040.07300952878,6068249.0
SLV,2011,7.33019190703113,33.665586357966,3330.60049486653,6090127.0
SLV,2012,6.5143562539307,32.7767333049341,3497.91256915509,6113975.0
SLV,2013,5.61330655869503,31.9121488042005,3582.26694005169,6138839.0
SLV,2014,5.86687215376832,31.0833335733777,3666.01248913873,6162955.0
SLV,2015,5.52976674016479,30.3017883300781,3790.34089108162,6183676.0
SLV,2016,5.73215390739613,29.6009826660156,3901.34014965811,6200800.0
SLV,2017,5.39300914080881,28.9143295288086,4020.12671373919,6213533.0
SLV,2018,5.13276852985202,28.2422790527344,4183.54620971358,6219807.0
SLV,2019,5.1464335217926,27.5851058959961,4320.11671534627,6222318.0
SLV,2020,5.35480047301112,26.9429779052734,3997.19279583709,6234673.0
SLV,2021,4.81225514872015,26.3161468505859,4642.60743101342,6255782.0
SLV,2022,4.55875426849797,25.8534978701321,5074.60050994225,6280319.0
SLV,2023,4.64483845432637,25.3919324850097,5319.7195268688,6309624.0
SMR,2010,,2.92538423081299,56543.190562068,33270.0
SMR,2011,,2.90000152587891,55601.4008139955,32620.0
SMR,2012,,2.90000152587891,47945.8917557105,33469.0
SMR,2013,,2.90000152587891,50807.8206340193,33041.0
SMR,2014,,2.90000152587891,51260.4804236805,32655.0
SMR,2015,0.020057836294131,2.90000152587891,43146.8035302005,32897.0
SMR,2016,0.0136219857493072,2.90000152587891,44359.4574206971,33101.0
SMR,2017,0.020478235906765,2.90000152587891,45192.0530047599,33825.0
SMR,2018,0.0164085436290334,2.90000152587891,47950.7076296808,34522.0
SMR,2019,0.0152797446966611,2.90000152587891,46626.9998571568,34663.0
SMR,2020,0.0141007868342573,2.90000152587891,44426.6259613672,34770.0
SMR,2021,0.01662495341762,2.89643315467281,54168.9744311193,34252.0
SMR,2022,0.0114865425782792,2.8858110619535,54264.5837022908,33755.0
SMR,2023,0.0150943420378973,2.8682689638345,59871.3288101478,33860.0
SOM,2010,,61.4264919381408,219.202453852397,12261756.0
SOM,2011,,60.619681715552,235.325945610434,12348830.0
SOM,2012,,59.7277269912651,350.261946720512,12461160.0
SOM,2013,,58.7406525749727,393.398703952979,12869594.0
SOM,2014,,57.6484832763672,429.431656725102,13339491.0
SOM,2015,,56.1381892591521,445.583080073396,13806963.0
SOM,2016,,54.057157270826,460.928490585175,14348740.0
SOM,2017,,51.6360369967735,510.939952317726,14916629.0
SOM,2018,,49.0493784663128,509.497273804534,15452487.0
SOM,2019,,48.3578829296775,539.954816211694,16030971.0
SOM,2020,,47.713681988246,518.16113333875,16651191.0
SOM,2021,,47.0939350266676,549.056994756254,17271431.0
SOM,2022,,46.4989884113211,573.141165798229,17801897.0
SOM,2023,,45.9285564493118,596.885985135589,18358615.0
SRB,2010,6.11650941889437,40.6494449310662,5970.92660940072,7291436.0
SRB,2011,6.34800451775273,40.5650812212733,7082.2861666075,7236519.0
SRB,2012,6.04364014215639,40.6531562805176,6263.04086072815,7201497.0
SRB,2013,6.29965191728962,40.3888931274414,7040.41812068781,7166553.0
SRB,2014,6.11737533592784,40.1220626831055,6886.67809068704,7131787.0
SRB,2015,5.60595319138529,39.8611907958984,5820.3215576888,7095383.0
SRB,2016,5.70664096571472,39.6146129965974,5982.37030126471,7058322.0
SRB,2017,5.05778606525606,39.378791809082,6548.03653824187,7020858.0
SRB,2018,5.20468651078978,39.1566390991211,7559.86165747394,6982604.0
SRB,2019,4.76474851493196,38.9507751464844,7755.632986437,6945235.0
SRB,2020,5.05373769401741,38.776798248291,8098.70955668849,6899126.0
SRB,2021,5.15586469879064,38.636100769043,9680.52798074468,6834326.0
SRB,2022,5.33794223775032,38.0986186459604,10024.8191112596,6664449.0
SRB,2023,3.78653396097272,37.8565350770262,12281.707946167,6623183.0
SSD,2010,5.29379348275505,82.464379800424,1498.27034985194,9745953.0
SSD,2011,4.67693681681883,82.2182321893211,1448.98435006408,10288109.0
SSD,2012,6.17613217428162,81.9678114552336,1109.26050083408,10756240.0
SSD,2013,9.635809346303,81.7131003506367,1650.18943353528,11166275.0
SSD,2014,7.59650844428456,81.4540816280071,1242.73450181032,11235073.0
SSD,2015,10.3550274477245,81.1907380398227,1080.14718624765,11107561.0
SSD,2016,,80.9230523385623,,10830102.0
SSD,2017,,80.6510072767056,,10259154.0
SSD,2018,,80.3745856067337,,10122977.0
SSD,2019,,80.0937700811281,,10423384.0
SSD,2020,,79.8085434523714,,10698467.0
SSD,2021,,79.5188884729468,,10865780.0
SSD,2022,,79.2247878953384,,11021177.0
SSD,2023,,78.9262244720308,,11483374.0
STP,2010,11.6318930270323,33.9427799271709,1045.20958234528,181802.0
STP,2011,12.3319074378557,33.2724022389298,1219.80189089671,185649.0
STP,2012,12.8657292793474,32.9664110551868,1210.7926479817,189439.0
STP,2013,13.4069603438231,32.8693313598633,1382.5757842916,193148.0
STP,2014,13.2795768636645,32.7393264770508,1489.67633417608,196767.0
STP,2015,14.1348690685509,32.6084289550781,1298.10946596396,200291.0
STP,2016,13.0514022257346,32.4781112670898,1434.87018050521,203689.0
STP,2017,12.7475187137291,32.3479995727539,1555.79477812888,206970.0
STP,2018,11.8181222110283,32.2171173095703,1825.59971753966,210187.0
STP,2019,11.9296548194696,32.0870056152344,1935.2931816596,213392.0
STP,2020,14.1470498019151,31.9563293457031,2167.22001796925,217435.0
STP,2021,15.2661766239364,31.8261032104492,2362.58827248102,221961.0
STP,2022,13.9317577053548,31.6279080201659,2389.73729784737,226305.0
STP,2023,13.4511863976653,31.3956078896432,2990.6606143535,230871.0
SUR,2010,9.47219211206537,33.5661556308033,7943.60482816915,549923.0
SUR,2011,8.73235538333795,33.6324772657693,7949.88867218383,556269.0
SUR,2012,8.38505537300718,33.6867437306624,8851.24050668908,562633.0
SUR,2013,8.48595489076026,33.7316424865491,9043.19281529222,569020.0
SUR,2014,9.38475771944027,33.7750733821963,9108.18905406764,575373.0
SUR,2015,10.4081572411936,33.8171184925282,8813.61705392067,581627.0
SUR,2016,10.7661271900991,33.8573533019531,5644.2061057532,587757.0
SUR,2017,10.9177598208742,33.8953532948793,6049.52128553675,593713.0
SUR,2018,10.0324669859288,33.9306939557154,6665.74180472239,599513.0
SUR,2019,8.59607814021171,33.9629507688695,6629.66775248603,605768.0
SUR,2020,8.1360284150591,33.99169921875,4755.39221710693,612317.0
SUR,2021,9.67766403232661,34.0146026611328,5029.84838543953,617896.0
SUR,2022,7.29566179490095,34.1014556884766,6084.43876736445,623164.0
SUR,2023,7.16164240040182,34.2437591552734,5521.97602122638,628886.0
SVK,2010,1.4985946805378,45.4349259295669,16899.448680529,5391428.0
SVK,2011,1.79373080653758,45.5832612011466,18469.4354316836,5398384.0
SVK,2012,1.79463304702131,45.7235471683818,17516.9691054078,5407579.0
SVK,2013,2.07432555568651,45.8615975901108,18312.7805149823,5413393.0
SVK,2014,2.6149279736894,45.9970874500107,18770.9289896545,5418649.0
SVK,2015,2.04596984034113,46.1299371998378,16442.0760860018,5423801.0
SVK,2016,2.06264218897129,46.2600672913483,16636.0769133073,5430798.0
SVK,2017,1.84814166887456,46.3873981762984,17645.5298716761,5439232.0
SVK,2018,2.00932916157168,46.5118503064441,19573.3717031314,5446771.0
SVK,2019,1.6170097133415,46.6333441335417,19406.0589683582,5454147.0
SVK,2020,1.72917824309886,46.7518001093474,19735.4858280801,5458827.0
SVK,2021,1.87136287988656,46.8098520129395,22123.3342114545,5447247.0
SVK,2022,1.930396226685,46.8097168927472,21317.7943982363,5431752.0
SVK,2023,2.12570153523878,46.809194980354,24614.8734642794,5426740.0
SVN,2010,1.81942536718625,49.8805137205174,23329.8417691156,2048583.0
SVN,2011,2.04087230966772,50.0536181251277,24940.6284841605,2052843.0
SVN,2012,1.82601354087255,50.2380523681641,22442.1417859955,2057159.0
SVN,2013,1.8307708216806,49.9533419245973,23236.9655321695,2059953.0
SVN,2014,1.82135489758977,49.016529083252,24013.0682060959,2061980.0
SVN,2015,1.97361186480213,46.3387839705856,20697.2748530619,2063531.0
SVN,2016,1.85129615497703,46.352725982666,21447.8377796036,2065042.0
SVN,2017,1.69303673263207,44.7548866271973,23303.077705959,2066388.0
SVN,2018,1.99134296260198,44.8086569044325,25888.0481065655,2073894.0
SVN,2019,1.77040651705792,44.5476722717285,25814.1687167572,2088385.0
SVN,2020,1.89729714128329,44.615608215332,25392.0651093612,2102419.0
SVN,2021,1.51147755118796,44.6953710570412,29192.8401933019,2108079.0
SVN,2022,1.62480238565618,44.6622182126437,28360.3041467268,2112076.0
SVN,2023,1.53197014432848,44.4621072210125,32660.4753581346,2120461.0
SWE,2010,1.36161648243538,14.8665771484375,52542.5759090299,9378126.0
SWE,2011,1.41167566441203,14.6399251119476,60379.4814599322,9449213.0
SWE,2012,1.252545647128,14.3749331116878,57749.5615420853,9519374.0
SWE,2013,1.23062537056738,14.0750228740106,60843.9888799369,9600379.0
SWE,2014,1.25159385276156,13.7436161252686,59583.4584491714,9696110.0
SWE,2015,1.30311590626755,13.3841345918142,51188.1652120493,9799186.0
SWE,2016,1.2811871059035,13.0,51703.5088332851,9923085.0
SWE,2017,1.32101626320131,12.762626213089,53210.2233318965,10057698.0
SWE,2018,1.25008450476649,12.5262569074704,54018.4554391861,10175214.0
SWE,2019,1.25718377928626,12.2911579757241,51648.9892820514,10278887.0
SWE,2020,1.19622450679304,12.0575953104301,52568.5726980146,10353442.0
SWE,2021,1.15942751247748,11.8258348041685,60647.5416365347,10415811.0
SWE,2022,1.23876992958721,11.5961423495191,54836.8907235124,10486941.0
SWE,2023,1.28228230721285,11.368783839062,54950.2834725622,10536632.0
SWZ,2010,8.30965206310733,77.6669207932529,3922.74039390733,1111650.0
SWZ,2011,7.97421442671441,77.5365246334607,4225.06049411911,1117833.0
SWZ,2012,8.44107107954548,77.3762284073935,4224.54789174487,1123863.0
SWZ,2013,8.37545690425617,77.1878355643008,3949.94310039907,1129990.0
SWZ,2014,8.20388205629893,76.973149553432,3771.07228381938,1136299.0
SWZ,2015,7.37857520050359,76.7339738240368,3419.82276559528,1142813.0
SWZ,2016,5.37686940648276,76.4721118253644,3238.17611961364,1149507.0
SWZ,2017,8.11477800092546,76.1947995036839,3853.09956569679,1158195.0
SWZ,2018,7.38537092360196,75.9420704595773,3972.65450620357,1168929.0
SWZ,2019,7.42401138221192,75.6540450482249,3913.14577547336,1179874.0
SWZ,2020,7.62881465189563,75.3347201077808,3466.56936278145,1192729.0
SWZ,2021,7.17040128400091,74.9843819474827,3984.00229174306,1206593.0
SWZ,2022,7.57116956723157,74.603317081458,3894.1620089869,1218917.0
SWZ,2023,6.63100879033993,74.1918121499245,3755.52111232464,1230506.0
SXM,2010,,0.0,26403.8143692163,33794.0
SXM,2011,0.11936022917164,0.0,27317.5178881974,34267.0
SXM,2012,0.119000396667989,0.0,28149.0997855041,35023.0
SXM,2013,0.0764609503003823,0.0,28529.7324687053,35854.0
SXM,2014,,0.0,37134.912423099,36672.0
SXM,2015,,0.0,37839.6283815163,37471.0
SXM,2016,,0.0,37308.6147795736,38249.0
SXM,2017,,0.0,34701.3058494468,38996.0
SXM,2018,,0.0,31708.3110124742,39712.0
SXM,2019,,0.0,34861.469528968,40385.0
SXM,2020,,0.0,30150.8998380477,41008.0
SXM,2021,,0.0,32548.4366854902,41571.0
SXM,2022,,0.0,37793.1283815826,42139.0
SXM,2023,,0.0,39451.822911732,42749.0
SYC,2010,2.23545934618328,57.339692755417,10934.79494629,89770.0
SYC,2011,2.19346218388635,57.3260155139134,12110.0937461973,87441.0
SYC,2012,1.99985279931942,57.2738241536831,12337.1554669388,88303.0
SYC,2013,2.71276034719474,57.184930365819,14821.2921476077,89949.0
SYC,2014,2.33075493440682,57.0613743813658,15188.1902175113,91359.0
SYC,2015,2.05307446564115,56.905196431368,15333.1051727105,93419.0
SYC,2016,1.9149122831203,56.7184367468704,16566.9946042294,94677.0
SYC,2017,2.13180786598013,56.5031355589176,17480.3651911372,95843.0
SYC,2018,2.0783484846252,56.2613330985541,18440.2340460932,96762.0
SYC,2019,2.12955445087691,55.9950695968246,19141.5118743615,97625.0
SYC,2020,1.96124535557297,55.7063852847737,14041.4754074575,98462.0
SYC,2021,2.44466263831241,55.3973203934461,14982.9111487767,99258.0
SYC,2022,2.45808085762332,55.0891790018843,16682.6990711785,119878.0
SYC,2023,2.51465392069906,54.9028918678342,18130.5297135548,119773.0
SYR,2010,19.4389724414256,44.3037997110881,2730.61487784917,22482421.0
SYR,2011,20.6469030981773,41.5182295816479,2952.14372909443,22878098.0
SYR,2012,23.432298282026,34.9103337169665,1897.66115018696,22759763.0
SYR,2013,25.1049303727798,26.9379508113863,985.892669221634,21666917.0
SYR,2014,26.8601256182656,24.0,1060.59105887433,20273659.0
SYR,2015,33.1304655969871,24.2470932811458,847.731545352582,19424618.0
SYR,2016,34.1668749627531,24.84599036602,656.349017520952,19193834.0
SYR,2017,40.6356090849324,25.4604403676608,851.501972646386,19224668.0
SYR,2018,39.0098877578608,25.9387397618225,1098.06667935023,19577845.0
SYR,2019,40.7410419328786,26.1751211738014,1109.53933821464,20353534.0
SYR,2020,32.652890568598,26.5874968897488,593.911771822527,21049429.0
SYR,2021,38.6743054965317,26.9874992370605,688.566109726934,21628839.0
SYR,2022,42.8517272820162,27.3875007629395,1056.78264718197,22462173.0
SYR,2023,,27.8326196856796,,23594623.0
TCA,2010,0.611251215804586,9.6251705309799,23093.8498268267,29739.0
TCA,2011,0.552233193070452,9.2687049182172,27327.4006354146,30846.0
TCA,2012,0.515940483737729,8.96473324157139,25923.6156503875,32127.0
TCA,2013,0.531547685236666,8.6831072134714,25653.819867471,33653.0
TCA,2014,0.513482576403009,8.40287995274591,27292.5820256776,35050.0
TCA,2015,0.411861920068554,8.12620628061489,29457.0140691162,36605.0
TCA,2016,0.367779794655588,7.8533095515448,31373.5612684327,38315.0
TCA,2017,0.377058294197292,7.58441312002449,30014.2309523213,39913.0
TCA,2018,0.342988703741605,7.31974034056771,31625.616593277,41559.0
TCA,2019,0.296536471507569,7.0595145677155,31780.5217068989,43166.0
TCA,2020,0.437506192923027,6.8039591560395,20690.9160546118,44386.0
TCA,2021,0.355127019982062,6.5532974601453,27329.2885087196,45243.0
TCA,2022,0.433018459416548,6.30775283467629,31280.5418020808,45847.0
TCA,2023,0.366825679384226,6.0675486343182,35470.2151608295,46198.0
TCD,2010,33.2509512944262,78.1527621808905,1141.80069268412,12312575.0
TCD,2011,27.1563338879622,78.0441263202362,1308.1421872538,12754997.0
TCD,2012,27.0843972280265,77.8938095851822,1354.34344701937,13210998.0
TCD,2013,31.7128603274934,77.7024070147609,1304.88742971475,13691079.0
TCD,2014,31.1688076695246,77.4705486513991,1278.78981422494,14188678.0
TCD,2015,33.6210255108379,77.1988741171026,993.990730610869,14647621.0
TCD,2016,39.3716151096934,76.8880265292821,861.831767630746,15114655.0
TCD,2017,38.4300853118306,76.538650528895,854.46120040098,15622759.0
TCD,2018,37.6181441617191,76.1513915075025,948.656629871231,16156531.0
TCD,2019,37.5903652533914,75.7268952613367,893.336441643325,16685223.0
TCD,2020,40.687470063118,75.2658078204584,866.947814890409,17224679.0
TCD,2021,37.4420946884713,74.7687753576925,946.358500208374,17828273.0
TCD,2022,35.2279823985979,74.2364441370306,966.036468278568,18455316.0
TCD,2023,35.191694250722,73.6694604828954,949.991054236266,19319064.0
TGO,2010,21.077801220787,62.4454117024362,750.323421086121,6325788.0
TGO,2011,19.8649717432319,62.0127694351268,834.14671980279,6500582.0
TGO,2012,20.975947911624,61.5805640401796,813.611525037432,6653718.0
TGO,2013,19.1395466909651,61.1483232115897,885.698522723929,6798848.0
TGO,2014,19.3388381580273,60.7160493541632,921.539748631461,6937644.0
TGO,2015,18.9218601496344,60.2837448727066,813.894676975085,7071502.0
TGO,2016,20.385078914717,59.8514121720261,843.114204338675,7200884.0
TGO,2017,20.3155597844213,59.4190536569281,872.076408845752,7324386.0
TGO,2018,19.6494784155019,58.986671732219,942.480774393154,7458206.0
TGO,2019,19.5287220037284,58.554268802705,917.718016777619,7619925.0
TGO,2020,19.1736551821772,58.1218472731925,961.219781201934,7788054.0
TGO,2021,20.550806619999,57.6894095484878,1076.29520076949,7936176.0
TGO,2022,21.2198485197121,57.2667672024373,1071.61539220759,8068616.0
TGO,2023,20.7728226848382,56.7503146967564,1182.32951436696,8223850.0
THA,2010,10.5221756369849,55.9981263377504,4973.86288823778,68579447.0
THA,2011,11.5917917775207,55.1951276442626,5373.6232832898,69007208.0
THA,2012,11.5041001535767,54.626434186285,5725.52802835463,69436098.0
THA,2013,11.3222153379773,54.1678656152227,6018.08244729255,69845114.0
THA,2014,10.0889216151042,53.6861200532103,5801.1978916205,70216367.0
THA,2015,8.87272364786793,53.0478956223829,5688.85335397884,70540795.0
THA,2016,8.47807696285562,52.1198904448753,5833.57715617098,70859841.0
THA,2017,8.40641258665047,50.7688026428223,6413.09182530343,71160187.0
THA,2018,8.20181926195524,45.4156265258789,7099.77650081458,71376079.0
THA,2019,8.1285680400948,44.0733833312988,7605.69657797759,71522271.0
THA,2020,8.70610471503835,42.7641220092773,6983.03412836245,71641484.0
THA,2021,8.69539558179486,41.4912223815918,7055.18760721422,71727332.0
THA,2022,8.71589001488812,40.257625579834,6910.00995211206,71735329.0
THA,2023,8.55515003809495,39.0658073425293,7210.54130832685,71702435.0
TJK,2010,19.5866775137511,73.4725687036022,737.338883219356,7652141.0
TJK,2011,23.8355098416752,73.5207786560059,833.601978202852,7824785.0
TJK,2012,23.3268165616333,73.5897750854492,952.452819695469,8014084.0
TJK,2013,21.32088784652,73.5116844177246,1028.19704279396,8216724.0
TJK,2014,23.7737836738595,73.4366264343262,1081.54402932039,8425552.0
TJK,2015,21.5905747207608,73.521167755127,956.916310930656,8643840.0
TJK,2016,20.8569765086156,73.6281490325928,788.710481734485,8865631.0
TJK,2017,20.2832963188861,73.7268486022949,829.45714764957,9085946.0
TJK,2018,19.7719647842925,73.7661247253418,834.288404578801,9307333.0
TJK,2019,20.8670733588001,73.8699264526367,871.022372934846,9529966.0
TJK,2020,22.6904308448361,73.8074557671281,834.311715460625,9749310.0
TJK,2021,22.4490805460825,73.8008474848625,896.748053372182,9966908.0
TJK,2022,22.9348537040845,73.8042873384382,1052.17949484894,10182222.0
TJK,2023,22.8588621065173,73.8109872428571,1178.47990060249,10389799.0
TKM,2010,11.3405425561667,53.0828267752879,4058.53937000739,5564356.0
TKM,2011,8.88435455800276,53.0602462122142,5143.61929334647,5683417.0
TKM,2012,8.50146680237083,53.0396976892339,6053.8748468749,5808546.0
TKM,2013,8.47439420658294,53.0211548801848,6599.64529055481,5939341.0
TKM,2014,8.2954435522879,53.0045914589045,7164.14536184006,6075283.0
TKM,2015,9.30653875928778,52.9899810992305,5759.497903834,6215770.0
TKM,2016,10.5274383259738,52.9772974750006,5238.00827202546,6360041.0
TKM,2017,11.1178074761568,52.9665142600524,5125.54920055808,6507061.0
TKM,2018,11.0415688363389,52.9576051282235,3911.98557297865,6655524.0
TKM,2019,10.8735150244584,52.9505437533515,4365.1152919542,6803944.0
TKM,2020,11.5838634249365,52.9453038092741,3935.37749365223,6949912.0
TKM,2021,11.9345152162615,52.9418589698289,3713.20113171765,7092043.0
TKM,2022,11.0661103129735,52.9407896585074,5198.18947409551,7230193.0
TKM,2023,11.7692627442089,52.9321124945829,5298.46421949276,7364438.0
TLS,2010,25.5964077031504,70.3601159979584,813.060177250597,1084679.0
TLS,2011,22.160242931026,70.366647693549,939.045241112693,1110207.0
TLS,2012,25.7964939188578,70.3863917650395,1022.61903188429,1134885.0
TLS,2013,21.3199869831315,70.4163093746754,1204.56841532931,1158695.0
TLS,2014,21.0507074370281,70.4536907975959,1224.74957758801,1181903.0
TLS,2015,17.8277581390576,70.4956684991581,1319.59297370991,1205131.0
TLS,2016,17.0630746923768,70.5537092371829,1335.54390089814,1228312.0
TLS,2017,17.1293898636009,70.6399003212908,1266.17767952941,1251703.0
TLS,2018,17.7713577078907,70.751382489943,1219.46598597604,1275959.0
TLS,2019,14.1291551737167,70.8851244754783,1562.36458881813,1300945.0
TLS,2020,13.2621545207774,71.0380950102353,1630.86935439232,1326053.0
TLS,2021,8.67018187988423,71.2072628265528,2684.92673717299,1350139.0
TLS,2022,10.324624768579,71.4142707711032,2343.24955542816,1369295.0
TLS,2023,17.1798122405238,71.404528167048,1502.4114958903,1384286.0
TON,2010,16.4379858757354,76.5756380900822,3416.08356601207,107400.0
TON,2011,17.0659562210843,76.53924531633,3849.99375750134,107570.0
TON,2012,16.6359974823467,76.5410937364308,4384.17058724217,107460.0
TON,2013,17.0733080496623,76.5829204979656,4219.24670113014,107078.0
TON,2014,16.3195876391853,76.6568959064029,4136.59010898445,106609.0
TON,2015,16.8506590508632,76.7565577181561,4123.90347238813,106095.0
TON,2016,16.6067373060163,76.8722961494079,3987.98618837043,105524.0
TON,2017,16.8193728219433,77.0288699345034,4365.92929788648,105356.0
TON,2018,17.2484083539677,77.2982861074453,4675.04776047973,105567.0
TON,2019,18.5717274171571,77.6711844373794,4788.83350468584,105669.0
TON,2020,17.0936649170189,78.1233793176589,4792.35872413906,105704.0
TON,2021,16.5218701236255,78.741996102335,4922.8015864044,105490.0
TON,2022,17.4256295666446,78.852780548158,5298.01942454298,105042.0
TON,2023,18.9589244958951,78.852055458663,5651.59357939286,104597.0
TTO,2010,0.52014610527508,45.9100434036413,16815.424737361,1317714.0
TTO,2011,0.456542570355529,46.0746384525273,19151.0870229722,1328019.0
TTO,2012,0.623861527345923,46.0745946568382,20332.1389531925,1335194.0
TTO,2013,0.712770738302384,46.0744210036628,21304.9777496628,1340557.0
TTO,2014,0.668563339608001,46.0740300462207,21908.3014555644,1345343.0
TTO,2015,0.922053426020572,46.073334761978,19887.2327716498,1349667.0
TTO,2016,0.992434424479726,46.0722476915049,17449.1538801956,1353895.0
TTO,2017,1.08634326162954,46.0706813166167,17566.0999700656,1356633.0
TTO,2018,0.964517699370851,46.0685481065093,17571.498737278,1359193.0
TTO,2019,0.765052940992269,46.0657605267261,17212.6128892163,1363985.0
TTO,2020,1.06202921275842,46.0622310415194,15283.6270531554,1366725.0
TTO,2021,0.908362622380658,46.0578721146152,17712.5674104655,1367558.0
TTO,2022,0.762815650228413,46.0525962095002,20750.5202434652,1365805.0
TTO,2023,0.835855107201165,46.0463157895428,18308.4536298575,1367510.0
TUN,2010,6.846146170059,33.3719940185547,4291.86120891575,10765980.0
TUN,2011,7.57684450427472,33.0808113802143,4420.64772206537,10886035.0
TUN,2012,8.30025725587419,32.7901077270508,4297.26782454273,11009647.0
TUN,2013,7.96930864809374,32.5000457763672,4369.79345826358,11141361.0
TUN,2014,8.57165956609159,32.2475356620899,4458.97895464547,11274288.0
TUN,2015,9.20589918732503,32.1192092895508,4014.94773686432,11402264.0
TUN,2016,8.52541115305462,31.9376643471752,3847.80354448809,11528674.0
TUN,2017,8.986045690927,31.7122192382812,3619.03247319953,11650498.0
TUN,2018,9.88852551876126,31.4514759727491,3628.10366464236,11765514.0
TUN,2019,9.76625873287072,31.1793617423969,3528.87213306798,11875081.0
TUN,2020,10.3917002295357,30.8956833561524,3548.65363663803,11974057.0
TUN,2021,10.0900379034943,30.6002476229432,3906.93926319391,12048622.0
TUN,2022,10.8217247722212,30.292861351697,3707.29283414381,12119334.0
TUN,2023,9.47367928951245,29.9733313513416,3951.11683376921,12200431.0
TUR,2010,8.90737962747164,30.6528746058513,10698.9699409757,73142150.0
TUR,2011,8.1265846445357,28.9971276471666,11373.6355760885,74223629.0
TUR,2012,7.658344974583,26.2211319765676,11776.7593362033,75175827.0
TUR,2013,6.64997261417217,21.4781631615304,12635.5570016068,76147624.0
TUR,2014,6.53828042868413,16.3975149255567,12209.3862327674,77181884.0
TUR,2015,6.87689834308907,12.7832892027463,11064.6494504662,78218479.0
TUR,2016,6.26556196399699,11.8979041418224,10984.3643169061,79277962.0
TUR,2017,6.19642323537778,11.9679527282714,10756.3877677883,80312698.0
TUR,2018,6.00418639185492,11.8344250423827,9684.11819884721,81407204.0
TUR,2019,6.6541535628227,11.3381847142876,9395.23378001368,82579440.0
TUR,2020,6.89122590909685,11.0696885034778,8798.11791709313,83384680.0
TUR,2021,5.70488171636816,10.8237951846761,9981.76398411336,84147318.0
TUR,2022,6.69360961922604,10.9618835449219,10897.8397861365,84979913.0
TUR,2023,6.38984597795627,10.9781553203879,13375.0947282864,85325965.0
TUV,2010,26.2526592133255,44.9458673440036,3054.96154183353,10614.0
TUV,2011,25.5213358263488,43.9571229643269,3679.5325726267,10780.0
TUV,2012,19.8429043536568,43.1035096694552,3558.89749224226,10934.0
TUV,2013,18.9401127073419,42.3685663193641,3524.00277634143,11001.0
TUV,2014,18.2998089541933,41.7000403381168,3518.13249227107,10984.0
TUV,2015,15.940855929328,41.0851497347656,3352.66722400181,10963.0
TUV,2016,,40.5255231651715,3779.15293916285,10930.0
TUV,2017,,40.0468725089088,4166.79162422818,10869.0
TUV,2018,,39.4403590409223,4467.21144027065,10751.0
TUV,2019,,38.7593470781364,5058.85266607659,10581.0
TUV,2020,,38.0787389465063,5029.57159284173,10399.0
TUV,2021,,37.3901703574006,6042.51983141155,10194.0
TUV,2022,,36.6934231918846,5414.74642912412,9992.0
TUV,2023,,35.9882793310213,5143.8397437226,9816.0
TZA,2010,25.582406886144,71.8031046060895,736.530151367188,44758488.0
TZA,2011,24.9768644460885,71.134273594457,775.392761230469,46029367.0
TZA,2012,26.5509265207861,70.5121235402089,861.969909667969,47374260.0
TZA,2013,26.7908679172376,69.9274891217498,963.05712890625,48824128.0
TZA,2014,25.8025774475571,69.3556922829258,1022.74841308594,50351512.0
TZA,2015,26.745885729563,68.7938433407528,939.127319335938,52020962.0
TZA,2016,27.4441425717754,68.2422696757084,953.0107421875,53824013.0
TZA,2017,28.7534809528128,67.7012986682704,986.674011230469,55652890.0
TZA,2018,27.868599477377,67.1712576989166,1023.10626220703,57437145.0
TZA,2019,26.5943119516018,66.6524741481248,1063.32250976563,59174891.0
TZA,2020,25.254901665343,66.1452753963727,1117.41528320313,60972798.0
TZA,2021,24.7884506158783,65.6499888241381,1159.85656738281,62830412.0
TZA,2022,24.2569694569552,65.1765263622853,1207.52062988281,64711821.0
TZA,2023,23.6871473778631,64.5251980565046,1224.00219726563,66617606.0
UGA,2010,32.8680090776536,81.2009354455428,823.488144282,32390802.0
UGA,2011,28.9692474777902,79.9438971263369,835.620060555838,33354543.0
UGA,2012,27.177257747558,78.627630678747,795.222867553127,34337438.0
UGA,2013,26.0303237402959,77.2632340760729,818.285427416713,35337042.0
UGA,2014,24.8199759353437,75.8061496608174,896.054795546394,36395539.0
UGA,2015,23.4723696930371,75.0222143439573,862.934610355811,37531446.0
UGA,2016,22.6603227869887,74.3046432865902,752.696571725656,38799152.0
UGA,2017,23.4588353827426,73.5860739420454,765.218332297361,40177388.0
UGA,2018,23.2502935412734,72.8719524981116,792.16570022814,41565831.0
UGA,2019,22.9455088065564,72.1630218200597,822.171150036357,42999637.0
UGA,2020,23.9290337205103,71.4600247728498,845.766463890124,44457152.0
UGA,2021,23.8418038272172,70.7637042210978,882.791717542504,45910930.0
UGA,2022,24.0117220529553,70.0748030290335,963.067314117178,47312719.0
UGA,2023,24.0895746897278,69.3940640604505,1002.30913917142,48656601.0
UKR,2010,7.40220509822994,31.362602866643,3039.63232421875,46456003.0
UKR,2011,8.15022183877887,31.2765700173778,3656.69799804688,46307853.0
UKR,2012,7.76131248389414,31.1758016892261,3951.34228515625,46210056.0
UKR,2013,8.69230562102956,31.0673711917774,4129.89697265625,46126770.0
UKR,2014,10.1546081548161,30.9445660698687,3054.908203125,45972380.0
UKR,2015,12.0593761063371,30.8412682798663,2094.47387695313,45784896.0
UKR,2016,11.7257009089167,30.7897758390911,2158.46118164063,45616832.0
UKR,2017,10.1776550393512,30.7366891510718,2604.28759765625,45436041.0
UKR,2018,10.1395331070229,30.6842007222091,3059.0517578125,45208907.0
UKR,2019,8.96518101437243,30.6472351291265,3619.86157226563,44957458.0
UKR,2020,9.31015109807472,30.6160899483255,3709.76928710938,44680014.0
UKR,2021,10.8857721063269,30.5972967346104,4775.94580078125,44298640.0
UKR,2022,8.57297627041519,30.57654087897,4199.6708984375,41048766.0
UKR,2023,7.55194546256383,30.5245544972394,5139.59814453125,37732836.0
URY,2010,7.20206450749149,5.6666780524681,12641.0576849008,3318580.0
URY,2011,8.82916199856249,5.3963175243059,15132.2675725587,3326825.0
URY,2012,8.12177248512393,5.2393402453814,16259.5940814256,3335401.0
URY,2013,7.61620062705491,5.1155264857064,18335.2594772322,3345337.0
URY,2014,6.73546217242537,5.01021787894859,18322.4276767157,3356334.0
URY,2015,6.13144194290358,4.9199997701697,17125.9016800298,3368017.0
URY,2016,6.67871972637662,4.8414575044315,17009.7584207276,3379283.0
URY,2017,5.40639556316395,4.7711764267958,19184.6626114272,3388438.0
URY,2018,5.82386636841924,4.7057418823242,19249.9404677501,3394534.0
URY,2019,6.50279444770078,4.6520690917969,18315.7350377437,3397206.0
URY,2020,7.20670354093992,4.60023498535161,15757.5341990356,3398968.0
URY,2021,7.73427066102582,4.5502853393555,17881.8119616753,3396695.0
URY,2022,6.86639189064101,4.50225830078119,21009.2883798725,3390913.0
URY,2023,6.01413612088737,4.45603942871089,23378.6399733516,3388081.0
USA,2010,1.02943688973818,19.3002255326634,48642.6312088213,309378227.0
USA,2011,1.20055880447177,19.3042445743976,50024.8812320773,311839461.0
USA,2012,1.14932980065793,19.3162506613762,51708.3940614082,314339099.0
USA,2013,1.31815003575389,19.339110718785,53297.3862901595,316726282.0
USA,2014,1.16824049198161,19.3757768220234,55153.3940182967,319257560.0
USA,2015,1.02890409132672,19.4292010464909,56849.4697923159,321815121.0
USA,2016,0.937140437714336,19.5023354675869,57976.628204291,324353340.0
USA,2017,0.940362226343714,19.5981321607109,60047.7190728307,326608609.0
USA,2018,0.898498260790929,19.7195432012623,62875.6661382728,328529577.0
USA,2019,0.83262086291437,19.8695206646406,65227.9565911038,330226227.0
USA,2020,0.934873150907349,20.002548237452,64465.2971415748,331578104.0
USA,2021,0.942961672907101,19.9925234859728,71441.2319805947,332100166.0
USA,2022,,19.9675021760293,78008.6895811877,333996304.0
USA,2023,,19.928438880822,82586.7847707894,336755052.0
UZB,2010,24.0815269392886,48.6678352355957,1956.78127255673,28385506.0
UZB,2011,26.469076721652,48.6604499816895,2338.55462817306,28823196.0
UZB,2012,25.9172267873847,48.6640319824219,2573.95586785056,29261903.0
UZB,2013,24.5690997967973,48.8723030090332,2781.38869470315,29724065.0
UZB,2014,25.3540246715931,49.1131286621094,3021.00331668049,30222994.0
UZB,2015,25.7597922930163,49.3402671813965,3172.89899391083,30749346.0
UZB,2016,25.7139411156526,49.3427810668945,3128.42307170099,31284568.0
UZB,2017,24.7588478005735,49.3212623596191,2271.4730109511,31819178.0
UZB,2018,22.962221977009,49.4185028076172,1894.09088741408,32373490.0
UZB,2019,21.1335355089228,49.4079895019531,2128.66067138334,32964701.0
UZB,2020,21.5708620304833,49.2329597473145,2087.96374711792,33586372.0
UZB,2021,21.4018272914351,49.0730094909668,2370.36480555669,34243696.0
UZB,2022,20.3856963443599,49.0152587890625,2698.60262953369,34938955.0
UZB,2023,19.6622079976968,49.0035158885432,3015.97705069457,35652307.0
VCT,2010,6.26506875121356,53.9373604038785,6551.96835992405,109959.0
VCT,2011,6.33056361856909,53.81597071656,6527.68996854448,109349.0
VCT,2012,6.15236356773518,53.6936885176164,6713.80768643865,108736.0
VCT,2013,6.54391422693896,53.5680652963689,7072.46737188939,108135.0
VCT,2014,6.55414786949357,53.4420069531456,7168.82875342911,107535.0
VCT,2015,6.26030041907991,53.3154361272525,7353.73556054184,106960.0
VCT,2016,6.75105293320355,53.1883410488729,7656.90042881178,106349.0
VCT,2017,6.76902554291306,53.0607099481902,7988.04445019298,105663.0
VCT,2018,7.10938187118093,52.9325310553877,8428.12677153069,104926.0
VCT,2019,7.00321360289631,52.8037926006488,8740.59425232061,104167.0
VCT,2020,8.64273688810065,52.6744828141568,8351.20324040982,103526.0
VCT,2021,5.2074867781098,52.5445899260951,8641.27904024443,102841.0
VCT,2022,4.63941650660287,52.414102166647,9693.55867833025,102046.0
VCT,2023,4.20063280645518,52.2830077659959,10582.3656725229,101323.0
VEN,2010,0.0,11.1973627076018,13646.3046622664,28813101.0
VEN,2011,0.0,11.1920721095341,10843.9229703167,29185212.0
VEN,2012,,11.1598131456859,12582.0125686037,29553826.0
VEN,2013,,11.1213182960279,8642.37380007027,29912198.0
VEN,2014,,11.0836086474749,7101.15006382986,30254079.0
VEN,2015,,11.0460195920708,4096.61989137473,30573972.0
VEN,2016,,11.0085571621288,3671.23004093383,30765720.0
VEN,2017,,10.9712273899622,3791.63262049576,30565323.0
VEN,2018,,10.9340363078841,3421.51341607593,29807592.0
VEN,2019,,10.8969899482076,2523.11527549578,28938098.0
VEN,2020,,10.8600943432455,1506.04169391285,28444077.0
VEN,2021,,10.8233555253109,2004.93572921136,28237826.0
VEN,2022,,10.7867795267164,3155.04190923584,28213017.0
VEN,2023,,10.750372379775,3617.47038396528,28300854.0
VGB,2010,,53.6572128337374,,27675.0
VGB,2011,,53.0718177751064,,28710.0
VGB,2012,,52.4647503543474,,30345.0
VGB,2013,,51.8360196253459,,31703.0
VGB,2014,,51.1856346425573,,32962.0
VGB,2015,,50.5136044609153,,34498.0
VGB,2016,,49.8199381357578,,33878.0
VGB,2017,,49.1046447227654,,32699.0
VGB,2018,,48.3677332779117,,34657.0
VGB,2019,,47.6092128574214,,36395.0
VGB,2020,,46.8290925177355,,37135.0
VGB,2021,,46.027381315482,,37809.0
VGB,2022,,45.204088307452,,38319.0
VGB,2023,,44.3592225505781,,38985.0
VIR,2010,,5.4275607332997,39905.1284180994,108357.0
VIR,2011,,5.3446421136547,38997.1373164651,108290.0
VIR,2012,,5.2646408922117,37795.3192590675,108188.0
VIR,2013,,5.1894041806776,34597.9766940328,108041.0
VIR,2014,,5.1202929297512,33045.3643795999,107882.0
VIR,2015,,5.0586680901315,34007.3529411765,107712.0
VIR,2016,,5.00589061251711,35324.9748874586,107516.0
VIR,2017,,4.9633214476071,35365.0693039774,107281.0
VIR,2018,,4.9323215461001,36663.2087550584,107001.0
VIR,2019,,4.9142518586951,38633.5298915336,106669.0
VIR,2020,,4.9025975478707,39787.3741650202,106290.0
VIR,2021,,4.8395689389032,42571.0777368471,105870.0
VIR,2022,,4.7828485275588,44320.909185774,105413.0
VIR,2023,,4.72592090540761,,104917.0
VNM,2010,15.3750906872381,69.7495972741474,1683.16182443979,87455152.0
VNM,2011,16.2591484896283,69.3003958319004,1950.92504174913,88468314.0
VNM,2012,16.199507640393,68.8777220596971,2185.11767654291,89510356.0
VNM,2013,15.2156122465127,68.4665798275457,2359.51736472828,90573104.0
VNM,2014,14.8803489262722,68.0519730054546,2546.38464459903,91679578.0
VNM,2015,14.4747261789547,67.6189054634321,2577.56885340113,92823254.0
VNM,2016,13.8182553730866,67.1523810714864,2735.0604380416,94000117.0
VNM,2017,12.9298794852362,66.6374036996258,2956.10992127753,95176977.0
VNM,2018,12.3066684310428,66.0589772178588,3222.31003125366,96237319.0
VNM,2019,11.7845285540387,65.3760865000489,3440.90025375434,97173776.0
VNM,2020,12.6554035685556,64.4293323700258,3534.03953482647,98079191.0
VNM,2021,12.6030904652745,63.3459343573397,3704.1935590038,98935098.0
VNM,2022,11.8802998248459,62.4521484375,4147.69777213621,99680655.0
VNM,2023,11.8713266425191,61.8701095581055,4322.82572261566,100352192.0
VUT,2010,19.5427410917595,75.257495880127,2815.18828985779,238248.0
VUT,2011,20.8591539075539,75.2138365950987,3163.1861645138,243474.0
VUT,2012,21.6186956898294,75.1816448616067,3004.78416664293,248883.0
VUT,2013,23.1527878171594,75.1592637249737,3392.56675091682,254482.0
VUT,2014,25.5565710536183,75.1450362305225,3378.36411965135,260240.0
VUT,2015,23.3757039420756,75.1373054235758,3214.41948587141,266101.0
VUT,2016,22.5921642623816,75.1345124357127,3339.83436471043,272087.0
VUT,2017,22.954961314472,75.2355558543563,3585.31798081216,278507.0
VUT,2018,22.8862270194375,75.7270272954962,3626.18862522473,285259.0
VUT,2019,22.8278897154211,76.4975331082925,3635.62344878185,291985.0
VUT,2020,24.9982962483388,77.5813147905206,3404.30359167624,298858.0
VUT,2021,25.570905932076,77.7498177577525,3576.13770954363,305868.0
VUT,2022,26.9665542778012,77.7458750266893,3679.53524327491,313046.0
VUT,2023,25.5423185087831,77.7348033176099,3708.18942411253,320409.0
WSM,2010,10.1420948693988,80.1697898137915,3524.2479246203,193023.0
WSM,2011,8.74914768052862,80.3825726291854,3821.50678264479,194713.0
WSM,2012,8.99062542491428,80.521281631311,3934.60320799981,196498.0
WSM,2013,9.36698695177158,80.6134050379333,4023.5254013825,198268.0
WSM,2014,8.97743064055918,80.6873320519568,3982.68080202084,200037.0
WSM,2015,8.32395364948745,80.7659894616449,4084.36083819933,201782.0
WSM,2016,8.64439767739187,80.873537633251,4147.07097674888,203499.0
WSM,2017,9.90757564175906,81.0342808120169,4307.59381964907,205415.0
WSM,2018,9.14766033843446,81.2758732064533,4231.81409469194,207582.0
WSM,2019,9.10454875149409,81.5852655518717,4351.94234943706,209780.0
WSM,2020,9.53642989262121,81.9483391005278,4099.59660548583,211944.0
WSM,2021,9.67170140141047,82.4327573547993,4021.55934894283,213779.0
WSM,2022,9.35673735856576,82.4992050048961,4132.44717734444,215261.0
WSM,2023,9.85408517045162,82.4987200195398,4822.74084650019,216663.0
XKX,2010,9.45683318489999,62.070059201791,2987.54523493128,1788743.0
XKX,2011,8.13256820161268,61.9744815727863,3538.94809762524,1791949.0
XKX,2012,7.44545756610942,61.7703040773512,3410.65497983011,1807126.0
XKX,2013,8.43161126110458,61.3748250512062,3704.55812411167,1818119.0
XKX,2014,8.29870640805469,60.8061077238256,3902.49322261901,1812788.0
XKX,2015,7.67716823366887,60.082318845925,3520.62685324451,1788274.0
XKX,2016,8.17152319317784,59.2216251682198,3759.44777525332,1777568.0
XKX,2017,7.40871957581394,58.2421934414254,4009.32022064732,1791019.0
XKX,2018,6.53116433269115,57.1621904162571,4384.18796440547,1797086.0
XKX,2019,7.23866991904392,55.9997828434305,4415.6992744623,1788891.0
XKX,2020,7.36200975780916,54.7731374736609,4320.58382547288,1790151.0
XKX,2021,6.92330553068501,53.5004210576638,5269.69946181439,1786079.0
XKX,2022,7.3926054610264,52.1998003461545,5298.1473871027,1768096.0
XKX,2023,7.22045547613922,50.8894420898485,6220.33213919344,1682668.0
YEM,2010,9.87370902755356,69.3767151694669,1155.20305261418,26754387.0
YEM,2011,9.75264427533183,69.0762610532974,1186.47500581215,27582897.0
YEM,2012,16.9903322750241,68.7968160141372,1245.05068272078,28433647.0
YEM,2013,17.6849846837323,68.5572812055785,1378.75002954928,29312952.0
YEM,2014,17.6765738204232,68.1373837819082,1430.16420964026,30226309.0
YEM,2015,20.2059373997207,67.6116821297298,1362.1738120601,31159379.0
YEM,2016,25.0909130885165,67.0487991994764,975.359417003225,32109010.0
YEM,2017,26.9610663621827,66.4413087477825,811.165970405745,33090921.0
YEM,2018,28.7451403146812,65.7893954189136,633.887202451545,34085182.0
YEM,2019,,65.0932438267976,,35111408.0
YEM,2020,,64.2974395419698,,36134863.0
YEM,2021,,63.9295048743695,,37140230.0
YEM,2022,,63.6773689691705,,38222876.0
YEM,2023,,63.4292020163494,,39390799.0
ZAF,2010,2.10778749314158,37.3700879439431,7973.47195771517,52344051.0
ZAF,2011,2.04389308620297,37.149372245548,8646.05571071635,52995205.0
ZAF,2012,1.97670959546361,37.0383439696737,8076.97678479741,53782567.0
ZAF,2013,1.92684924597199,36.9475975902966,7331.65467384919,54678791.0
ZAF,2014,2.12574854869936,36.8647672934258,6856.73137092522,55594838.0
ZAF,2015,2.23397839045912,36.7903650062769,6112.27382485974,56723537.0
ZAF,2016,2.41418607394576,36.7249026560653,5651.20585165749,57259551.0
ZAF,2017,2.49379863849766,36.6688921700064,6618.33508255701,57635162.0
ZAF,2018,2.2607038266992,36.6228454753159,6914.1780318076,58613001.0
ZAF,2019,1.9503211452698,36.5872744992092,6533.71121032856,59587885.0
ZAF,2020,2.57866122238783,36.5626911689018,5580.60383075189,60562381.0
ZAF,2021,2.45787199667371,36.5496074116091,6828.75624590017,61502603.0
ZAF,2022,2.60577484985618,36.5233300789673,6534.24867783397,62378410.0
ZAF,2023,2.53517112309848,36.4176294836455,6034.27208964673,63212384.0
ZMB,2010,9.42094610981773,60.0441142290008,1451.10616017155,13965594.0
ZMB,2011,9.64805782176724,59.6315508174119,1624.86817763443,14437796.0
ZMB,2012,9.32163953570601,59.2301443178404,1710.05061343728,14913629.0
ZMB,2013,8.22652318427817,58.8317733764175,1820.71854827391,15398997.0
ZMB,2014,6.77959785217865,58.4365258341475,1707.48573136694,15895315.0
ZMB,2015,4.98083656431146,58.0444895320348,1295.87788680068,16399089.0
ZMB,2016,6.22847198956029,57.6557523110838,1239.08527877713,16914423.0
ZMB,2017,4.0242711937365,57.2704020122989,1483.46577328065,17441320.0
ZMB,2018,3.34112399209449,56.8885264766844,1463.89997855593,17973569.0
ZMB,2019,2.86077493680796,56.5102135452448,1258.98619844462,18513839.0
ZMB,2020,2.97263384548847,56.1355510589843,951.644316655957,19059395.0
ZMB,2021,3.00091831533747,55.7646268589074,1127.16077872857,19603607.0
ZMB,2022,3.09401583407622,55.4011488821531,1447.12310138035,20152938.0
ZMB,2023,2.23012034259343,54.9714146478415,1330.72780576709,20723965.0
ZWE,2010,9.60967815567222,67.2715474189946,902.010759067388,13356548.0
ZWE,2011,8.66645403643065,67.2432704223032,1037.77565157218,13595424.0
ZWE,2012,8.04450024819692,67.2068247871672,1239.22709745709,13817887.0
ZWE,2013,7.14500739499758,67.0980656830059,1362.99498323368,14013808.0
ZWE,2014,8.74496936761426,66.8371924029199,1372.91526173161,14207359.0
ZWE,2015,8.28483096141089,66.4387358233126,1387.12632595026,14399013.0
ZWE,2016,7.87358488271703,65.9200539273686,1408.13945253431,14600294.0
ZWE,2017,7.24788152959223,65.2985046982727,3445.44941020134,14812482.0
ZWE,2018,7.31920056282215,64.5914461192095,2270.89531874302,15034452.0
ZWE,2019,22.7056524805476,63.8162361733636,2184.52155388801,15271368.0
ZWE,2020,20.8470510913708,62.9902328439198,2059.63704025274,15526888.0
ZWE,2021,21.4856530160599,62.1307941140627,2613.6167414057,15797210.0
ZWE,2022,17.0612308931471,61.2944792830959,2536.40197087505,16069056.0
ZWE,2023,11.4948694011417,60.7080629204205,2195.22502010174,16340822.0
